variant,lib3,lib4,lib5,tp1,tp2,tp3
L63_,465,101,76,18,119,22
L63R,1263,166,206,1786,619,1429
L63H,657,122,108,775,184,2724
L63K,278,56,47,398,0,2
L63D,431,64,68,26,75,3113
L63E,390,71,72,2836,238,1361
L63S,2166,360,408,3305,821,5635
L63T,504,87,115,5,98,227
L63N,551,124,78,2976,474,3595
L63Q,460,58,77,76,33,60
L63C,1317,216,185,1416,718,8926
L63G,1283,176,161,2353,557,2679
L63P,1412,276,262,766,547,2891
L63A,406,70,56,1039,202,2862
L63V,1972,256,246,3172,495,7122
L63I,1043,177,143,4866,419,1598
L63L,2927,490,455,5072,956,5425
L63M,622,103,98,6,1,2635
L63F,1685,221,208,268,263,80
L63Y,906,175,146,1153,265,2577
L63W,1010,149,131,1,332,5
S64_,112,22,17,1,1,11
S64R,499,126,126,714,69,1127
S64H,70,16,16,2,0,1
S64K,184,27,33,0,0,2
S64D,118,21,8,2,0,1
S64E,278,36,55,134,1,549
S64S,253,82,116,345,206,2185
S64T,113,23,23,40,22,72
S64N,155,17,28,30,10,46
S64Q,123,19,24,1,0,0
S64C,224,69,57,572,41,4680
S64G,695,136,110,1045,184,4903
S64P,77,7,23,2,0,0
S64A,249,55,44,883,29,1155
S64V,337,64,52,747,269,1
S64I,189,49,56,32,121,78
S64L,264,63,61,600,173,1677
S64M,193,22,48,1,0,1
S64F,93,29,17,0,32,66
S64Y,118,30,26,0,0,2
S64W,301,81,75,1843,239,5661
F65_,37,21,19,16,0,23
F65R,75,34,34,0,33,304
F65H,47,24,32,0,0,3
F65K,156,75,77,598,43,22
F65D,101,70,54,138,35,0
F65E,169,78,77,2,21,519
F65S,67,36,35,13,25,31
F65T,65,30,26,270,90,0
F65N,53,29,32,275,13,419
F65Q,87,33,27,0,0,285
F65C,159,90,75,14,59,540
F65G,222,124,164,209,50,191
F65P,53,49,26,0,0,0
F65A,63,35,23,1,1,0
F65V,108,42,38,22,8,304
F65I,131,47,76,732,118,35
F65L,457,199,248,387,199,720
F65M,70,43,34,1,3,1
F65F,156,68,71,32,30,39
F65Y,247,106,103,299,79,1146
F65W,94,44,53,0,3,5
E66_,286,148,171,208,264,1644
E66R,1321,635,693,785,225,678
E66H,86,28,33,6,137,9
E66K,497,167,207,677,347,2763
E66D,228,100,129,59,42,381
E66E,28,2,3,31,8,37
E66S,431,250,277,510,187,428
E66T,568,279,268,1790,235,704
E66N,331,125,166,1,79,3
E66Q,466,217,237,658,85,50
E66C,158,73,81,2,0,0
E66G,886,476,508,752,208,1543
E66P,337,151,202,763,119,513
E66A,975,393,461,1184,475,2352
E66V,653,247,262,1735,192,1665
E66I,96,49,55,0,31,3
E66L,628,304,333,1850,215,2176
E66M,465,242,232,753,255,1268
E66F,68,37,29,237,56,0
E66Y,137,57,66,4,21,2
E66W,339,206,190,250,64,901
A67_,484,232,263,593,67,1546
A67R,1341,710,765,1476,559,2299
A67H,264,97,109,930,70,1667
A67K,492,262,288,1421,377,1561
A67D,137,55,48,8,4,511
A67E,659,294,374,1021,207,4092
A67S,929,500,469,1164,271,2450
A67T,390,247,233,674,161,1026
A67N,37,17,13,7,12,9
A67Q,656,249,310,161,128,2992
A67C,148,92,98,3,16,70
A67G,1936,1203,1141,3465,735,3803
A67P,402,155,181,49,141,936
A67A,1377,564,669,882,529,1257
A67V,1160,618,669,456,232,4258
A67I,232,119,131,2,0,506
A67L,893,358,355,1674,234,2223
A67M,191,104,95,5,24,8
A67F,119,77,78,1,21,682
A67Y,160,86,88,41,106,10
A67W,339,177,176,460,79,366
V68_,152,65,86,242,27,12
V68R,719,311,401,941,243,326
V68H,250,105,135,1,82,5
V68K,532,250,240,300,76,8
V68D,170,64,67,26,23,60
V68E,287,117,128,270,65,991
V68S,904,460,491,800,153,2158
V68T,211,88,110,0,6,1401
V68N,99,46,56,1,57,1116
V68Q,370,117,143,432,147,680
V68C,430,226,259,2,189,20
V68G,773,337,405,398,185,15
V68P,167,104,106,713,149,1047
V68A,1105,390,453,359,452,2766
V68V,1441,553,596,1746,524,2982
V68I,161,89,78,21,51,53
V68L,819,352,376,1108,207,429
V68M,240,105,98,5,14,2
V68F,184,86,111,288,80,543
V68Y,191,105,119,267,40,1417
V68W,415,165,185,534,147,1031
R69_,74,23,34,1,1,632
R69R,692,256,254,1009,247,1767
R69H,507,261,239,1082,109,697
R69K,127,58,59,260,78,376
R69D,49,18,16,2,1,0
R69E,264,111,138,3,77,3
R69S,481,205,274,275,172,2237
R69T,78,27,22,131,23,5
R69N,3,0,3,8,2,3
R69Q,13,2,7,3,0,0
R69C,200,64,59,342,25,75
R69G,542,237,208,380,127,32
R69P,445,159,168,1047,37,63
R69A,1240,514,629,784,447,2288
R69V,634,259,325,508,116,1835
R69I,114,48,41,433,32,10
R69L,378,200,168,44,65,560
R69M,30,5,10,0,12,448
R69F,148,58,64,0,32,7
R69Y,0,0,0,0,0,0
R69W,1018,507,504,70,52,77
N70_,13,0,2,59,5,28
N70R,0,0,0,0,0,0
N70H,0,0,0,1,0,1
N70K,34,14,9,27,7,24
N70D,32,10,5,31,5,73
N70E,0,0,0,0,15,2
N70S,697,353,328,1846,291,2164
N70T,4,1,2,5,0,3
N70N,26,4,4,27,6,28
N70Q,0,0,0,0,0,0
N70C,0,0,0,0,0,0
N70G,0,0,0,0,0,0
N70P,0,0,0,0,0,0
N70A,0,0,0,0,0,0
N70V,0,0,0,0,0,0
N70I,24,3,2,21,9,37
N70L,3,0,0,0,0,0
N70M,0,0,0,0,45,0
N70F,0,0,0,0,0,0
N70Y,13,0,4,21,9,20
N70W,0,0,0,1,0,0
I71_,111,38,63,6,47,283
I71R,751,281,381,713,299,1856
I71H,83,24,36,0,18,2
I71K,56,19,20,6,68,502
I71D,210,97,141,2,0,3
I71E,197,58,76,18,31,534
I71S,100,29,41,221,90,39
I71T,278,89,117,358,128,483
I71N,159,75,74,132,7,58
I71Q,60,11,24,2,0,194
I71C,160,60,98,661,105,368
I71G,578,270,315,428,221,1547
I71P,216,122,100,233,38,5
I71A,352,181,179,6,155,689
I71V,448,169,198,372,70,888
I71I,238,79,69,93,77,131
I71L,638,254,259,1078,134,196
I71M,93,9,25,11,2,421
I71F,152,47,69,269,7,378
I71Y,50,17,30,2,2,2
I71W,39,20,10,1,7,3
H72_,735,339,348,2189,324,1944
H72R,1340,604,630,1030,304,825
H72H,544,218,235,887,226,865
H72K,180,60,91,38,17,40
H72D,683,272,285,1772,216,1827
H72E,947,379,391,1515,146,169
H72S,1117,384,460,301,170,971
H72T,501,188,228,15,221,17
H72N,493,182,189,308,139,202
H72Q,799,321,342,626,70,1300
H72C,450,233,211,441,1,9
H72G,1186,640,583,1160,137,2432
H72P,818,340,360,466,88,1807
H72A,1039,419,436,186,279,466
H72V,889,452,427,922,139,1451
H72I,419,215,172,488,171,1698
H72L,2286,1130,1127,3949,599,2811
H72M,300,147,159,152,120,12
H72F,583,299,305,794,274,2396
H72Y,541,264,207,303,129,149
H72W,554,304,300,168,103,584
K73_,685,318,295,742,366,2438
K73R,839,336,417,683,160,485
K73H,240,120,127,6,11,1063
K73K,783,255,292,744,279,2132
K73D,766,336,378,651,265,1697
K73E,1009,316,332,751,490,2171
K73S,882,369,422,341,178,418
K73T,623,258,295,1048,333,2407
K73N,495,162,191,1269,261,1295
K73Q,263,129,162,616,65,19
K73C,454,186,189,972,49,397
K73G,1213,622,682,2361,412,3535
K73P,246,116,131,99,51,6
K73A,872,391,446,822,410,1894
K73V,1272,629,568,677,352,2661
K73I,482,202,218,1249,180,678
K73L,1028,532,564,855,247,958
K73M,596,233,272,527,163,875
K73F,490,252,220,747,362,1681
K73Y,380,186,181,26,190,1330
K73W,571,297,303,434,129,725
L74_,414,166,203,428,51,854
L74R,975,442,482,1051,386,1613
L74H,344,161,146,27,54,342
L74K,483,204,200,434,106,800
L74D,310,137,152,806,204,218
L74E,380,167,173,231,57,63
L74S,893,392,420,986,198,1671
L74T,626,311,276,893,2,8
L74N,294,145,159,4,51,940
L74Q,549,207,217,974,123,913
L74C,333,165,164,1918,167,700
L74G,566,258,273,282,109,1594
L74P,671,291,316,879,201,158
L74A,681,345,362,1047,229,914
L74V,644,300,328,177,288,469
L74I,295,157,122,608,139,712
L74L,940,379,373,991,245,843
L74M,446,186,223,423,204,1645
L74F,295,162,149,250,123,702
L74Y,308,152,154,279,108,405
L74W,184,84,80,208,113,9
M75_,499,212,240,493,166,260
M75R,2032,854,955,1850,349,1269
M75H,126,66,49,203,21,9
M75K,915,350,400,1187,248,3393
M75D,235,126,138,3,32,738
M75E,665,355,349,649,179,1839
M75S,1470,667,677,1857,489,3060
M75T,479,185,191,425,160,325
M75N,478,236,233,394,29,15
M75Q,257,90,101,19,149,483
M75C,301,130,171,3,65,470
M75G,1766,877,1018,792,185,1969
M75P,450,226,219,271,92,1
M75A,691,333,352,285,144,6
M75V,819,329,348,1390,445,2513
M75I,493,194,184,361,36,688
M75L,1923,858,902,2072,517,1677
M75M,0,0,0,0,0,0
M75F,205,91,106,2,51,3
M75Y,379,186,184,290,57,558
M75W,651,338,316,706,157,6
D76_,96,31,35,162,87,433
D76R,115,72,78,1,0,0
D76H,45,22,13,208,2,25
D76K,133,47,58,0,21,0
D76D,139,52,45,78,21,106
D76E,254,167,129,36,12,64
D76S,197,105,69,0,0,3
D76T,190,100,78,0,0,0
D76N,146,51,48,21,36,30
D76Q,56,17,14,206,1,0
D76C,115,57,59,0,0,0
D76G,397,206,223,67,155,97
D76P,75,43,24,64,27,0
D76A,146,48,36,95,25,126
D76V,205,57,84,29,26,60
D76I,90,62,30,0,0,0
D76L,198,90,99,0,0,0
D76M,118,56,61,0,0,0
D76F,17,5,7,0,0,0
D76Y,78,45,49,34,52,75
D76W,94,52,36,0,0,0
D77_,118,70,51,374,42,17
D77R,878,467,434,1170,232,2506
D77H,357,203,143,28,97,520
D77K,13,5,11,1,2,3
D77D,36,6,7,37,4,62
D77E,872,365,396,600,147,3351
D77S,852,384,393,1194,267,3613
D77T,1073,515,589,721,339,3889
D77N,79,30,20,40,37,307
D77Q,552,245,233,469,107,345
D77C,253,102,103,374,8,289
D77G,2454,1065,1235,3636,634,2732
D77P,472,235,260,24,22,470
D77A,1822,714,782,2971,489,3839
D77V,1648,816,746,2164,395,4780
D77I,180,88,75,3,39,2
D77L,635,326,281,9,105,5
D77M,218,100,110,1,29,0
D77F,676,328,228,450,195,2178
D77Y,497,164,187,858,164,1298
D77W,471,306,238,757,158,29
D78_,37,23,12,0,1,0
D78R,249,88,116,2,0,0
D78H,62,17,17,26,8,35
D78K,51,14,34,220,30,0
D78D,28,9,6,33,4,51
D78E,167,73,61,55,20,101
D78S,104,46,67,1,2,3
D78T,35,14,18,0,0,0
D78N,95,54,41,227,13,25
D78Q,49,22,31,325,0,0
D78C,9,6,3,0,0,0
D78G,398,197,194,166,36,25
D78P,28,11,13,1,0,4
D78A,195,78,79,387,40,1013
D78V,72,23,34,23,11,45
D78I,77,32,37,1,0,0
D78L,112,49,57,1,18,0
D78M,17,6,5,0,0,0
D78F,8,1,7,1,0,1
D78Y,85,55,65,20,45,36
D78W,102,55,40,0,19,0
A79_,378,213,184,671,180,69
A79R,845,391,341,378,87,1212
A79H,451,172,217,639,180,1217
A79K,234,116,110,20,29,496
A79D,936,398,358,1056,319,2783
A79E,389,207,205,30,59,1010
A79S,1277,624,591,1513,582,4645
A79T,636,320,289,839,191,1900
A79N,364,228,224,109,99,61
A79Q,166,60,77,13,65,19
A79C,747,473,388,854,200,2133
A79G,1196,566,636,1686,274,3704
A79P,749,328,357,67,130,503
A79A,1346,541,540,1094,304,2433
A79V,1103,543,582,1524,452,1867
A79I,534,304,248,810,136,2413
A79L,956,561,443,1885,321,1494
A79M,290,186,159,1288,160,1053
A79F,804,351,425,1096,267,2782
A79Y,446,231,224,30,61,45
A79W,509,317,262,280,63,1389
N80_,1197,594,641,2095,385,3527
N80R,2069,1091,1099,1029,531,1333
N80H,906,436,451,348,127,702
N80K,1691,690,691,1445,442,1263
N80D,1789,862,824,1535,230,1212
N80E,1231,562,630,1018,118,12
N80S,3450,1531,1582,3085,884,6127
N80T,1838,622,619,1894,399,1086
N80N,36,2,3,29,12,35
N80Q,797,405,406,292,96,823
N80C,1444,644,678,653,75,380
N80G,2944,1601,1701,2287,557,2410
N80P,839,456,402,805,155,1001
N80A,1481,660,681,1852,155,64
N80V,2589,1361,1348,1828,525,1264
N80I,1736,718,716,566,225,1823
N80L,2326,1085,1069,1427,141,1397
N80M,1392,665,750,1365,338,604
N80F,1385,693,611,523,189,69
N80Y,1802,821,833,1806,416,1842
N80W,1098,629,585,475,30,778
G81_,238,114,118,861,173,1586
G81R,676,306,267,29,123,45
G81H,149,54,56,205,31,0
G81K,181,98,130,401,26,0
G81D,368,167,181,34,84,46
G81E,293,136,124,291,78,204
G81S,690,259,308,1194,38,565
G81T,226,117,115,13,0,8
G81N,226,133,159,314,64,735
G81Q,153,63,73,0,24,0
G81C,488,243,249,80,66,75
G81G,553,237,285,520,144,214
G81P,120,56,74,4,25,3
G81A,390,149,165,37,70,50
G81V,776,318,372,1007,125,555
G81I,329,178,171,6,11,443
G81L,502,256,248,307,4,474
G81M,196,89,79,0,1,0
G81F,352,171,151,512,59,41
G81Y,291,134,166,24,6,1043
G81W,322,142,203,164,40,0
D82_,49,22,15,88,0,4
D82R,114,47,73,479,0,0
D82H,44,12,17,6,3,6
D82K,51,22,24,0,0,0
D82D,73,2,5,55,14,100
D82E,185,92,86,31,11,466
D82S,117,53,68,2,89,759
D82T,80,35,39,1,1,1
D82N,104,64,43,18,13,35
D82Q,19,13,17,0,0,0
D82C,79,29,30,4,0,10
D82G,262,127,142,1414,193,1617
D82P,37,11,15,198,0,0
D82A,129,52,60,372,4,41
D82V,214,103,101,194,55,81
D82I,37,20,21,9,1,1
D82L,115,50,60,624,44,475
D82M,28,18,19,331,45,0
D82F,42,27,14,1387,41,9
D82Y,81,41,44,41,20,46
D82W,69,38,34,424,0,378
V83_,692,347,337,761,279,1403
V83R,2325,1086,1163,218,356,1011
V83H,305,168,146,3,65,335
V83K,668,360,345,843,63,13
V83D,569,201,267,223,87,4
V83E,2064,1287,1152,1229,86,631
V83S,1456,693,622,1098,190,932
V83T,1351,888,822,638,141,1485
V83N,404,238,204,109,75,383
V83Q,736,348,296,547,31,9
V83C,1045,508,536,345,1,11
V83G,2696,1278,1379,2150,393,695
V83P,454,223,206,3,23,13
V83A,1247,568,600,485,267,458
V83V,840,341,394,69,197,316
V83I,674,313,290,512,151,1412
V83L,2198,881,1021,1105,436,1933
V83M,765,323,405,214,182,932
V83F,368,175,134,245,49,68
V83Y,141,83,60,6,17,8
V83W,982,472,543,548,173,15
D84_,335,137,132,237,77,420
D84R,1085,550,480,171,177,6
D84H,439,134,140,469,30,15
D84K,514,271,303,453,153,761
D84D,23,8,8,18,1,35
D84E,649,322,302,950,129,549
D84S,1275,634,621,2587,505,1857
D84T,985,526,496,814,254,2190
D84N,625,252,290,920,287,847
D84Q,300,117,145,227,46,0
D84C,696,303,369,922,131,1330
D84G,1758,898,919,1768,363,1041
D84P,306,131,119,4,9,4
D84A,795,293,291,277,183,705
D84V,1686,768,878,1343,279,1499
D84I,502,237,306,5,3,118
D84L,1251,467,570,602,122,448
D84M,408,223,192,1,35,0
D84F,635,231,266,389,58,310
D84Y,718,323,295,1143,143,770
D84W,482,246,331,201,79,2
V85_,411,212,196,1000,71,925
V85R,2153,940,1067,2999,582,5082
V85H,212,111,126,5,62,301
V85K,153,77,99,2,64,1
V85D,440,193,247,796,77,1079
V85E,539,285,264,987,31,495
V85S,852,455,470,1292,204,1824
V85T,392,196,227,504,174,1034
V85N,60,32,26,1,0,3
V85Q,386,223,191,1109,127,1248
V85C,395,168,212,135,84,733
V85G,2486,1216,1304,1408,603,2859
V85P,483,234,220,228,46,1270
V85A,1838,837,855,1760,535,3661
V85V,737,273,335,1178,169,376
V85I,214,94,97,13,0,23
V85L,1616,725,694,1169,534,2144
V85M,2697,1858,1455,592,62,1313
V85F,644,321,306,938,247,1171
V85Y,158,90,88,499,0,287
V85W,1047,490,471,1342,314,22
E86_,291,123,133,59,58,466
E86R,841,402,393,479,261,2467
E86H,204,94,74,166,117,78
E86K,265,90,113,31,44,66
E86D,244,94,96,556,51,126
E86E,801,338,331,705,418,413
E86S,343,162,154,15,3,87
E86T,255,92,121,71,14,2173
E86N,185,78,77,210,26,457
E86Q,189,88,91,16,29,42
E86C,252,92,123,255,111,13
E86G,662,419,354,678,151,2453
E86P,141,97,64,224,53,374
E86A,547,206,212,766,214,839
E86V,557,236,238,102,179,1506
E86I,67,39,25,4,55,46
E86L,337,123,150,574,62,414
E86M,189,94,83,3,2,1030
E86F,161,68,70,241,2,18
E86Y,134,56,72,100,27,558
E86W,278,108,149,107,2,487
E87_,1293,499,486,1216,548,3535
E87R,786,325,343,35,160,778
E87H,197,76,82,8,1,2
E87K,920,451,455,690,69,556
E87D,1314,551,599,670,115,1178
E87E,895,372,413,79,277,1074
E87S,2795,1368,1442,1995,332,330
E87T,1049,530,513,507,231,1
E87N,965,481,552,1501,254,637
E87Q,331,163,163,202,25,75
E87C,931,479,464,741,66,331
E87G,1796,877,819,1196,297,593
E87P,336,164,166,1,15,1
E87A,885,296,344,1231,125,1060
E87V,1830,736,796,1303,245,1163
E87I,1014,461,485,837,90,464
E87L,1252,571,543,893,59,31
E87M,490,234,234,245,1,49
E87F,2075,1011,912,1335,252,867
E87Y,848,399,396,807,96,28
E87W,622,242,256,1,46,10
S88_,761,364,403,2311,380,2267
S88R,2915,1282,1334,3384,1216,9766
S88H,623,325,342,329,139,753
S88K,456,249,228,224,167,972
S88D,1004,488,507,394,225,15
S88E,501,234,270,495,79,342
S88S,1398,576,632,1913,459,3323
S88T,293,81,91,531,105,465
S88N,185,80,70,31,13,81
S88Q,161,69,89,174,62,252
S88C,588,200,226,965,217,869
S88G,1965,845,843,912,423,1660
S88P,625,234,254,291,65,496
S88A,787,291,325,203,122,999
S88V,2789,1405,1513,4705,1522,7590
S88I,425,249,220,351,162,2093
S88L,1221,612,605,1946,411,2322
S88M,381,181,183,271,38,13
S88F,686,354,325,707,468,2784
S88Y,1583,808,806,2082,571,5110
S88W,1080,468,569,1687,319,2643
D89_,823,397,441,2101,221,3675
D89R,1812,936,901,2451,605,2920
D89H,651,254,290,923,304,1035
D89K,386,188,166,250,114,696
D89D,31,9,6,28,8,47
D89E,1279,550,604,1202,390,2659
D89S,2405,1197,1166,4716,1224,6193
D89T,727,300,341,1154,147,2639
D89N,1432,603,660,3471,683,4703
D89Q,356,186,172,790,116,2024
D89C,1291,605,624,2923,276,4430
D89G,2912,1408,1348,5692,848,12046
D89P,459,194,187,226,93,812
D89A,1030,359,389,1175,364,1551
D89V,9226,5872,5192,4203,991,8293
D89I,1472,648,670,1384,925,2694
D89L,1933,936,913,1918,808,4563
D89M,990,440,441,453,430,3820
D89F,1349,605,656,2446,406,3520
D89Y,1288,619,592,3377,472,3360
D89W,827,453,420,2914,561,2775
E90_,1044,407,445,2081,572,6344
E90R,2913,1170,1233,2173,685,3468
E90H,674,359,302,502,172,1828
E90K,417,172,165,1218,88,1159
E90D,1262,363,378,3806,422,3468
E90E,41,4,20,59,5,41
E90S,1475,671,698,2819,973,5479
E90T,1185,552,535,2836,784,3262
E90N,320,161,149,496,132,1055
E90Q,804,333,327,1593,296,2683
E90C,210,117,121,504,79,16
E90G,4145,1869,2064,6225,1353,8360
E90P,660,271,316,531,29,1015
E90A,1864,701,729,3290,721,7090
E90V,2094,782,792,3120,796,4177
E90I,414,205,201,476,197,2061
E90L,1263,580,614,3159,503,5201
E90M,1053,496,494,1616,405,1849
E90F,109,49,66,15,31,482
E90Y,211,87,108,25,86,41
E90W,939,408,422,1055,507,2314
F91_,36,18,20,0,1,1
F91R,100,56,54,0,0,1
F91H,41,16,18,226,0,0
F91K,74,25,16,1,102,0
F91D,86,49,47,1,37,317
F91E,54,21,18,0,1,3
F91S,174,65,83,19,8,400
F91T,77,34,33,0,0,1
F91N,39,26,23,0,4,0
F91Q,25,6,2,2,23,0
F91C,62,33,41,2,0,6
F91G,147,45,65,0,0,1
F91P,70,31,29,2,2,0
F91A,73,19,35,0,1,1
F91V,165,41,52,53,44,73
F91I,58,15,12,18,6,51
F91L,290,98,110,81,35,610
F91M,98,48,35,0,63,10
F91F,63,23,22,20,4,24
F91Y,99,25,49,79,32,41
F91W,62,23,26,2,8,3
L92_,12,1,4,0,0,0
L92R,24,30,22,6,1,4
L92H,15,1,5,0,0,0
L92K,10,1,7,0,0,0
L92D,5,2,1,0,0,0
L92E,7,0,7,0,1,0
L92S,19,11,15,0,0,0
L92T,6,4,1,181,0,0
L92N,3,1,0,0,0,0
L92Q,21,31,20,21,6,30
L92C,5,2,3,0,1,0
L92G,20,3,8,0,0,0
L92P,48,71,72,40,51,75
L92A,5,3,1,0,12,0
L92V,25,4,7,15,5,19
L92I,12,4,7,1,0,382
L92L,127,38,32,103,38,146
L92M,46,12,31,34,7,44
L92F,3,1,1,0,0,1
L92Y,7,4,1,0,0,0
L92W,11,5,4,0,0,0
R93_,12,8,4,0,0,1
R93R,112,39,39,28,60,298
R93H,9,10,8,0,0,1
R93K,60,13,7,38,6,29
R93D,31,17,11,0,0,0
R93E,56,26,37,0,0,0
R93S,184,90,111,77,28,107
R93T,53,25,17,463,156,828
R93N,11,2,9,1,0,0
R93Q,59,21,34,154,2,320
R93C,53,19,18,1,1,1
R93G,203,75,97,320,13,37
R93P,82,11,19,329,39,0
R93A,77,27,32,0,35,0
R93V,119,54,43,272,34,295
R93I,44,10,6,3,0,1
R93L,165,74,76,292,40,366
R93M,86,32,41,54,119,108
R93F,53,28,31,0,0,0
R93Y,8,3,6,0,26,0
R93W,83,42,34,28,4,46
E94_,40,16,18,30,11,48
E94R,56,24,36,0,0,0
E94H,5,0,1,0,0,0
E94K,92,27,28,47,52,70
E94D,57,17,10,22,17,49
E94E,55,20,24,20,6,40
E94S,23,4,8,3,0,0
E94T,23,7,4,0,0,0
E94N,12,5,1,0,0,0
E94Q,13,42,46,10,5,21
E94C,6,1,2,0,16,0
E94G,84,18,46,23,16,47
E94P,23,8,6,0,28,0
E94A,77,25,30,245,4,25
E94V,47,17,27,27,11,46
E94I,10,3,4,0,0,0
E94L,22,6,2,0,0,0
E94M,7,3,0,0,0,0
E94F,3,3,1,0,0,0
E94Y,6,0,4,0,0,0
E94W,21,6,1,0,0,0
D95_,402,138,178,1258,123,2157
D95R,799,301,377,1058,423,948
D95H,100,40,34,21,40,23
D95K,125,66,59,528,81,798
D95D,475,197,207,812,137,1042
D95E,317,95,100,278,44,130
D95S,646,365,337,1385,110,1614
D95T,309,158,180,3,10,2
D95N,228,68,88,168,80,984
D95Q,157,45,55,22,25,47
D95C,475,176,197,897,70,2905
D95G,984,425,417,859,259,1978
D95P,117,38,68,0,0,1
D95A,396,146,159,230,72,1622
D95V,835,356,312,1261,226,2671
D95I,323,166,163,568,210,846
D95L,258,111,109,85,41,436
D95M,196,57,81,364,34,333
D95F,269,126,109,14,32,531
D95Y,300,156,159,57,44,119
D95W,391,163,195,680,95,1325
L96_,318,145,144,761,188,2871
L96R,1471,627,646,755,329,548
L96H,300,136,154,286,20,1548
L96K,251,96,140,222,22,264
L96D,384,173,185,725,40,1705
L96E,576,276,311,427,45,743
L96S,1299,579,573,1495,125,790
L96T,438,186,190,2,24,2
L96N,261,121,106,340,130,720
L96Q,216,112,117,5,30,7
L96C,703,310,308,1542,291,2915
L96G,1760,861,887,2034,301,4247
L96P,571,236,272,618,114,397
L96A,883,375,389,1539,212,872
L96V,1643,597,578,1525,475,3921
L96I,628,274,298,68,157,490
L96L,1556,710,649,3944,578,5619
L96M,417,180,183,894,301,1068
L96F,1011,449,402,1174,179,536
L96Y,330,174,153,790,91,17
L96W,720,323,327,432,109,1684
N97_,940,382,458,3183,640,3338
N97R,2013,875,871,5940,1251,12668
N97H,347,171,172,487,237,379
N97K,1098,481,520,2409,650,6267
N97D,1051,459,466,1308,487,2864
N97E,818,385,382,2216,382,5400
N97S,2718,1158,1279,8747,1433,11616
N97T,598,284,282,2277,468,5071
N97N,14,3,2,17,5,22
N97Q,1078,507,458,4414,257,6833
N97C,736,262,267,1273,401,1933
N97G,3712,1795,1780,5985,1653,18135
N97P,289,137,151,6,134,1134
N97A,967,392,494,3341,706,4576
N97V,2686,1329,1333,8291,1546,14838
N97I,1355,464,587,2622,565,4585
N97L,2940,1460,1460,6693,1889,13219
N97M,1030,447,510,1232,467,2285
N97F,1010,402,348,3839,509,2756
N97Y,2026,435,441,3893,714,5063
N97W,1105,512,513,1705,667,7035
Y98_,519,156,166,1875,376,3640
Y98R,932,447,424,1691,539,4369
Y98H,108,50,51,31,10,196
Y98K,326,121,128,622,69,27
Y98D,166,107,110,193,31,895
Y98E,384,181,169,532,99,705
Y98S,696,321,306,2094,396,3552
Y98T,472,211,205,897,295,1260
Y98N,276,119,115,199,172,977
Y98Q,249,83,111,4,92,593
Y98C,314,155,161,679,163,81
Y98G,896,434,446,1273,149,1827
Y98P,375,196,162,896,63,3130
Y98A,520,240,261,1537,168,1153
Y98V,517,285,251,1303,248,2957
Y98I,152,56,63,149,95,1079
Y98L,731,290,249,1380,248,3844
Y98M,251,100,116,536,116,1799
Y98F,265,107,81,582,238,1237
Y98Y,235,103,70,1071,160,706
Y98W,269,121,117,222,90,504
Z0Z,168004,82993,87996,155779,43320,264617