variant,lib1,lib2,tp1,tp2,tp3
L63_,127,84,22,6,29
L63R,386,306,79,6732,24
L63H,192,139,131,5344,118
L63K,51,45,8,5,6847
L63D,144,79,56,1,10
L63E,125,106,1,2,994
L63S,785,550,19956,7995,2
L63T,194,132,1,5,0
L63N,181,81,9659,2,14
L63Q,182,135,0,14,7
L63C,385,295,10371,0,101
L63G,395,275,18479,15940,279
L63P,414,350,4449,13059,138
L63A,146,88,63,21,5
L63V,510,351,2834,1104,47942
L63I,300,145,11775,85,41
L63L,1032,706,497,26594,543
L63M,199,137,0,20915,2
L63F,408,234,8370,80,110
L63Y,252,198,11138,0,1121
L63W,169,130,5998,143,0
S64_,89,62,3,0,0
S64R,289,192,8399,141,1380
S64H,41,23,0,0,0
S64K,101,45,0,13,0
S64D,52,42,0,11,0
S64E,92,60,0,0,0
S64S,282,232,9191,116,96
S64T,87,68,30,23,30
S64N,81,63,72,6547,85
S64Q,74,45,9,0,2
S64C,153,93,2550,49,34
S64G,326,268,639,601,3220
S64P,33,24,1,0,0
S64A,137,104,1,0,0
S64V,249,186,0,1,82
S64I,97,66,102,103,124
S64L,135,92,2,0,1
S64M,83,59,1,0,0
S64F,37,34,1,0,308
S64Y,63,38,0,0,0
S64W,162,125,6784,0,648
F65_,70,49,23,197,4
F65R,134,122,1,2,1
F65H,34,24,108,2,102
F65K,57,49,0,4,5
F65D,91,83,1,44,0
F65E,118,95,1,8157,1
F65S,79,50,104,308,93
F65T,52,38,1,10432,0
F65N,102,87,0,8,358
F65Q,67,46,1,1189,1000
F65C,75,50,22,12791,13
F65G,134,134,3,29,22
F65P,60,38,0,1,0
F65A,52,56,0,3,0
F65V,105,61,70,120,81
F65I,124,94,81,104,80
F65L,331,275,7823,23283,7521
F65M,72,51,0,0,0
F65F,168,125,8990,8619,167
F65Y,171,117,2104,349,88
F65W,135,84,3,40,0
E66_,144,117,158,191,294
E66R,614,531,13719,2742,1326
E66H,51,23,5,5,2
E66K,216,195,8761,299,155
E66D,125,107,230,368,151
E66E,3,3,253,134,128
E66S,228,193,5900,54,187
E66T,269,232,4007,9030,2291
E66N,179,122,7409,4,375
E66Q,215,166,252,22745,190
E66C,101,56,6,3,0
E66G,472,387,20552,285,904
E66P,215,128,51,10119,5299
E66A,527,385,3991,8639,45652
E66V,352,233,6578,7738,139
E66I,62,46,7375,9,1
E66L,252,235,6326,42,205
E66M,232,188,9,9663,4
E66F,31,20,4,10908,0
E66Y,69,50,26,185,1
E66W,164,118,4402,7302,5
A67_,183,135,8330,28,408
A67R,510,338,12222,14743,145
A67H,89,68,8,5665,77
A67K,184,106,7569,6946,159
A67D,58,25,11,2948,42
A67E,245,144,456,208,638
A67S,364,283,23324,13806,282
A67T,165,134,499,819,427
A67N,12,14,5,8,0
A67Q,204,147,8597,52,23
A67C,59,56,6,8,9697
A67G,750,633,12205,25293,30698
A67P,146,87,5886,100,4993
A67A,425,345,8530,26397,34707
A67V,433,317,12368,4951,6777
A67I,64,49,31,1,0
A67L,301,213,3359,3278,4597
A67M,82,69,4,8,2
A67F,56,40,5266,7797,7
A67Y,44,43,25,36,1
A67W,124,95,5,16,3
V68_,68,88,58,17,9
V68R,386,331,12642,7932,57
V68H,107,82,3307,7491,164
V68K,207,158,1988,15791,4
V68D,82,58,9185,9537,159
V68E,154,126,104,160,1149
V68S,436,375,29818,8033,23792
V68T,126,107,6,8953,51
V68N,51,46,1006,20,4
V68Q,152,126,7576,9946,1599
V68C,242,214,12219,7,30
V68G,465,355,245,11090,2394
V68P,108,120,16534,63,3
V68A,440,353,3563,3168,182
V68V,600,520,10250,7066,18083
V68I,78,68,152,180,132
V68L,395,295,81,9260,55
V68M,147,149,16,10039,2
V68F,129,99,61,309,95
V68Y,83,60,5183,2,8
V68W,246,166,8,1,1
R69_,25,11,6,0,0
R69R,101,83,569,904,337
R69H,71,68,268,414,329
R69K,54,35,0,0,1
R69D,10,8,2,2,0
R69E,61,54,0,0,0
R69S,96,72,7974,238,186
R69T,26,16,10,4,1
R69N,3,2,2,1,2
R69Q,6,9,1,0,0
R69C,21,23,313,297,276
R69G,73,65,54,177,67
R69P,23,28,54,93,44
R69A,122,109,81,8733,2
R69V,65,55,554,9486,1
R69I,13,12,1,0,4
R69L,82,68,17283,853,140
R69M,2,8,18,2,1
R69F,17,18,28,1,1
R69Y,0,0,0,0,0
R69W,68,51,1723,43,2
N70_,1,0,0,17,177
N70R,92,67,0,0,0
N70H,0,0,9,13,15
N70K,48,20,1420,7451,161
N70D,18,17,212,173,167
N70E,25,27,4,39,14
N70S,395,296,142,9302,11358
N70T,32,22,16236,35,73
N70N,21,7,104,122,129
N70Q,20,9,0,0,0
N70C,17,22,0,0,0
N70G,68,82,0,0,0
N70P,38,31,0,0,0
N70A,85,92,7,8730,7864
N70V,45,60,0,0,0
N70I,19,19,123,122,113
N70L,38,50,0,0,0
N70M,37,24,0,0,0
N70F,16,12,0,0,0
N70Y,12,13,45,86,38
N70W,43,42,0,0,2
I71_,21,25,1,7754,4
I71R,190,131,8810,9176,0
I71H,29,23,14,4,0
I71K,19,23,7,36,2
I71D,55,36,1,8,4
I71E,46,24,0,1005,0
I71S,54,37,229,198,21
I71T,67,42,8067,187,134
I71N,38,35,146,286,92
I71Q,16,24,0,2,0
I71C,30,22,3,3,1
I71G,179,105,5,2,89
I71P,61,28,0,3,0
I71A,95,82,2,3,0
I71V,136,90,129,7868,124
I71I,56,51,330,9029,219
I71L,166,104,54,118,6
I71M,34,22,39,75,630
I71F,40,26,160,182,122
I71Y,14,18,1,28,0
I71W,40,37,0,1,0
H72_,286,227,21376,6055,22
H72R,613,488,13557,8026,180
H72H,198,161,8750,602,176
H72K,58,36,89,60,10
H72D,251,204,226,7395,91
H72E,392,285,140,14076,3968
H72S,393,320,15946,8794,192
H72T,226,153,49,4642,5
H72N,135,130,397,366,104
H72Q,272,225,945,500,227
H72C,152,133,26,8545,5137
H72G,520,415,9805,73,8
H72P,321,297,13115,16871,51
H72A,475,372,4554,659,10
H72V,399,287,1072,42,5
H72I,157,127,41,8551,0
H72L,941,698,17732,14157,1496
H72M,131,97,11,30,4
H72F,228,179,20108,6128,3
H72Y,169,150,12808,478,205
H72W,235,213,3771,44,19
K73_,121,103,1592,254,133
K73R,184,158,3049,185,227
K73H,60,33,8,3,16
K73K,117,86,7728,665,223
K73D,178,139,9068,80,8727
K73E,129,104,9803,248,591
K73S,131,130,12888,30,11
K73T,242,182,281,108,299
K73N,82,75,226,499,848
K73Q,66,60,238,5639,462
K73C,77,79,1901,4,1
K73G,240,235,37,7856,7169
K73P,70,45,502,1320,2
K73A,197,148,7826,11563,11
K73V,220,187,2,1368,15
K73I,80,71,84,15988,33094
K73L,212,194,8857,9041,908
K73M,107,90,138,12320,2566
K73F,53,53,1,7,8
K73Y,76,49,58,17,16
K73W,126,114,4,15,148
L74_,151,138,8720,8713,6
L74R,443,349,107,7434,322
L74H,145,134,1817,9124,14
L74K,194,150,127,5474,2297
L74D,115,92,4,7,7
L74E,153,153,45,9872,11516
L74S,329,258,7,17,31
L74T,295,212,5293,2016,106
L74N,115,88,9371,20113,0
L74Q,228,148,248,727,364
L74C,113,112,2,1,5
L74G,233,192,2,11,7771
L74P,260,243,635,508,230
L74A,311,238,123,19421,10577
L74V,289,227,8084,4608,379
L74I,124,77,310,454,5179
L74L,291,238,18548,949,844
L74M,194,146,3575,338,157
L74F,120,68,4810,5552,14730
L74Y,120,89,7,11,6
L74W,83,74,4363,1,341
M75_,39,53,37,10563,4
M75R,275,195,16183,863,2810
M75H,27,16,3035,0,0
M75K,77,57,6728,8580,143
M75D,24,12,2,1,47
M75E,90,68,1,7032,2
M75S,194,166,7341,5549,58
M75T,65,48,3915,287,1870
M75N,40,28,8461,2,0
M75Q,49,32,76,8,10
M75C,40,43,2,23,3
M75G,207,194,4913,29519,472
M75P,59,56,5810,4,3941
M75A,105,77,8,314,1
M75V,131,115,8202,25948,165
M75I,68,69,9506,381,333
M75L,259,204,4547,8822,1703
M75M,0,0,0,0,0
M75F,37,20,20,33,1
M75Y,57,40,1614,2,0
M75W,88,51,14,8052,4204
D76_,131,98,4,0,1
D76R,178,136,0,0,1
D76H,22,19,53,52,12789
D76K,109,104,0,0,0
D76D,65,69,503,2604,635
D76E,194,202,1063,130,147
D76S,184,124,1,0,3
D76T,155,139,1,0,0
D76N,117,80,99,104,119
D76Q,78,67,0,0,37
D76C,141,98,1,0,448
D76G,500,383,9177,366,2188
D76P,82,54,14,0,0
D76A,125,94,7889,21,19
D76V,181,153,243,184,149
D76I,127,124,2,0,1
D76L,178,156,1,0,3
D76M,96,57,0,0,0
D76F,23,12,0,0,1
D76Y,52,62,123,152,91
D76W,120,93,0,0,1
D77_,17,14,27,79,16
D77R,227,192,9353,19357,12
D77H,74,55,56,258,58
D77K,5,1,9,13,9
D77D,6,7,184,159,124
D77E,146,136,574,9057,239
D77S,140,144,871,36948,1319
D77T,180,147,51,4377,107
D77N,60,39,163,311,14554
D77Q,74,53,8,14244,4
D77C,29,33,3782,215,3
D77G,392,346,7553,29636,8085
D77P,69,57,2,9406,2
D77A,266,194,16047,8891,1846
D77V,316,224,32016,11006,568
D77I,37,22,26,31,30
D77L,120,81,123,190,39
D77M,35,19,789,1,1860
D77F,85,96,7841,30,11
D77Y,74,48,438,401,604
D77W,83,47,16179,4630,5
D78_,72,61,52,92,1
D78R,353,341,1,1,1
D78H,24,21,52,51,43
D78K,83,70,5636,4109,0
D78D,13,7,182,185,119
D78E,240,198,1113,261,167
D78S,228,190,0,0,1
D78T,105,79,0,7,2
D78N,160,132,180,185,116
D78Q,69,76,25,12,0
D78C,36,31,0,1,1
D78G,747,614,248,246,6046
D78P,72,66,0,0,0
D78A,232,194,25,23,82
D78V,176,155,7959,313,154
D78I,105,87,0,0,1
D78L,150,119,0,8294,2
D78M,21,21,0,0,0
D78F,41,43,5,90,0
D78Y,111,75,8940,203,151
D78W,171,137,0,0,0
A79_,134,120,11992,48,52
A79R,337,279,4646,7781,432
A79H,177,102,7487,104,28
A79K,73,69,12867,33,71
A79D,331,271,30793,21261,292
A79E,136,128,231,8094,91
A79S,486,405,17437,18754,24759
A79T,241,219,7454,16780,525
A79N,142,107,3323,7806,21
A79Q,62,52,28,13069,4144
A79C,268,242,119,25609,140
A79G,481,386,670,21117,14744
A79P,263,233,4217,269,567
A79A,489,379,2609,2187,40661
A79V,451,329,911,10614,1288
A79I,190,144,236,1150,6287
A79L,346,351,3205,19291,3685
A79M,141,118,9915,8904,5
A79F,254,198,15480,16093,104
A79Y,189,114,13852,153,1856
A79W,189,190,15165,3758,10
N80_,258,217,1603,6984,20
N80R,498,386,52,14764,34
N80H,194,183,49,123,29
N80K,336,270,318,9561,150
N80D,366,331,12308,334,11029
N80E,260,234,27163,75,21
N80S,645,547,18205,8958,45655
N80T,357,332,75,133,364
N80N,1,6,117,106,90
N80Q,162,158,10,7468,1
N80C,326,271,265,1449,131
N80G,708,569,24900,16499,21573
N80P,158,129,3,7515,5
N80A,332,227,14,8660,3024
N80V,626,472,6825,8804,124
N80I,279,239,7202,9509,446
N80L,528,359,13967,12489,348
N80M,283,282,7685,16593,158
N80F,303,296,8026,303,3497
N80Y,341,278,9450,10427,3779
N80W,250,232,312,5304,104
G81_,92,112,0,1,0
G81R,310,226,8382,17354,3930
G81H,65,37,2,2,0
G81K,85,66,0,0,0
G81D,174,131,8535,169,109
G81E,168,129,119,1,10
G81S,322,259,8291,151,123
G81T,108,95,8236,0,2
G81N,120,99,2,0,2
G81Q,68,64,0,4,0
G81C,254,185,255,387,222
G81G,265,213,417,575,397
G81P,59,75,11,2,7
G81A,172,128,404,40,4819
G81V,362,286,155,303,286
G81I,144,98,5,0,7
G81L,212,206,4,7343,3188
G81M,127,103,26,3,1
G81F,113,114,18,11981,19455
G81Y,122,96,1,5,656
G81W,138,116,50,6124,4
D82_,53,40,5,11180,16
D82R,152,132,7226,0,2
D82H,46,37,2171,34,18
D82K,36,21,11,2,0
D82D,3,8,115,118,126
D82E,161,153,165,432,139
D82S,117,133,204,3,4318
D82T,89,60,0,1,0
D82N,89,72,115,7624,95
D82Q,37,22,0,2,0
D82C,69,57,7912,4,741
D82G,301,245,694,5956,146
D82P,57,45,0,0,0
D82A,170,109,27,16,203
D82V,206,162,170,175,531
D82I,38,26,17,1,0
D82L,109,83,7,2,3
D82M,35,36,7,0,0
D82F,43,30,11,2,1
D82Y,71,46,161,415,129
D82W,83,67,44,4,0
V83_,140,99,7009,32826,32509
V83R,592,427,7607,16662,7230
V83H,74,49,8182,1,0
V83K,145,105,40,5931,14
V83D,148,131,93,2,6
V83E,280,200,425,511,6069
V83S,360,289,166,82,55
V83T,191,155,11285,5972,6
V83N,86,93,5561,4,2
V83Q,133,154,74,26,5
V83C,239,203,14584,13082,104147
V83G,646,511,35998,1136,61351
V83P,124,88,593,3821,0
V83A,339,247,264,5707,108
V83V,199,187,443,421,515
V83I,160,113,8592,601,2707
V83L,480,373,10764,19632,1404
V83M,166,109,12024,4212,16368
V83F,113,73,266,3277,364
V83Y,67,63,61,9,59
V83W,242,157,3168,392,2561
D84_,181,154,15373,8851,14
D84R,467,399,14210,3411,1
D84H,141,144,71,66,28
D84K,233,176,34,35,18
D84D,5,4,140,144,87
D84E,261,206,915,912,318
D84S,646,473,5835,4901,740
D84T,266,194,5,5828,5
D84N,218,191,12926,120,116
D84Q,120,120,31,4607,1
D84C,391,280,23480,81,1098
D84G,832,654,1647,7230,5207
D84P,137,102,3,8,4
D84A,293,218,422,275,13643
D84V,775,632,16809,25920,28043
D84I,269,185,6757,18,102
D84L,487,399,6410,18662,786
D84M,197,134,5843,16,4385
D84F,224,192,8539,135,48
D84Y,329,218,6654,333,161
D84W,206,176,2917,8236,2
V85_,116,88,5796,6968,839
V85R,690,454,13356,32803,221
V85H,27,39,3,7,26117
V85K,54,39,5,687,15
V85D,120,100,166,7629,183
V85E,169,166,2052,640,258
V85S,329,250,28571,28457,533
V85T,107,113,17,8257,3
V85N,16,18,3,4,1356
V85Q,131,104,116,9182,348
V85C,165,128,21,16448,10
V85G,888,651,12010,17488,6646
V85P,195,167,8267,7982,1628
V85A,485,407,13797,11903,293
V85V,208,181,597,632,734
V85I,48,40,3,46,19
V85L,395,333,13066,13590,2270
V85M,132,143,273,2634,389
V85F,108,123,84,138,21
V85Y,41,30,3995,6531,26
V85W,289,254,263,20309,18
E86_,235,221,625,6351,12675
E86R,822,662,19567,10160,25288
E86H,199,153,163,138,43
E86K,235,183,180,19310,130
E86D,227,180,1155,948,1434
E86E,431,426,8148,9577,1832
E86S,380,313,114,7168,255
E86T,262,210,68,5,1701
E86N,144,120,8,239,8
E86Q,139,128,7908,9264,105
E86C,216,185,6368,4226,388
E86G,738,606,9810,12097,8402
E86P,173,130,6209,1,2811
E86A,372,314,10283,71,15954
E86V,450,425,18202,8440,9844
E86I,72,78,187,157,12
E86L,352,233,622,298,4409
E86M,158,127,7468,110,4
E86F,115,118,6605,9332,57
E86Y,137,127,167,382,249
E86W,266,185,4000,12181,16
E87_,201,141,6712,8625,1180
E87R,155,149,541,8495,4103
E87H,32,31,21,7,17
E87K,136,104,11078,16217,16604
E87D,265,215,1512,691,459
E87E,141,120,15037,13684,4726
E87S,542,469,15149,10446,34775
E87T,180,141,29166,13,24
E87N,117,77,22615,14671,392
E87Q,74,52,82,57,60
E87C,209,131,119,7662,994
E87G,348,331,6076,26795,612
E87P,79,61,18,68,4
E87A,142,136,3970,17617,857
E87V,304,267,12480,2071,9001
E87I,153,145,8439,8067,60634
E87L,252,215,527,19216,27872
E87M,77,64,14640,12,96
E87F,279,204,464,13810,11147
E87Y,160,93,543,7766,344
E87W,106,92,7243,4030,26
S88_,289,222,1161,11907,48188
S88R,1197,983,44707,25032,9982
S88H,345,238,14695,23685,3010
S88K,282,218,9734,7322,647
S88D,405,281,12754,7747,675
S88E,315,210,7202,13358,5069
S88S,567,434,24395,6193,9117
S88T,117,83,550,10249,428
S88N,102,83,750,619,319
S88Q,103,87,6737,22,25
S88C,341,299,8474,2228,1012
S88G,1020,808,31320,15803,30742
S88P,285,229,170,7776,6384
S88A,370,354,29724,19525,47009
S88V,1223,1114,67253,78550,109811
S88I,222,164,9207,17090,363
S88L,659,510,20447,57266,22716
S88M,345,240,11651,12646,987
S88F,382,248,47653,4860,2486
S88Y,517,391,13094,16461,8490
S88W,615,490,16315,23135,1401
D89_,115,95,4391,53537,29
D89R,320,260,10071,10264,52969
D89H,110,109,17271,318,189
D89K,58,45,238,9229,118
D89D,10,7,191,186,134
D89E,220,172,20792,41635,18099
D89S,324,276,22947,21413,59693
D89T,106,82,6481,21500,7564
D89N,214,159,15810,9567,1166
D89Q,61,51,5580,5674,341
D89C,225,161,7243,13860,1141
D89G,469,374,48666,37012,27634
D89P,60,61,1510,210,39
D89A,176,134,1192,1209,2757
D89V,329,280,6884,14582,59569
D89I,208,155,20623,9223,732
D89L,285,245,726,32523,324
D89M,150,119,4062,8975,15594
D89F,197,146,11290,252,29837
D89Y,201,199,9080,5434,724
D89W,137,93,7258,1607,57
E90_,200,174,13912,13018,33062
E90R,516,386,17179,28430,928
E90H,156,122,13555,102,9941
E90K,112,58,3062,12615,169
E90D,173,132,693,9054,267
E90E,8,11,939,78,84
E90S,304,239,35015,11559,4158
E90T,260,219,498,8858,609
E90N,50,40,7306,82,12
E90Q,151,120,16191,308,308
E90C,62,50,2596,8989,6
E90G,849,727,50792,31219,13836
E90P,162,159,23,4590,7
E90A,414,346,18746,4110,242
E90V,427,388,17377,6072,94343
E90I,82,62,24834,3134,5
E90L,226,203,9898,12299,17665
E90M,227,184,159,12280,44
E90F,33,37,72,16,1
E90Y,35,21,141,26,13
E90W,209,154,9912,9799,75
F91_,149,133,77,1,2
F91R,422,344,4,90,7023
F91H,206,183,1,0,3
F91K,206,199,8018,0,2
F91D,296,199,1,2,0
F91E,195,151,0,1,0
F91S,589,489,6656,7606,106
F91T,259,193,2,0,0
F91N,86,67,134,3,1
F91Q,104,96,2,1,5
F91C,270,208,22,162,23
F91G,573,514,0,3627,4
F91P,217,154,0,3,0
F91A,217,147,52,2,0
F91V,427,354,2111,17472,12
F91I,132,106,165,196,173
F91L,498,413,384,8869,575
F91M,310,254,26,21,6975
F91F,129,97,140,333,96
F91Y,234,194,186,304,97
F91W,316,335,0,148,14
L92_,189,133,0,0,0
L92R,625,525,15,5794,30
L92H,297,208,0,0,0
L92K,183,148,0,0,0
L92D,124,112,0,0,0
L92E,128,125,0,0,0
L92S,385,307,2,2,0
L92T,371,307,2,2,12
L92N,175,123,0,0,0
L92Q,171,139,127,180,119
L92C,343,237,0,2,2
L92G,632,534,0,0,0
L92P,154,103,231,8442,200
L92A,293,219,0,0,0
L92V,475,392,61,100,85
L92I,297,209,11,3,49
L92L,270,191,464,470,455
L92M,224,232,7794,196,67981
L92F,130,91,4,0,2
L92Y,234,190,0,0,0
L92W,140,103,0,0,0
R93_,29,23,0,40,0
R93R,200,155,422,154,152
R93H,28,22,0,0,0
R93K,67,58,104,144,113
R93D,39,56,0,0,0
R93E,100,78,0,7637,1
R93S,193,151,197,272,151
R93T,86,66,45,55,26
R93N,24,9,0,0,0
R93Q,113,101,0,23,0
R93C,95,86,0,118,4
R93G,306,285,194,198,379
R93P,129,107,0,2,0
R93A,137,99,1,17,1
R93V,223,165,1,26,3044
R93I,34,34,2,53,1
R93L,239,188,0,42,6
R93M,55,58,136,183,95
R93F,95,65,0,7942,3
R93Y,23,5,0,0,0
R93W,160,154,139,192,130
E94_,61,44,240,184,115
E94R,334,257,297,0,1
E94H,14,4,27,1,1
E94K,37,31,8629,254,243
E94D,101,99,174,207,96
E94E,124,108,225,223,144
E94S,82,79,3,2,0
E94T,39,27,1,0,0
E94N,28,25,0,0,0
E94Q,80,55,109,55,38
E94C,28,17,0,1,0
E94G,378,311,219,4398,563
E94P,72,83,6022,0,0
E94A,151,133,75,19,11
E94V,215,156,152,994,136
E94I,42,32,0,0,0
E94L,90,74,2,20,0
E94M,131,105,3,1,0
E94F,59,47,0,0,0
E94Y,38,30,0,0,0
E94W,85,66,2,1,0
D95_,130,143,306,964,737
D95R,369,309,7717,10134,9567
D95H,20,20,71,54,59
D95K,52,36,42,3,10124
D95D,184,124,957,487,262
D95E,127,84,199,458,534
D95S,289,185,12441,21516,28
D95T,174,104,32,14,13
D95N,44,50,148,71,2724
D95Q,64,59,64,9164,1881
D95C,178,138,240,231,3
D95G,435,302,3343,154,156
D95P,47,27,8,5,8381
D95A,160,142,75,9920,13196
D95V,399,299,15729,355,8644
D95I,81,42,7264,39,2
D95L,96,62,332,110,139
D95M,105,83,13399,10,4
D95F,72,39,225,43,20
D95Y,112,70,273,159,5980
D95W,299,222,135,17,6
L96_,92,68,9,90,15
L96R,475,338,7253,794,143
L96H,80,60,108,131,108
L96K,72,45,0,7,4
L96D,103,79,6122,4,6
L96E,127,113,3041,1,2
L96S,340,249,8023,29,274
L96T,124,98,1,8,76
L96N,68,64,1,3,466
L96Q,70,50,13,1,30
L96C,195,141,66,23500,7
L96G,559,432,48,1174,3144
L96P,161,126,253,317,3717
L96A,269,195,10,7,4
L96V,446,296,8441,11694,114
L96I,165,101,182,259,176
L96L,463,339,1043,10939,9359
L96M,128,103,32,7613,10
L96F,203,138,7907,386,5697
L96Y,100,52,23,3806,2492
L96W,188,150,4129,5,0
N97_,113,76,2009,14624,47
N97R,238,196,18491,4877,59
N97H,50,39,1338,59,73
N97K,149,115,10488,472,275
N97D,117,109,25980,14425,358
N97E,96,81,7356,22464,151
N97S,322,234,336,23767,695
N97T,76,47,6506,137,304
N97N,2,2,79,76,64
N97Q,133,101,15633,8746,9758
N97C,65,71,8982,10688,47
N97G,478,412,25354,13685,1687
N97P,30,33,9,8,5
N97A,143,110,6359,17,1661
N97V,378,316,7115,42,9495
N97I,90,79,459,2851,256
N97L,364,280,8504,93,447
N97M,99,92,96,32,12
N97F,81,79,489,8931,585
N97Y,129,112,9993,1750,2555
N97W,131,106,303,1499,7670
Y98_,169,137,11697,2769,18702
Y98R,434,383,6921,24234,1962
Y98H,57,60,4681,8375,675
Y98K,146,111,3246,10063,27779
Y98D,113,65,621,667,396
Y98E,160,168,8055,22836,46
Y98S,294,214,9738,4701,4569
Y98T,207,172,3427,38228,2657
Y98N,100,67,592,14408,18965
Y98Q,105,80,64,112,94
Y98C,165,134,13900,269,653
Y98G,421,376,21676,37,88
Y98P,201,154,6591,16022,123
Y98A,254,198,1706,18981,74
Y98V,283,195,23333,11913,16432
Y98I,42,45,10429,18,52
Y98L,301,205,17190,989,28066
Y98M,90,83,85,185,2601
Y98F,81,61,10695,294,1697
Y98Y,59,47,1610,11433,10895
Y98W,145,107,8639,7914,34
Z0Z,73112,66609,1134274,1181248,870783