variable	mean	sd	2.5%	25%	50%	75%	97.5%	lfsr
beta[1]	-4.1579062075	0.7206500032844999	-5.5688640000000005	-4.6584575	-4.144114999999999	-3.662165	-2.75739425	0
beta[2]	-3.14657983425	0.6650431020651677	-4.451653	-3.5989325	-3.146545	-2.7006375	-1.8620377499999998	0
beta[3]	-1.79146649395	0.694708570164503	-3.1158247500000003	-2.2678175	-1.78688	-1.3267825	-0.4170391749999999	0.0055
beta[4]	-3.8599535425	0.715099408984135	-5.249491	-4.3439375	-3.85804	-3.393285	-2.4338917499999995	0
beta[5]	-6.0059100075	0.7048752946978231	-7.3880605	-6.461425	-6.017110000000001	-5.5263625	-4.611769999999999	0
beta[6]	-5.265594875	0.7117850464780305	-6.65398525	-5.7371324999999995	-5.27773	-4.776705	-3.86702625	0
beta[7]	-3.2515211675	0.6484171737937536	-4.530792249999999	-3.7002525000000004	-3.2468	-2.81315	-1.9651027499999998	0
beta[8]	-5.502068895	0.7605795031587331	-6.99581175	-6.019135	-5.518415	-4.9647825	-4.029634	0
beta[9]	-4.508735555	0.7043781685192367	-5.9303405	-4.966959999999999	-4.51415	-4.0294075	-3.1326975	0
beta[10]	-6.7402065375	0.6528858893669087	-8.01837625	-7.176465	-6.74223	-6.283899999999999	-5.524639499999999	0
beta[11]	-3.7449128075	0.6441275410974466	-5.0274987499999995	-4.1811	-3.744815	-3.3133550000000005	-2.48440275	0
beta[12]	-1.69250173483275	0.677608515805043	-3.017239	-2.1627850000000004	-1.694975	-1.23716	-0.35345564999999984	0.007
beta[13]	-1.73941591755	0.6492061813288953	-3.01082	-2.1646475	-1.73565	-1.29332	-0.4683258999999991	0.0035
beta[14]	-4.23229734	0.7305108493253679	-5.66410775	-4.736815	-4.2371	-3.7338	-2.821552	0
beta[15]	-1.464095677605	0.7197442704894939	-2.8585065	-1.9639725000000001	-1.4714049999999999	-0.98473825	-0.05147768499999915	0.0225
beta[16]	-3.44400669575	0.7164644445372919	-4.89261375	-3.9141275	-3.441945	-2.9752799999999997	-2.06545725	0
beta[17]	-1.6367095346365	0.5790714746667683	-2.79283175	-2.0146725	-1.619035	-1.24186	-0.5244293250000001	0.002
beta[18]	-5.5471951275	0.7333391155971087	-7.01597	-6.034015	-5.53665	-5.0398575	-4.1512575	0
beta[19]	-2.453605105695	0.677879744374562	-3.7435449999999997	-2.9234275	-2.466125	-1.9993375	-1.146425749999999	2.5e-4
beta[20]	-3.20169417375	0.6975809688288953	-4.568579000000001	-3.6629975000000004	-3.21408	-2.7204625	-1.8261909999999986	0
beta[21]	-6.5228548475	0.71863600855793075	-7.952720749999999	-7.0022775	-6.508315	-6.0332525	-5.1457827499999995	0
beta[22]	-5.9522599	0.7753879168199481	-7.44316875	-6.473645	-5.947735	-5.4276125	-4.4372750000000005	0
beta[23]	-3.03741054525	0.6575118052124826	-4.326066249999999	-3.4839075	-3.0410500000000003	-2.5820675	-1.7580479999999998	0
beta[24]	-7.2153058375	0.650943097046852	-8.50923725	-7.653429999999999	-7.218755	-6.7668875	-5.951099750000001	0
beta[25]	-7.2909277475	0.685436631274858	-8.6563275	-7.7413725	-7.2928999999999995	-6.8361675	-5.94477525	0
beta[26]	-6.7877985525	0.7005917287282378	-8.14598975	-7.2537125	-6.79113	-6.3114574999999995	-5.4229104999999995	0
beta[27]	-6.6048983675	0.6547452766867013	-7.8530755	-7.049849999999999	-6.620995000000001	-6.1643775	-5.306896	0
beta[28]	-2.1554446983	0.6333042874050344	-3.406583	-2.5796324999999998	-2.14551	-1.722645	-0.9329512499999999	0
beta[29]	-4.6831168825	0.7172922926358376	-6.121862	-5.1575475	-4.673435	-4.1773125	-3.3044019999999996	0
beta[30]	-2.5120178211	0.6508299654264605	-3.7864407499999997	-2.96882	-2.502455	-2.0811100000000002	-1.2309254999999997	2.5e-4
beta[31]	-6.796975385	0.7199237882216515	-8.20848275	-7.2735375	-6.805485	-6.3037624999999995	-5.400955499999999	0
beta[32]	-3.6643634775	0.7140707720941757	-5.05593425	-4.1316825	-3.68689	-3.1882475	-2.24642425	0
beta[33]	-2.13031646795	0.6671671909645509	-3.4559975	-2.5774725000000003	-2.13138	-1.68615	-0.8605953499999999	5e-4
beta[34]	-7.2488395225	0.5828727065401632	-8.360245	-7.635674999999999	-7.246615	-6.8639625	-6.10088525	0
beta[35]	-7.5971626875	0.7734772731572178	-9.134795	-8.11152	-7.59959	-7.0714425	-6.10924375	0
beta[36]	-5.393737625	0.7181366638611368	-6.761186250000001	-5.891375	-5.38991	-4.9043725	-3.98398175	0
beta[37]	-2.93667883725	0.7419539091804541	-4.403689	-3.4250725	-2.9352099999999997	-2.4218975	-1.4765632499999999	0
beta[38]	-5.8061692675	0.6752752918816853	-7.105553250000001	-6.2606825	-5.80751	-5.337545	-4.4928105	0
beta[39]	-7.7249985	0.7273116559877781	-9.12117175	-8.21886	-7.72663	-7.238272500000001	-6.274821499999999	0
beta[40]	-3.7630818775	0.7028175960376031	-5.17254025	-4.2268825	-3.7615999999999996	-3.2937674999999995	-2.40312825	0
beta[41]	-7.08488996	0.7030169686400162	-8.4533985	-7.561095	-7.082735	-6.6152075	-5.73473575	0
beta[42]	-4.866485035	0.7438757537759	-6.355792750000001	-5.364285	-4.865805	-4.376765	-3.42346875	0
beta[43]	-5.4158105225	0.6978878844026103	-6.7644150000000005	-5.885925	-5.420590000000001	-4.9423	-4.042143499999999	0
beta[44]	-6.5933482125	0.7676532654626848	-8.099908000000001	-7.11469	-6.60413	-6.073565	-5.06317875	0
beta[45]	-6.409946885	0.7128107280189755	-7.86522425	-6.8915975	-6.396905	-5.92177	-5.06124975	0
beta[46]	-6.10174522	0.6721131437924844	-7.407228249999999	-6.5640025	-6.10028	-5.6422675	-4.7897965	0
beta[47]	-6.2622188925	0.7019059904816798	-7.65353	-6.73508	-6.24818	-5.79308	-4.917389	0
beta[48]	-5.45079012	0.741445421266099	-6.9476017500000005	-5.9474875	-5.448	-4.955005	-4.0078415000000005	0
beta[49]	-2.577436279575	0.706128033360181	-3.9385114999999997	-3.0546675	-2.56649	-2.0939200000000002	-1.1964862499999998	2.5e-4
beta[50]	-5.79390584	0.6449773473001795	-7.0607745	-6.2243725	-5.783205000000001	-5.3508925	-4.561393750000001	0
beta[51]	-5.9693369525	0.7081864848495549	-7.3700855	-6.4443425	-5.97013	-5.505025	-4.58197725	0
beta[52]	-7.1099477875	0.6851950578037892	-8.45271	-7.575435000000001	-7.126595	-6.6509575	-5.766629249999999	0
beta[53]	-3.7246007675	0.7618037341933235	-5.2354667500000005	-4.2407200000000005	-3.73154	-3.2067925	-2.2541037499999996	0
beta[54]	-5.0303111225	0.668788182546868	-6.35716025	-5.48072	-5.01579	-4.5854175	-3.7219974999999996	0
beta[55]	-7.8482463225	0.6934911569658245	-9.196511749999999	-8.3158975	-7.853785	-7.382215	-6.51719425	0
beta[56]	-6.8356436799999996	0.7064581200337704	-8.198615	-7.3280275	-6.828989999999999	-6.349504999999999	-5.48410175	0
beta[57]	-3.4334809995	0.7399724541075238	-4.9074089999999995	-3.9427450000000004	-3.424225	-2.93847	-1.99089625	0
beta[58]	-3.5869742425	0.6869123847819809	-4.8825762500000005	-4.05312	-3.58861	-3.1253475	-2.1901784999999996	0
beta[59]	-1.29617128597675	0.6688200241646116	-2.56097875	-1.7636675	-1.298225	-0.84845025	0.028154800000000348	0.02675
beta[60]	-7.3251737825	0.6798488470380168	-8.62433125	-7.792285000000001	-7.33167	-6.8740049999999995	-5.97512025	0
beta[61]	-1.213584307775	0.6413843281129477	-2.47887575	-1.632065	-1.20579	-0.7880367500000001	-0.007950611249999785	0.0245
beta[62]	-2.8686131385	0.7600426977105201	-4.33176425	-3.3821125000000003	-2.8665450000000003	-2.3680525	-1.3418895	2.5e-4
beta[63]	-6.324033645	0.5730727557013124	-7.46101575	-6.7081349999999995	-6.31926	-5.9345075000000005	-5.2148375	0
beta[64]	-2.2808346078375	0.6301497359046265	-3.5042995	-2.7106975	-2.27684	-1.8686025	-1.0579597500000002	2.5e-4
beta[65]	-2.99588305625	0.6855399561060812	-4.3091	-3.4535149999999994	-3.01297	-2.5440975	-1.6036657499999998	0
beta[66]	-6.3822061525	0.6644321727713624	-7.6645069999999995	-6.82999	-6.38429	-5.948625	-5.06699625	0
beta[67]	-2.350643356925	0.7404676903731996	-3.79010625	-2.8567925	-2.34835	-1.8652224999999998	-0.9066548999999995	0.001
beta[68]	-1.8650008373	0.712603234432677	-3.2020764999999995	-2.35642	-1.8588200000000001	-1.4023525000000001	-0.4403094249999995	0.00475
beta[69]	0.9076615068470499	0.5378575561196794	-0.134087425	0.54196725	0.900362	1.272635	2.007962	0.044
beta[70]	-3.7835177475	0.7350621847128986	-5.226357999999999	-4.2669125	-3.779185	-3.302595	-2.3676732499999997	0
beta[71]	-4.3272042935	0.714496514588233	-5.73113375	-4.791152500000001	-4.3174399999999995	-3.857055	-2.9399845	0
beta[72]	-4.196355105	0.7046192853997315	-5.620672750000001	-4.6527325	-4.206935	-3.72128	-2.8196392499999994	0
beta[73]	-2.4563599084325	0.7071482362659945	-3.803646	-2.9398275000000003	-2.46347	-1.9847899999999998	-1.0472887499999992	7.5e-4
beta[74]	-5.01966885	0.7090784100091914	-6.388862250000001	-5.485524999999999	-5.02208	-4.548462499999999	-3.639472999999999	0
beta[75]	-2.1132367758	0.6822305791078218	-3.44228125	-2.5635200000000005	-2.127375	-1.6351825	-0.7712217249999996	0.00175
beta[76]	-3.5827604175	0.6334843242878072	-4.81603675	-4.002612500000001	-3.5978849999999998	-3.1618475	-2.2915827499999994	0
beta[77]	-1.1223273886125	0.6157874068173329	-2.34898125	-1.521995	-1.1106	-0.7210160000000001	0.07106104500000009	0.03275
beta[78]	-2.66508820413	0.7188405427312661	-4.06351525	-3.1575	-2.66918	-2.187985	-1.2458825	5e-4
beta[79]	-5.7817785075	0.7117769618102563	-7.1828735	-6.270445	-5.770630000000001	-5.289185	-4.4251879999999995	0
beta[80]	-3.01545994575	0.6930914390814625	-4.37620375	-3.4560649999999997	-3.001045	-2.555605	-1.6364777499999996	0
beta[81]	-3.913318655	0.6301869734532906	-5.1565395	-4.3340375	-3.9082100000000004	-3.4940625	-2.7094374999999995	0
beta[82]	-4.9323565525	0.7218325435372928	-6.348216	-5.4198175	-4.92769	-4.4245149999999995	-3.586654	0
beta[83]	-4.2835085725	0.7005923466445243	-5.658284749999999	-4.7603100000000005	-4.286905	-3.81373	-2.9221589999999997	0
beta[84]	-3.668259055	0.6520271195471956	-4.925007	-4.1142825	-3.67591	-3.2183199999999994	-2.359539249999999	0
beta[85]	-3.392169905	0.7419483204512606	-4.877366	-3.886085	-3.38398	-2.8922300000000005	-1.9108415	0
beta[86]	-1.413585632075	0.65120712805771	-2.6944125	-1.8540575000000001	-1.41154	-0.9799845	-0.18416387499999928	0.013
beta[87]	-4.0981037	0.7668126351231818	-5.5652375	-4.6256975	-4.109845	-3.5696975	-2.606529	0
beta[88]	-4.2211419	0.6950655363908574	-5.624691749999999	-4.6881725	-4.21426	-3.7569524999999997	-2.8891384999999996	0
beta[89]	-2.57151716175	0.6984826252092079	-3.9417857499999998	-3.0421824999999996	-2.58516	-2.1033275	-1.1589982499999998	0
beta[90]	-1.76863320739	0.7321912364621027	-3.16917075	-2.2568099999999998	-1.7765300000000002	-1.2749875	-0.31375312499999974	0.00825
beta[91]	-1.4117753424075	0.7111148898701911	-2.7976622499999997	-1.8935350000000002	-1.42025	-0.91279	-0.07244808999999997	0.01975
beta[92]	-1.391641819555525	0.654012312283322	-2.65976375	-1.8274774999999999	-1.393245	-0.95656525	-0.13228414999999993	0.0175
beta[93]	-5.8728949525	0.5723021359700725	-6.999441	-6.2624225000000004	-5.862690000000001	-5.487395	-4.76013875	0
beta[94]	-2.1591849415625	0.6657057720855655	-3.4378725	-2.6129575000000003	-2.1684650000000003	-1.705295	-0.8359263999999997	0.00125
beta[95]	-4.4234860275	0.658246116772713	-5.71441175	-4.8763125	-4.42909	-3.9699675	-3.1389479999999996	0
beta[96]	-0.918018828206	0.6063476191892188	-2.12090475	-1.32114	-0.913756	-0.5147945	0.29304170000000035	0.06375
beta[97]	-1.37955506915275	0.7005660681905336	-2.7082687500000002	-1.8571175000000002	-1.3725	-0.9152542499999999	0.025362320000000427	0.02825
beta[98]	-0.330865045862175	0.538584335165631	-1.3939807499999999	-0.697677	-0.3290475	0.02277125	0.7322198750000001	0.263
beta[99]	-1.334329768822	0.6440891613747258	-2.5919065	-1.77851	-1.346645	-0.893098	-0.07833978749999986	0.01775
beta[100]	-5.24751842	0.7698965034180222	-6.784962	-5.7644850000000005	-5.2508	-4.72801	-3.7505574999999993	0
beta[101]	-0.893536090155	0.5999605398766997	-2.0782797499999996	-1.297715	-0.8991845	-0.49054725	0.3025575250000001	0.0715
beta[102]	-5.134674995	0.7032027278791481	-6.537672499999999	-5.593892499999999	-5.1288599999999995	-4.65447	-3.77685375	0
beta[103]	-5.0006359825	0.6199343855793863	-6.2347485	-5.415165	-4.992039999999999	-4.5825925000000005	-3.792976	0
beta[104]	-4.84231453	0.7322482108963251	-6.27662575	-5.3341875	-4.831155000000001	-4.3392824999999995	-3.4129444999999996	0
beta[105]	-5.4982077225	0.7032132844526232	-6.92326	-5.955010000000001	-5.510675	-5.0160475	-4.12280125	0
beta[106]	-4.0552516425	0.6262503854650716	-5.28285075	-4.4752475	-4.054869999999999	-3.6369575000000003	-2.8281834999999997	0
beta[107]	-2.096454745725	0.6026003863293105	-3.2790227499999998	-2.503785	-2.10654	-1.698265	-0.9151681749999999	0
beta[108]	-4.0963457	0.6181266423696777	-5.3283292499999995	-4.5031324999999995	-4.086475	-3.6791224999999996	-2.9098604999999997	0
beta[109]	-4.938742275	0.6408079989059037	-6.197123749999999	-5.363967499999999	-4.926155	-4.507317499999999	-3.690067	0
beta[110]	-0.857249928864	0.6567744816628273	-2.16941025	-1.2973474999999999	-0.8730614999999999	-0.42020075	0.43712510000000004	0.1015
beta[111]	-3.13098529625	0.6523381465989232	-4.3915875	-3.5682175	-3.1322200000000002	-2.6806949999999996	-1.8920999999999997	0
beta[112]	-2.43675258405	0.6348169773541382	-3.67876975	-2.8734675000000003	-2.43404	-2.0161724999999997	-1.16563125	2.5e-4
beta[113]	-4.9508609975	0.6798622197273377	-6.346052500000001	-5.4034625	-4.94864	-4.493535	-3.6238007499999996	0
beta[114]	-5.049250185	0.5622671397099119	-6.15853825	-5.43802	-5.03432	-4.6753025	-3.944484	0
beta[115]	-3.79448673	0.6502856325872064	-5.0856845	-4.23072	-3.78263	-3.3568949999999997	-2.54766125	0
beta[116]	-3.33384813025	0.6445243625208869	-4.59306125	-3.7499875000000005	-3.337045	-2.8999275	-2.0690234999999997	0
beta[117]	-3.18162425	0.6694584979353472	-4.506081249999999	-3.6304049999999997	-3.18622	-2.72425	-1.86573875	0
beta[118]	-4.2633663925	0.6967174182415219	-5.6470215	-4.7286425	-4.267405	-3.7883224999999996	-2.900202	0
beta[119]	-2.13741883287	0.6862081372022686	-3.490411	-2.5884275	-2.150455	-1.689945	-0.7577761749999998	0.0015
beta[120]	-0.842695530959675	0.5929030682095008	-1.97245275	-1.2356075	-0.8524035	-0.44743499999999997	0.32396340000000007	0.07875
beta[121]	-2.1782356483	0.6371418253501949	-3.451841	-2.6150450000000003	-2.172915	-1.7429775	-0.929935225	2.5e-4
beta[122]	-2.16676168235	0.6221614106243646	-3.3340944999999995	-2.5902775	-2.1726	-1.746585	-0.9489057249999999	2.5e-4
beta[123]	-3.6894339975	0.6613736651384595	-4.96913675	-4.1453475	-3.6921049999999997	-3.23287	-2.4255329999999997	0
beta[124]	-2.468737390063	0.6971733128046709	-3.8194207499999995	-2.93778	-2.467665	-1.992805	-1.0932685	0
beta[125]	-2.75879042225	0.663999848416218	-4.02821725	-3.20392	-2.7604949999999997	-2.31045	-1.4908544999999997	0
beta[126]	-5.6762366775	0.6392200795823954	-6.918666750000001	-6.118062500000001	-5.67582	-5.2452675	-4.4285335	0
beta[127]	-5.9187657125	0.6186807609959674	-7.124689	-6.337314999999999	-5.92482	-5.4998175	-4.723259999999999	0
beta[128]	-0.73118927444125	0.6054928168654043	-1.879595	-1.140175	-0.734795	-0.32925899999999997	0.45790105000000036	0.1185
beta[129]	-0.9863573044477499	0.6589103796048379	-2.2995565	-1.446235	-0.9885815	-0.5402977499999999	0.28615507500000015	0.06725
beta[130]	-4.189799375	0.7283944853866247	-5.641767000000001	-4.6739875	-4.174925	-3.6941949999999997	-2.77823275	0
beta[131]	-4.981484515	0.6521725262813316	-6.257053	-5.43156	-4.980085000000001	-4.5463450000000005	-3.7047519999999996	0
beta[132]	-7.0724864525	0.7195617457209046	-8.4676625	-7.54471	-7.068770000000001	-6.6138175	-5.59680875	0
beta[133]	-0.775180454839275	0.6608578955656552	-2.024628	-1.2273625	-0.7812950000000001	-0.3177985	0.47438307500000026	0.12275
beta[134]	-4.5082950725	0.7116708361899247	-5.918758749999999	-4.981745	-4.487855	-4.0208425000000005	-3.15405525	0
beta[135]	-2.49912589575	0.5758662318809521	-3.6332195	-2.8804025	-2.49757	-2.107375	-1.403268	0
beta[136]	-3.83306992	0.6205373297493045	-5.0620632500000005	-4.246205	-3.824115	-3.4255925	-2.643578	0
beta[137]	0.6071521610220225	0.6552310094616481	-0.651399875	0.1760575	0.596614	1.04077	1.9397060000000008	0.17475
beta[138]	-1.384602532136225	0.699185336979318	-2.7257424999999995	-1.8686675000000001	-1.38106	-0.9063082499999999	-0.04061970499999964	0.0205
beta[139]	-0.94117053034925	0.6694480651340975	-2.22493975	-1.4072525	-0.929173	-0.4968015	0.3566492500000001	0.081
beta[140]	-2.358700597775	0.7200576962067091	-3.7820855	-2.8366875	-2.363225	-1.8711575	-0.938721275	5e-4
beta[141]	-4.24964327	0.7560839177707618	-5.73612125	-4.7565475	-4.2483249999999995	-3.73987	-2.7780917499999997	0
beta[142]	-3.577191065	0.7114842496252695	-4.9292152499999995	-4.0634925	-3.58516	-3.0940525	-2.1527415	0
beta[143]	-1.293019339313925	0.6971884813449873	-2.654599	-1.7764199999999999	-1.30226	-0.8295527500000001	0.10115907500000125	0.03375
beta[144]	-2.74851717625	0.5779921816588017	-3.8889225	-3.1429925	-2.7600499999999997	-2.353215	-1.59765925	0
beta[145]	-5.24497536	0.5801126009726658	-6.39938175	-5.62938	-5.226509999999999	-4.86209	-4.1111655	0
beta[146]	-3.5381271625	0.6630539596714831	-4.83349475	-3.992015	-3.5442799999999997	-3.0988800000000003	-2.18857675	0
beta[147]	-0.22111204706549997	0.6817459530186282	-1.5512275	-0.67941925	-0.2245335	0.2512785	1.1159482500000002	0.38
beta[148]	-9.421431645	0.6643753666876568	-10.6860725	-9.8655825	-9.424635	-8.977805	-8.0979645	0
beta[149]	0.6691065587635	0.6253636227597134	-0.5751589	0.25991899999999996	0.681867	1.0828625	1.8883469999999998	0.14025
beta[150]	-0.87435199244825	0.7449891572203715	-2.329086	-1.370865	-0.8779925	-0.39230824999999997	0.6086659750000004	0.1185
beta[151]	-0.528481498329075	0.5789185019163144	-1.640485	-0.9206897500000001	-0.5290414999999999	-0.13406474999999998	0.6068462500000004	0.17575
beta[152]	-5.404676745	0.6893293888474048	-6.789280999999999	-5.8814625	-5.405725	-4.94374	-4.047763499999999	0
beta[153]	-1.44218586096475	0.6703822618967905	-2.745062	-1.892785	-1.4369	-0.9867787499999999	-0.11743137499999999	0.01475
beta[154]	-2.934377034	0.6761537899924784	-4.26523475	-3.3989849999999997	-2.921695	-2.4886049999999997	-1.59512375	0
beta[155]	-0.8926684616275	0.5819200424030909	-2.03013225	-1.285355	-0.8892925	-0.5060955	0.25224955000000027	0.0615
beta[156]	-7.71770105	0.6155918484978751	-8.91565025	-8.150525	-7.716285	-7.3049	-6.489509999999999	0
beta[157]	-7.48853325	0.6055364738474289	-8.66469275	-7.887955	-7.50228	-7.0897975	-6.2756105	0
beta[158]	-9.02348592	0.683390090909424	-10.397772500000002	-9.4892475	-9.018085	-8.5554475	-7.69170725	0
beta[159]	-8.4285908975	0.5901548417072563	-9.58188975	-8.8201225	-8.436710000000001	-8.01661	-7.28649125	0
beta[160]	-5.6830631775	0.7865570517284711	-7.1949380000000005	-6.20973	-5.676845	-5.1565650000000005	-4.136477749999999	0
beta[161]	-8.565601075	0.692891021310132	-9.922202500000001	-9.0290725	-8.56678	-8.105182500000002	-7.17716325	0
beta[162]	-0.71612787991725	0.6695896954009157	-2.0130755	-1.1637575	-0.7253895	-0.262629	0.5776923250000002	0.14275
beta[163]	-8.3680532825	0.6845372261086918	-9.69906275	-8.829147500000001	-8.372779999999999	-7.902605	-7.0331755	0
beta[164]	-8.406037185	0.6235933024254533	-9.631698	-8.8322525	-8.398555	-7.990265	-7.19269425	0
beta[165]	-7.43288034	0.6092155948858312	-8.6419255	-7.827484999999999	-7.423285	-7.0373175	-6.20840325	0
beta[166]	-1.1599798182965	0.7569295921791327	-2.67699825	-1.663585	-1.1618249999999999	-0.6400185	0.282321625	0.06725
beta[167]	-7.6240725375	0.6743132420380623	-8.95931975	-8.077175	-7.61811	-7.166297500000001	-6.30355275	0
beta[168]	-2.858913669125	0.7593834213128678	-4.3350915	-3.38309	-2.8487400000000003	-2.3437349999999997	-1.3879504999999994	2.5e-4
beta[169]	-5.810389765	0.744159321320926	-7.29782175	-6.3031049999999995	-5.80749	-5.320015000000001	-4.378310000000001	0
beta[170]	-6.679581905	0.5866739818166095	-7.8273459999999995	-7.0817049999999995	-6.68545	-6.2774025	-5.522324	0
beta[171]	-3.515544295	0.6615232761284129	-4.79482925	-3.9719875	-3.502485	-3.0567599999999997	-2.2077169999999997	0
beta[172]	-4.9440819925	0.7048444699919438	-6.35235375	-5.426415	-4.938235000000001	-4.449125	-3.5844354999999997	0
beta[173]	-3.920233087	0.7702657880160805	-5.431354499999999	-4.43881	-3.920445	-3.4016849999999996	-2.45778975	0
beta[174]	-3.2491671	0.5520409608963969	-4.355888	-3.6148925000000003	-3.232635	-2.8695399999999998	-2.2135529999999997	0
beta[175]	-1.3823102241604999	0.7730564250722713	-2.908113	-1.8880775	-1.3857050000000002	-0.8651989999999999	0.08264004000000037	0.0345
beta[176]	-1.181731880686	0.7049729393157138	-2.55328225	-1.66536	-1.176155	-0.7027662499999999	0.19590790000000016	0.04875
beta[177]	-5.92867045	0.7437052924748573	-7.42790725	-6.4178275	-5.912715	-5.4299025	-4.5023145	0
beta[178]	-4.54945644	0.687626822344452	-5.9362015	-5.01568	-4.538665	-4.0967125	-3.2179399999999996	0
beta[179]	-4.76317764	0.6452322117760088	-6.018315250000001	-5.20257	-4.762435	-4.323565	-3.5170535	0
beta[180]	-7.74199431	0.7238694435046517	-9.13096775	-8.2137675	-7.75658	-7.2613125	-6.298077999999999	0
beta[181]	-4.9473150375	0.7839344378737743	-6.518141	-5.46375	-4.94869	-4.41446	-3.4325430000000003	0
beta[182]	-1.54600785353	0.7283584312224881	-2.95369925	-2.0472824999999997	-1.53585	-1.0698925	-0.10276437499999982	0.017
beta[183]	-0.61245253807825	0.5694671972830716	-1.729948	-0.9916995	-0.6043965	-0.23130875	0.4766845750000002	0.1355
beta[184]	-4.22563601	0.7031816660962605	-5.623095999999999	-4.6817475	-4.22944	-3.7561925	-2.8345357499999997	0
beta[185]	-2.1199914925	0.5610760534430538	-3.21657725	-2.5099225	-2.11677	-1.738115	-1.0234477499999999	0
beta[186]	-1.58580075753	0.7296907186486233	-3.04224375	-2.0830849999999996	-1.5904699999999998	-1.099385	-0.16091232499999927	0.0155
beta[187]	-4.2309865675	0.7347433920269205	-5.652045	-4.7405025	-4.226705	-3.7343325	-2.8116642499999998	0
beta[188]	-6.5638926475	0.7187059228394087	-8.0110765	-7.014835	-6.56321	-6.088402500000001	-5.1340315	0
beta[189]	-1.997267606745	0.6610729670096265	-3.2860262500000004	-2.432905	-2.00337	-1.5569425000000001	-0.6826003499999999	7.5e-4
beta[190]	-1.7060891486	0.5815242852379993	-2.864865	-2.0953325	-1.70721	-1.312745	-0.5427131749999992	0.00225
beta[191]	-0.85340342281675	0.5803385555518245	-2.0155787499999995	-1.23442	-0.8530314999999999	-0.47741725	0.3047553250000001	0.0715
beta[192]	-2.86577588875	0.6068602371012409	-4.066120999999999	-3.2657225000000003	-2.868245	-2.4630175000000003	-1.6634927499999999	0
beta[193]	-2.182001994	0.638083685851937	-3.4531152499999997	-2.6011974999999996	-2.1816649999999997	-1.7547475000000001	-0.8984147499999999	7.5e-4
beta[194]	-2.392298777175	0.6508264989725269	-3.655938	-2.82926	-2.403885	-1.9673425	-1.113157	0.001
beta[195]	-2.59427428625	0.6446037097294889	-3.832124	-3.02775	-2.6012	-2.1666775	-1.33993625	2.5e-4
beta[196]	-3.5723916075	0.6009552253585649	-4.7555232499999995	-3.9817275000000003	-3.569025	-3.1720400000000004	-2.40462225	0
beta[197]	-1.50795337123	0.6554944558824409	-2.788189	-1.943295	-1.513195	-1.0756299999999999	-0.2068442499999999	0.01325
beta[198]	-1.9151221006	0.647145450235998	-3.1865305	-2.3411225	-1.920995	-1.4912975000000002	-0.6443218749999998	0.00225
beta[199]	-2.867990068	0.6065134650024901	-4.040191500000001	-3.2753550000000002	-2.875685	-2.461895	-1.67060875	0
beta[200]	-3.87718999	0.6558978072414829	-5.194496	-4.31296	-3.8680000000000003	-3.42992	-2.6081142500000003	0
beta[201]	-2.122696758575	0.6336017050684338	-3.3341602500000005	-2.56642	-2.11511	-1.695795	-0.8574940249999997	0.00125
beta[202]	-4.3284177625	0.6747135814774864	-5.6709784999999995	-4.7790300000000006	-4.316895000000001	-3.876195	-3.044039	0
beta[203]	-3.34051344525	0.6832211063986273	-4.684702000000001	-3.8031625	-3.3362350000000003	-2.87529	-2.0098432499999994	0
beta[204]	-4.387486485	0.7248827934509168	-5.8260785	-4.8843974999999995	-4.364405	-3.8886	-3.0090787499999996	0
beta[205]	-1.3447741869275	0.5873259813932409	-2.463967	-1.7474475000000003	-1.3489200000000001	-0.94333525	-0.20410464999999992	0.01125
beta[206]	-5.172540635	0.5731562626964086	-6.3127207499999995	-5.5582424999999995	-5.174265	-4.7966275	-4.07219975	0
beta[207]	-3.3453546275	0.6748304336764276	-4.64679175	-3.7925424999999997	-3.343935	-2.880835	-1.9963172500000002	0
beta[208]	-1.411454087195	0.6678371780889942	-2.6884414999999997	-1.857395	-1.414725	-0.97455775	-0.08320810999999986	0.01775
beta[209]	-3.597036055	0.6966825779418415	-5.00905575	-4.0551275	-3.59691	-3.1194300000000004	-2.278221	0
beta[210]	-2.24135350545	0.6371366827333667	-3.4868947500000003	-2.6604	-2.2626049999999998	-1.8151275	-0.9562911499999998	5e-4
beta[211]	-1.7131692348	0.6286537361670934	-2.8918344999999994	-2.1406775	-1.74249	-1.28966	-0.44993817499999994	0.004
beta[212]	-3.386437105	0.5861908794697869	-4.570014500000001	-3.7621000000000002	-3.37104	-2.9955499999999997	-2.26288875	0
beta[213]	-0.70841330384	0.5964078502807372	-1.8942245	-1.104885	-0.7085045	-0.31573675	0.4625923750000002	0.1165
beta[214]	-2.29006539225	0.6106437267125183	-3.4702725	-2.6900925	-2.2942	-1.8738375	-1.09252925	0
beta[215]	-1.791031753205	0.6052731743390609	-2.9765657500000002	-2.1885475000000003	-1.7966250000000001	-1.39975	-0.5703065749999995	0.0025
beta[216]	-2.66581819675	0.5745086860848276	-3.7949270000000004	-3.049465	-2.664215	-2.282615	-1.5389885	0
beta[217]	-2.27645447645	0.5772196761001457	-3.38076125	-2.6685325	-2.28836	-1.89266	-1.1301647499999998	2.5e-4
beta[218]	-1.9052643413174999	0.608580218496106	-3.03504075	-2.33885	-1.922555	-1.4980349999999998	-0.6744194749999992	0.002
beta[219]	-2.19150197095	0.6393319742563849	-3.4294395	-2.617505	-2.1968300000000003	-1.76797	-0.9055212999999994	5e-4
beta[220]	-4.3169049975	0.6934728906741967	-5.70845425	-4.775285	-4.301595000000001	-3.8400749999999997	-2.9986552499999997	0
beta[221]	-2.245033466	0.6026716413409507	-3.4008725	-2.65796	-2.2578750000000003	-1.82559	-1.0544254999999998	0
beta[222]	-2.45263289325	0.6013724459934685	-3.6696235	-2.8509575	-2.4567449999999997	-2.0406275	-1.2874572499999997	0
beta[223]	-3.39827381	0.6407709798958233	-4.689190999999999	-3.8303075	-3.38506	-2.9584924999999997	-2.17387475	0
beta[224]	-3.101672497	0.5896014522704133	-4.27339525	-3.4985975000000002	-3.0872650000000004	-2.692625	-1.9922595	0
beta[225]	-1.7182708005954126	0.6370667578806621	-2.932466	-2.1552925	-1.732925	-1.305095	-0.41070237499999995	0.0055
beta[226]	-1.933191383125	0.6134908016884459	-3.12798775	-2.3246700000000002	-1.938765	-1.5295875	-0.6936666249999996	0.00175
beta[227]	-2.8950549375	0.6343027513817555	-4.156085000000001	-3.312395	-2.889245	-2.47063	-1.6782257499999997	0
beta[228]	-3.15315198	0.5474773027557739	-4.26854125	-3.5159325000000003	-3.148375	-2.7774875000000003	-2.0947904999999993	0
beta[229]	-3.2632781	0.6052780590763142	-4.4620495	-3.680265	-3.2587650000000004	-2.8467675	-2.0892192499999998	0
beta[230]	-3.456601185	0.6680209048026181	-4.838005	-3.8937	-3.440225	-3.0122475	-2.1745455000000002	0
beta[231]	-2.8786731495	0.6908323692550953	-4.216382	-3.3416150000000004	-2.88064	-2.4224	-1.5310325	0
beta[232]	-1.95438956295	0.6463907590516239	-3.24576025	-2.3891075	-1.965565	-1.53373	-0.6594791999999998	0.00125
beta[233]	-2.88246450225	0.6896629946647721	-4.27085825	-3.3441525	-2.889265	-2.4105	-1.53044825	0
beta[234]	-3.10706233525	0.6566284295197947	-4.396357249999999	-3.5503349999999996	-3.10694	-2.6666525	-1.8467485	0
beta[235]	-3.3711769905	0.6994752814515188	-4.7570619999999995	-3.8391525	-3.3714	-2.913915	-2.0196247499999997	0
beta[236]	-1.815283787375	0.6119492788497634	-3.0162145000000002	-2.2273025	-1.813485	-1.4043975000000002	-0.6063063999999998	0.002
beta[237]	-4.0087108125	0.7177849586571412	-5.409832	-4.5193175	-4.00411	-3.5264675	-2.59424275	0
beta[238]	-4.0123329825	0.6993288202393663	-5.3882965	-4.4768875	-3.9955249999999998	-3.533235	-2.68913575	0
beta[239]	-3.6508972975	0.6862108552040846	-5.02319775	-4.1250625	-3.65123	-3.181975	-2.32050325	0
beta[240]	-1.540104492335	0.6416441755598267	-2.77523275	-1.972895	-1.55243	-1.1131175	-0.25499827499999983	0.00975
beta[241]	-4.8416113175	0.6791777087376331	-6.188230750000001	-5.2983825	-4.841365	-4.383682500000001	-3.5244242500000005	0
beta[242]	-2.436770321485	0.6422381581555837	-3.6699509999999997	-2.867715	-2.4442950000000003	-2.0151600000000003	-1.1611167499999997	0
beta[243]	-1.5806548842475	0.6440239059920658	-2.8408149999999996	-2.01263	-1.588795	-1.1502275	-0.30015007499999985	0.00725
beta[244]	-3.6300885425	0.7061350994508566	-5.0773995	-4.0820425	-3.61504	-3.1641424999999996	-2.2890029999999997	0
beta[245]	-1.8810492024	0.6026249437596963	-3.0523245	-2.2773225000000004	-1.88805	-1.4824875	-0.6796752249999998	0.00175
beta[246]	-1.3878217891125	0.6647259568937903	-2.686187	-1.8410725	-1.3851499999999999	-0.9390242499999999	-0.10964659999999893	0.01875
beta[247]	-0.6617957598415	0.5774962091359652	-1.78350375	-1.0461525	-0.671501	-0.27493175000000003	0.48678290000000013	0.1265
beta[248]	-1.24372129542	0.6161327552427599	-2.43256825	-1.6566	-1.25232	-0.8409709999999999	0.004064289500000128	0.02525
beta[249]	-1.3485320852025	0.5909553374378532	-2.5003972500000002	-1.7471025000000002	-1.34921	-0.9469975	-0.18193572499999996	0.014
beta[250]	-3.639692333	0.697004863929211	-5.005243	-4.105095	-3.62676	-3.1621475000000006	-2.2902245	0
beta[251]	-3.9683810625	0.7141162726946347	-5.3718915	-4.456547499999999	-3.9692100000000003	-3.476665	-2.5965989999999994	0
beta[252]	-1.8725949391675	0.7220730452561331	-3.2564855	-2.3611874999999998	-1.85635	-1.3966275	-0.43787872499999997	0.00525
beta[253]	-2.06956176831	0.7326270720237285	-3.5051905	-2.560325	-2.072755	-1.566185	-0.6526317249999997	0.003
beta[254]	-6.843882125	0.7006886777920204	-8.22282225	-7.3054875	-6.8347999999999995	-6.385082499999999	-5.498059499999999	0
beta[255]	0.42400831702999997	0.7346671536575302	-1.0357372500000002	-0.058186749999999995	0.42372350000000003	0.9103972499999999	1.9285272500000004	0.27575
beta[256]	-4.5270572775	0.5922699759408816	-5.729199499999999	-4.903115	-4.527324999999999	-4.13069	-3.365741	0
beta[257]	-5.108797495	0.6995487762833446	-6.4870832499999995	-5.588252499999999	-5.108495	-4.642415	-3.7066449999999995	0
beta[258]	-2.82698259725	0.7308827266542804	-4.28684975	-3.3105075	-2.8415749999999997	-2.33034	-1.4031082499999998	0
beta[259]	-1.480992956915	0.7846108398962597	-3.0125967499999997	-2.0198225	-1.4639199999999999	-0.94943625	0.056696582500000176	0.02975
beta[260]	-4.7523660325	0.7727744171079723	-6.25964575	-5.260042500000001	-4.760935	-4.2334825	-3.2206019999999995	0
beta[261]	-4.6853394275	0.7584336910821469	-6.16235175	-5.209645	-4.686885	-4.166670000000001	-3.2091037499999997	0
beta[262]	-6.1031228825	0.5743062052206608	-7.236284	-6.4919125	-6.1094349999999995	-5.7121249999999995	-4.97646425	0
beta[263]	-1.87017096618	0.7105413087754336	-3.2810407500000003	-2.3441075	-1.85639	-1.386285	-0.46339789999999986	0.00525
beta[264]	-1.989088109555	0.6540916740929692	-3.2835255	-2.41319	-2.005465	-1.5591675	-0.6956047	0.00125
beta[265]	-4.007041195	0.7723291484204757	-5.503494249999999	-4.52681	-4.0125399999999996	-3.4987675	-2.4400612499999994	0
beta[266]	-0.09041061196324998	0.6217933687169549	-1.30578475	-0.51303	-0.1021955	0.30250975	1.15878225	0.432
beta[267]	-0.88591417445025	0.6587861345408023	-2.1437837500000003	-1.3404975	-0.8917265000000001	-0.45145925	0.41521200000000036	0.09425
beta[268]	-0.94619041282925	0.6590925205297681	-2.2233587499999996	-1.3878475	-0.9329795000000001	-0.48681025	0.31777662500000065	0.07625
beta[269]	-4.4535923675	0.7248766786954871	-5.906395999999999	-4.9365325	-4.45716	-3.9728775	-3.02559225	0
beta[270]	-6.2564747	0.7367350825751643	-7.7568132499999995	-6.7357875	-6.26003	-5.7675325	-4.81701425	0
beta[271]	-4.2799553625	0.6594425483157352	-5.58758425	-4.70081	-4.28496	-3.8352475000000004	-2.9936044999999996	0
beta[272]	-7.5636798125	0.7337528492974348	-9.0310845	-8.050675	-7.5710750000000004	-7.0595975	-6.14288875	0
beta[273]	-8.574331175	0.7375984888505789	-10.034677499999999	-9.070045	-8.58254	-8.065594999999998	-7.16211725	0
beta[274]	-1.19886986652	0.6596507363563989	-2.46371875	-1.6526100000000001	-1.18942	-0.7658577499999999	0.0898042825000008	0.0365
beta[275]	-7.641597045	0.7419803995363291	-9.092602249999999	-8.1594325	-7.633445	-7.123255	-6.209316749999999	0
beta[276]	-0.70586326538925	0.6400212777375569	-1.95773875	-1.1321850000000002	-0.70243	-0.27337	0.5627796500000001	0.13625
beta[277]	-2.92151565775	0.6473303799709401	-4.159042	-3.3626575	-2.905895	-2.49456	-1.6781007499999998	0
beta[278]	-6.9575349375	0.7699781698049561	-8.487484	-7.48008	-6.963995000000001	-6.4453675	-5.434115499999999	0
beta[279]	-7.2286697975	0.7878561661440296	-8.7319305	-7.7762925	-7.23845	-6.68984	-5.66655675	0
beta[280]	-3.1011278025	0.5912232328390508	-4.2692000000000005	-3.5022175	-3.100385	-2.7073150000000004	-1.9485614999999996	0
beta[281]	-6.345733205	0.746198722703658	-7.784351	-6.8472550000000005	-6.352265	-5.8555125	-4.86304325	0
beta[282]	-7.75208972	0.7453665810155058	-9.18491275	-8.2593225	-7.758095	-7.256985	-6.2985912499999985	0
beta[283]	-2.670792791825	0.7081220185043177	-4.0508619999999995	-3.15261	-2.673855	-2.1974525	-1.2872202499999998	0
beta[284]	-5.4697287275	0.7288451166051386	-6.85749875	-5.9607600000000005	-5.471864999999999	-4.975515	-4.04608325	0
beta[285]	-3.9755015775	0.7778218268703483	-5.513267	-4.503355	-3.982735	-3.4424625	-2.4586197499999987	0
beta[286]	-2.526682472975	0.6660616691873867	-3.8494015	-2.9762475	-2.536215	-2.0762549999999997	-1.1916992499999997	0
beta[287]	-8.402523765	0.7453287790585088	-9.84379275	-8.8938525	-8.403665	-7.900597500000001	-6.92181775	0
beta[288]	-6.982341515	0.6982064588735616	-8.33712	-7.4630675	-6.990605	-6.505405	-5.60115325	0
beta[289]	-8.82441955	0.6875297744025488	-10.171294999999999	-9.2925525	-8.824385	-8.355662500000001	-7.480226249999999	0
beta[290]	-7.0093448225	0.6126946273738423	-8.206527	-7.432575	-7.00971	-6.6019825	-5.82972225	0
beta[291]	-2.2715113995	0.5929988006565751	-3.4643602500000004	-2.6667725	-2.278345	-1.8699474999999999	-1.1154779999999995	0
beta[292]	-8.38466035	0.7589270440986688	-9.880489749999999	-8.9021075	-8.38716	-7.853750000000001	-6.9174275	0
beta[293]	-2.0327724007	0.6015264033143153	-3.2306387500000002	-2.4250274999999997	-2.0309600000000003	-1.6219225000000002	-0.8570806249999999	0
beta[294]	-1.9923910763	0.61947246823067	-3.2013564999999997	-2.4130225000000003	-1.99158	-1.5766624999999999	-0.7984176999999999	7.5e-4
beta[295]	-1.390741170025	0.6502680476994255	-2.6778552499999995	-1.8297875000000001	-1.3864	-0.953751	-0.09425372499999927	0.0185
beta[296]	-1.75001370155	0.6196044655459263	-2.96372275	-2.1682125	-1.7521900000000001	-1.3439800000000002	-0.5610192499999997	0.00325
beta[297]	0.18893742501699998	0.5993023448319331	-0.974484825	-0.22570975	0.1784285	0.58371525	1.3731425	0.37475
beta[298]	-0.86743344425175	0.6508270682343752	-2.1269367499999996	-1.3050925000000002	-0.876868	-0.42232349999999996	0.41122182500000115	0.09525
beta[299]	-0.93080929592825	0.5377324241962448	-1.99308025	-1.2961675000000001	-0.937217	-0.5640395	0.14643200000000003	0.0395
beta[300]	-2.0267177774125	0.5782614160893554	-3.175123	-2.405485	-2.01505	-1.634295	-0.9206125	2.5e-4
beta[301]	-0.9875183763850001	0.6185558867776528	-2.16150325	-1.4000175	-0.9937015	-0.5752170000000001	0.2550253000000004	0.05825
beta[302]	-3.16272768175	0.6864520839295928	-4.55397425	-3.6223475	-3.150645	-2.6851675000000004	-1.8900804999999998	0
beta[303]	-2.2282100115	0.6247234531478277	-3.45947275	-2.650645	-2.21786	-1.7883149999999999	-1.029494	2.5e-4
beta[304]	-0.1898364594575	0.580380433701439	-1.30373	-0.57638475	-0.19695200000000002	0.18891874999999997	0.9964564750000001	0.35825
beta[305]	-2.80326446	0.6672631723568234	-4.1443075	-3.23602	-2.7914000000000003	-2.3450325	-1.5380644999999997	0
beta[306]	-0.8045127144	0.6301355896748391	-2.0292945	-1.2274349999999998	-0.8113954999999999	-0.392839	0.4325036250000001	0.101
beta[307]	-0.9695629375930225	0.6022450745504234	-2.116488	-1.386565	-0.9779055	-0.57959625	0.27658845	0.061
beta[308]	-2.71404246145	0.6467628000289595	-4.019552	-3.1357049999999997	-2.70204	-2.28409	-1.48709975	0
beta[309]	-2.658497485	0.5803566769848744	-3.79340375	-3.05246	-2.6548100000000003	-2.2571575	-1.5451197500000002	0
beta[310]	-2.77682238825	0.6179656564602306	-3.9855989999999997	-3.2043375	-2.77248	-2.3491425	-1.5833704999999998	0
beta[311]	-2.870773885	0.5951982650712634	-4.04137475	-3.2721775	-2.84985	-2.4664099999999998	-1.7146405	0
beta[312]	-1.1911934167775	0.5830761480266151	-2.35184275	-1.5841375000000002	-1.1902650000000001	-0.7900635	-0.057573589999999966	0.0205
beta[313]	-1.821672994525	0.6032026702262925	-2.9992782499999997	-2.2302375	-1.829765	-1.4172024999999997	-0.6363207999999996	5e-4
beta[314]	-8.013649835	0.6840629378508666	-9.343357750000001	-8.470485	-8.014465	-7.5666649999999995	-6.63502225	0
beta[315]	-8.1576252625	0.7470809011090302	-9.61429425	-8.6487525	-8.166170000000001	-7.6501325	-6.717537249999999	0
beta[316]	-2.1428750544	0.5936299784548044	-3.2919300000000002	-2.5497025	-2.138705	-1.7325825	-0.9894901749999998	0
beta[317]	-7.5750646775	0.7952487559171625	-9.104990749999999	-8.117115	-7.574294999999999	-7.049462500000001	-5.9723065	0
beta[318]	-0.32597039872825	0.5180836088554002	-1.3508760000000002	-0.667775	-0.3305405	0.01451545	0.68880195	0.259
beta[319]	-3.097621738	0.7936094419759511	-4.692449	-3.6258624999999998	-3.090665	-2.57526	-1.52804575	0
beta[320]	-6.7140822775	0.6841282061199421	-8.030372	-7.180082499999999	-6.722495	-6.24061	-5.384085	0
beta[321]	-7.657496205	0.7149938157301999	-9.08353575	-8.1378275	-7.646685	-7.1875824999999995	-6.271027999999999	0
beta[322]	-2.90072433695	0.7374479885585492	-4.33255925	-3.372785	-2.902645	-2.4051	-1.4914582499999998	0
beta[323]	-7.52217754	0.7027145338780745	-8.892655249999999	-7.9958175	-7.528065	-7.047515	-6.198326499999999	0
beta[324]	-5.77630615	0.7401079916151702	-7.20283975	-6.282845000000001	-5.77562	-5.2666925000000004	-4.338819	0
beta[325]	-3.9732878625	0.7669140261279435	-5.47021325	-4.4937875	-3.9829499999999998	-3.45667	-2.4892467499999995	0
beta[326]	-8.287187635	0.6796151089770172	-9.613201750000002	-8.741344999999999	-8.283195	-7.8380575	-6.9182335	0
beta[327]	-4.3167256625	0.7009878277037033	-5.69386225	-4.79512	-4.319135	-3.84387	-2.91228875	0
beta[328]	-3.19908251175	0.6611973527644015	-4.5099655	-3.6384024999999998	-3.20491	-2.7637374999999995	-1.9003857499999997	0
beta[329]	-6.7814300425	0.7354743985772809	-8.1802545	-7.3053025	-6.78299	-6.2613475	-5.326101499999999	0
beta[330]	-7.03173459	0.7157237081650564	-8.41508025	-7.5240325	-7.022985	-6.5497325	-5.659895	0
beta[331]	-7.6964547775	0.6051329415687043	-8.86010425	-8.120595	-7.685975	-7.27787	-6.51895825	0
beta[332]	-6.3805512875	0.7206914140229699	-7.79926925	-6.852774999999999	-6.386485	-5.9160325	-4.929231249999999	0
beta[333]	-2.43470345025	0.6652466854085078	-3.7550552500000003	-2.8673125	-2.429465	-1.9969	-1.1317534999999996	0
beta[334]	-9.8456375625	0.72743898166437	-11.312535	-10.3339	-9.82546	-9.343874999999999	-8.440994499999999	0
beta[335]	-1.0468788951052501	0.5548406325682721	-2.11432075	-1.4168675	-1.0493999999999999	-0.6884875	0.058485387500000104	0.0345
beta[336]	-1.709293315	0.6048019275266396	-2.90386175	-2.114225	-1.7028750000000001	-1.2903325	-0.5842843999999999	0.003
beta[337]	-2.2284280355	0.6318235430481624	-3.4485129999999997	-2.654635	-2.218815	-1.7890275000000002	-1.00951325	0
beta[338]	-2.305964135925	0.6670528757127976	-3.6524475	-2.7550325000000004	-2.2963899999999997	-1.8339775	-1.0201404999999997	5e-4
beta[339]	-0.612446189979875	0.5658386615540172	-1.679967	-1.00684	-0.6194645000000001	-0.22532075000000001	0.4992575000000003	0.1455
beta[340]	-0.890796169071275	0.6024461399434651	-2.0587869999999997	-1.2934475	-0.9166225	-0.4990445	0.32720735000000006	0.0745
beta[341]	-0.21922657024250003	0.5578983361503854	-1.2837020000000001	-0.60597475	-0.22916399999999998	0.14717675	0.9103887000000005	0.34325
beta[342]	-0.64260573666025	0.6244122233051257	-1.8079089999999998	-1.0658075	-0.663594	-0.236099	0.6111929250000001	0.1515
beta[343]	-2.620731921	0.6129941040537914	-3.8914127499999998	-3.0171050000000004	-2.6108450000000003	-2.214315	-1.4351707499999997	0
beta[344]	-2.108702941825	0.6060531528478749	-3.3004607499999996	-2.5122999999999998	-2.094435	-1.70008	-0.9508682249999997	5e-4
beta[345]	-1.743966963815	0.5678766005632733	-2.87010325	-2.1237525	-1.7462849999999999	-1.3698575	-0.6232394	0.00175
beta[346]	-0.898831876445	0.579212234324512	-2.018727	-1.2843624999999999	-0.902012	-0.51388025	0.2479133250000002	0.05775
beta[347]	-2.00571228175	0.6267667824388882	-3.2497960000000004	-2.4207775	-1.9987	-1.5792199999999998	-0.805190275	7.5e-4
beta[348]	0.146544782086725	0.48666035589742374	-0.8048598	-0.18347875	0.15364899999999998	0.46988725	1.1064510000000003	0.3845
beta[349]	-0.58797144556825	0.5515268199689045	-1.66287925	-0.96732925	-0.58632	-0.228996	0.4910467500000001	0.147
beta[350]	-1.876420619425	0.5746168843074496	-2.978441	-2.262255	-1.87303	-1.4907325	-0.7477573750000001	5e-4
beta[351]	-1.191936196705	0.5504769538540366	-2.24682775	-1.569295	-1.195805	-0.8115572499999999	-0.11429734999999969	0.01475
beta[352]	-2.81644697775	0.6547765519001061	-4.15192725	-3.24859	-2.810105	-2.374695	-1.558504	0
beta[353]	-1.35134792176025	0.5548306547499411	-2.4436015	-1.7269925	-1.352105	-0.979351	-0.2754726999999992	0.0085
beta[354]	-1.5741466336375	0.6248388640811133	-2.80771025	-1.9979525	-1.5752199999999998	-1.1546475	-0.35229937499999986	0.00625
beta[355]	-3.0408993655	0.6441480429521249	-4.3127415000000004	-3.4660425	-3.02453	-2.602055	-1.80237675	0
beta[356]	-2.99350295	0.6233924532330605	-4.237757749999999	-3.405735	-3.00225	-2.586505	-1.7687294999999998	0
beta[357]	-2.83373380175	0.6050169450858528	-4.037272	-3.2294449999999997	-2.82537	-2.4291875	-1.6321662499999998	0
beta[358]	-3.4185402	0.6049016651625604	-4.62326425	-3.81476	-3.422355	-3.0060225000000003	-2.24332625	0
beta[359]	-2.21449302425	0.5819556786100285	-3.3403475	-2.6063525	-2.2249600000000003	-1.8243649999999998	-1.0749447499999998	0
beta[360]	-1.4919649696825	0.5948419323746426	-2.620691	-1.8927475	-1.4912649999999998	-1.0936575	-0.2925098499999999	0.00575
beta[361]	-4.162714705	0.6548122035825265	-5.507993999999999	-4.590465	-4.153805	-3.71839	-2.960222749999999	0
beta[362]	-1.076476627395	0.6116245349988423	-2.2973687500000004	-1.4827025	-1.07304	-0.66249725	0.13078685000000007	0.0385
beta[363]	-2.33717882795	0.6225799601956318	-3.57244175	-2.76222	-2.3340199999999998	-1.9213025	-1.13352525	0
beta[364]	1.0565366986475	0.6558142716668379	-0.23303812499999998	0.61160175	1.05213	1.489585	2.3330087500000003	0.0565
beta[365]	-3.789803665	0.6824671218083368	-5.172681	-4.248825	-3.7838000000000003	-3.3389550000000003	-2.4888052499999995	0
beta[366]	-3.1381642475	0.5909969393983174	-4.3069465000000005	-3.53226	-3.13302	-2.745575	-1.9887545	0
beta[367]	-2.7615091065	0.6144885648596502	-3.97053225	-3.1757625	-2.76532	-2.3358625	-1.5566864999999992	0
beta[368]	-4.2159780525	0.5941283657516533	-5.3966835	-4.602715	-4.217275	-3.8083	-3.080542999999999	0
beta[369]	-2.9560821925	0.589608383352627	-4.1009625	-3.3500525	-2.96313	-2.5575375	-1.7782362499999993	0
beta[370]	-2.9150909475	0.5746299311203364	-4.044142	-3.2915275	-2.909515	-2.5255675	-1.8140644999999997	0
beta[371]	-1.944585895475	0.6125833296367853	-3.10179325	-2.3588975	-1.9583599999999999	-1.53069	-0.7038109249999998	0.002
beta[372]	-3.1255948925	0.5985824921983862	-4.285980250000001	-3.5309525000000006	-3.12525	-2.70724	-1.9824197499999996	0
beta[373]	-2.93440880575	0.6147737876758136	-4.1439985	-3.3513675	-2.919285	-2.52582	-1.7171709999999993	0
beta[374]	-2.72748111725	0.6267455837140813	-4.00154075	-3.1351825	-2.73245	-2.3175974999999998	-1.5240129999999994	0
beta[375]	-1.6125191393725	0.612287700743368	-2.80305475	-2.026605	-1.607575	-1.19972	-0.4316548499999997	0.0055
beta[376]	-3.15492027725	0.6035619384585486	-4.35649175	-3.5499525	-3.161285	-2.7540674999999997	-1.9606514999999998	0
beta[377]	-7.616198655	0.7316263004409519	-9.024493999999999	-8.12176	-7.620285	-7.107864999999999	-6.197375500000001	0
beta[378]	-3.6133050925	0.7168309463298449	-4.95772775	-4.0996725	-3.62631	-3.1146575	-2.1680682499999997	0
beta[379]	-8.5270443775	0.6608499719488662	-9.835289	-8.96968	-8.520779999999998	-8.071405	-7.269058249999999	0
beta[380]	-7.256630355	0.7616137194199408	-8.75634325	-7.766625	-7.254145	-6.73865	-5.7833120000000005	0
beta[381]	-3.1504922325	0.6486357913200493	-4.4164015	-3.5878325	-3.1623799999999997	-2.7335625	-1.8505172499999998	0
beta[382]	-8.263604055	0.7286596246816596	-9.74329	-8.747724999999999	-8.26231	-7.77075	-6.853254249999999	0
beta[383]	-2.774659932	0.6607607688881253	-4.07845125	-3.216405	-2.791805	-2.3198725000000002	-1.4747259999999998	0
beta[384]	-5.75689235	0.7218697350160622	-7.1672605	-6.2486575	-5.752644999999999	-5.2790625	-4.320889	0
beta[385]	-6.0591952075	0.7827083792313293	-7.617882750000001	-6.581665	-6.0552	-5.542832499999999	-4.5144775	0
beta[386]	-8.33613199	0.6647288320344058	-9.6636105	-8.7755675	-8.333135	-7.87415	-7.062397	0
beta[387]	-2.553418246745	0.7734115678023298	-4.078234	-3.0891224999999998	-2.563145	-2.0320525	-1.0083035	5e-4
beta[388]	-1.8096903474	0.592956501300261	-3.0033965	-2.20146	-1.7888199999999999	-1.406345	-0.6792913999999998	7.5e-4
beta[389]	-6.32817209	0.7092615971268095	-7.698201	-6.8052	-6.332285	-5.857155	-4.93254875	0
beta[390]	-4.0201810875	0.7237172833823364	-5.435967499999999	-4.50658	-4.02864	-3.5249025	-2.6317477499999997	0
beta[391]	-3.7504025275	0.652183291033865	-4.9894877499999994	-4.199565	-3.74757	-3.299465	-2.48417075	0
beta[392]	-6.24212067	0.7465630067034839	-7.733753	-6.742915	-6.2427399999999995	-5.7356074999999995	-4.80651575	0
beta[393]	-4.7674707725	0.7195312001218678	-6.19368675	-5.2451425	-4.761044999999999	-4.28771	-3.378860499999999	0
beta[394]	-8.0680888825	0.6967623304629891	-9.45297475	-8.538340000000002	-8.06596	-7.5921400000000006	-6.7070865	0
beta[395]	-2.9937415355	0.7507931496648075	-4.45895	-3.4967724999999996	-2.977935	-2.4965775000000003	-1.5048727499999999	0
beta[396]	-6.2257841875	0.727800451793311	-7.671978749999999	-6.7149149999999995	-6.23444	-5.7353950000000005	-4.81296575	0
beta[397]	-6.027007535	0.7070273706817843	-7.40972475	-6.4922725	-6.02815	-5.5458549999999995	-4.66187125	0
beta[398]	-5.6610604525	0.7836807772433718	-7.2464052500000005	-6.185185	-5.656755	-5.145435	-4.128219249999999	0
beta[399]	-7.562571785	0.6937372497809569	-8.9464305	-8.0461125	-7.556509999999999	-7.0803925	-6.212662999999999	0
beta[400]	-3.5437713575	0.6722150723383121	-4.90725325	-3.9946800000000002	-3.545395	-3.0910849999999996	-2.2401959999999996	0
beta[401]	-6.2481506075	0.6609794718263193	-7.5527619999999995	-6.6975975	-6.24301	-5.805975	-4.948128499999999	0
beta[402]	0.5443238195495	0.5999763911153749	-0.58815515	0.13653575	0.5316325	0.95106125	1.7349647500000003	0.18175
beta[403]	-2.806517832825	0.7728657226143515	-4.30597225	-3.3292349999999997	-2.812115	-2.283945	-1.315524249999999	2.5e-4
beta[404]	-5.516875325	0.7072030132998578	-6.87737	-5.9933975	-5.514255	-5.0384325	-4.15105925	0
beta[405]	-8.00268101	0.7036154793514175	-9.38679325	-8.478972500000001	-8.008225	-7.5368375	-6.6319685	0
beta[406]	-1.8844183193325	0.6491115997004184	-3.1206377499999998	-2.3210200000000003	-1.888715	-1.440795	-0.6220711499999989	0.00175
beta[407]	-7.7448326525	0.601868052202187	-8.902941749999998	-8.147657500000001	-7.754955	-7.3492125	-6.519518	0
beta[408]	-3.532207556	0.7771099659113087	-5.03719475	-4.062005	-3.530995	-3.00978	-2.005217749999999	0
beta[409]	-3.2486589625	0.6366777452972474	-4.510468500000001	-3.669325	-3.23914	-2.8270125	-2.0009359999999994	0
beta[410]	-8.437405415	0.6726803100109268	-9.761999	-8.878085	-8.444365	-7.9900875	-7.10221325	0
beta[411]	-5.584836585	0.7395683908879473	-7.016165	-6.0858825	-5.57867	-5.093115	-4.13055325	0
beta[412]	-3.05426136425	0.6990973481558208	-4.3934315	-3.5392925	-3.06294	-2.5728475	-1.6711707499999997	0
beta[413]	-6.3234573625	0.6630274092503443	-7.58877875	-6.785305	-6.32488	-5.872447500000001	-5.025459000000001	0
beta[414]	-6.4883401625	0.709390848453845	-7.883064	-6.984135	-6.477930000000001	-6.008027500000001	-5.083216	0
beta[415]	-6.788598305	0.6959475468591879	-8.15878	-7.26545	-6.781195	-6.30981	-5.463765749999999	0
beta[416]	-6.0772326625	0.6707735893094734	-7.423103	-6.51838	-6.0788150000000005	-5.6245575	-4.777454249999999	0
beta[417]	-1.8404060563375	0.7072585762062824	-3.1991145	-2.3119175	-1.8317350000000001	-1.367195	-0.4364789749999999	0.005
beta[418]	-7.2062502025	0.7401735636495782	-8.66007075	-7.713115	-7.198485	-6.68856	-5.767599499999999	0
beta[419]	-0.6472720500195	0.6581031756964133	-1.92188125	-1.0924924999999999	-0.640841	-0.2182465	0.6433933500000004	0.15675
beta[420]	-2.15870434205	0.6405499998663089	-3.40657475	-2.576315	-2.1618500000000003	-1.7319125	-0.9106877249999998	5e-4
beta[421]	-7.03035474	0.7154663569353272	-8.40807675	-7.514985	-7.0318000000000005	-6.5511775	-5.624323749999999	0
beta[422]	-5.180922325	0.7199342958822293	-6.564125999999999	-5.649547500000001	-5.190535000000001	-4.6941675	-3.7625604999999998	0
beta[423]	-5.916911285	0.581288810150083	-7.068988750000001	-6.3003225	-5.913555000000001	-5.519237500000001	-4.8013164999999995	0
beta[424]	-1.9043671343925	0.718241201651436	-3.32458325	-2.3909000000000002	-1.9044599999999998	-1.41372	-0.5183496499999993	0.0025
beta[425]	-3.5220019575	0.6787252353049819	-4.8400655	-3.98092	-3.5313	-3.0602850000000004	-2.21258575	0
beta[426]	-4.41745285	0.7264349530557658	-5.839279	-4.9119875	-4.418715000000001	-3.9218975	-2.9786562499999993	0
beta[427]	-4.82420322	0.7846037673560899	-6.373217500000001	-5.348302500000001	-4.82268	-4.286265	-3.2938259999999997	0
beta[428]	-4.9355794675	0.7141623567351725	-6.330045	-5.411865	-4.947045	-4.45092	-3.5179217499999993	0
beta[429]	-3.764056945	0.7102327936318169	-5.1688772499999995	-4.22805	-3.7607600000000003	-3.2845899999999997	-2.3352915000000003	0
beta[430]	-1.931773064125	0.667641111432398	-3.2447235	-2.3784925	-1.93252	-1.4868325	-0.6548071249999996	0.00375
beta[431]	-6.40895715	0.7320113576805828	-7.79487075	-6.9035625	-6.41419	-5.913044999999999	-4.970039249999999	0
beta[432]	-2.56910032425	0.694573799073241	-3.9280995	-3.04705	-2.5583400000000003	-2.0994875	-1.2162227499999996	2.5e-4
beta[433]	-0.45645605137274997	0.5831258207645281	-1.59948625	-0.85741125	-0.4476875	-0.0610697	0.676757275	0.2165
beta[434]	-2.6150134309	0.7809404435150509	-4.111347	-3.1744125	-2.609375	-2.0642975	-1.1017072499999991	2.5e-4
beta[435]	-1.54079167446	0.7172647194946227	-2.9760025000000003	-2.0275525	-1.54074	-1.0605775	-0.15336317499999935	0.015
beta[436]	-1.03435196422675	0.6604611005164001	-2.28538775	-1.493535	-1.03993	-0.5961575	0.2534202500000002	0.06425
beta[437]	-3.34525027275	0.669619587626227	-4.6396265	-3.7907425000000003	-3.3391849999999996	-2.8927099999999997	-2.035552999999999	0
beta[438]	-4.95331714	0.6679490964305775	-6.2633185000000005	-5.402095	-4.955395	-4.4995475	-3.6767967500000003	0
beta[439]	-2.528948332	0.7246055732298458	-3.90015925	-3.0159200000000004	-2.5367300000000004	-2.04998	-1.0727214999999997	2.5e-4
beta[440]	-3.32310580625	0.6704878584557871	-4.6330045	-3.7801	-3.321835	-2.8761175000000003	-2.0072817499999998	0
beta[441]	-4.05063652	0.6575631674514913	-5.363459000000001	-4.49188	-4.04094	-3.6132349999999995	-2.75223725	0
beta[442]	-3.329951607	0.6395698146043959	-4.5688984999999995	-3.7564374999999997	-3.328295	-2.9113275000000005	-2.0610477499999997	0
beta[443]	-4.2753394225	0.6310126581964836	-5.59123975	-4.7038275	-4.266185	-3.8436325	-3.0563655	0
beta[444]	-0.010101635044250015	0.5811967954694547	-1.08791425	-0.41110224999999995	-0.03462385	0.38174225	1.1867202500000003	0.47475
beta[445]	-2.5342429565	0.5820012653749519	-3.6729100000000003	-2.93337	-2.537245	-2.1394525	-1.4016127499999993	0
beta[446]	-3.25950434	0.5967320390115322	-4.420941	-3.65779	-3.263745	-2.874005	-2.0371750000000004	0
beta[447]	-3.2960335675	0.622336607107306	-4.54794375	-3.6993475	-3.289495	-2.88001	-2.0594865	0
beta[448]	-2.09194651401775	0.6259112998127611	-3.2985515	-2.5090575	-2.0905899999999997	-1.6794125000000002	-0.8341302749999997	5e-4
beta[449]	-5.10715892	0.6773773592641669	-6.4400277500000005	-5.5680725	-5.09528	-4.6380300000000005	-3.8634317499999997	0
beta[450]	-2.8241098155	0.6002872935187874	-4.0427652499999995	-3.2214124999999996	-2.822655	-2.4276825	-1.6578644999999996	0
beta[451]	-1.8280837974125	0.5981033544246595	-2.9437472500000004	-2.239615	-1.846305	-1.4400075	-0.6469499249999995	0.00225
beta[452]	-5.30575459	0.6127447629995932	-6.5309954999999995	-5.7123025	-5.290570000000001	-4.8893	-4.1143624999999995	0
beta[453]	-2.86664676525	0.6146576401224579	-4.0816675	-3.272735	-2.8560350000000003	-2.4463875	-1.6609579999999993	0
beta[454]	-1.8033329913825	0.6114517396259125	-2.95678475	-2.2223975	-1.832595	-1.379235	-0.5949580999999995	0.00175
beta[455]	-3.39230960175	0.6400101936452033	-4.642515500000001	-3.8224175000000002	-3.3878000000000004	-2.975645	-2.13164825	0
beta[456]	-2.980120337	0.5883925510145631	-4.1493340000000005	-3.3652375	-2.98239	-2.5850600000000004	-1.8405097499999998	0
beta[457]	-3.95922295	0.6435773897866194	-5.232832999999999	-4.3883775	-3.94932	-3.5201000000000002	-2.729881	0
beta[458]	-3.6123153825	0.6022705356977006	-4.78306325	-4.0234375	-3.61354	-3.2049825	-2.4239997499999997	0
beta[459]	-2.57563507575	0.6198557568726161	-3.80327525	-2.990195	-2.570005	-2.1437275000000002	-1.395878	0
beta[460]	-4.559460445	0.6441106612780093	-5.830065749999999	-4.988905	-4.553545	-4.1147425	-3.3094064999999997	0
beta[461]	-1.721515051855	0.6009964768150071	-2.8887562499999997	-2.141915	-1.7238699999999998	-1.3299025	-0.5072185249999984	0.001
beta[462]	-1.783917096275	0.5589343656502731	-2.87204325	-2.1561375	-1.780795	-1.4141400000000002	-0.6780042749999996	2.5e-4
beta[463]	-2.64631503925	0.608271600621645	-3.83841325	-3.033685	-2.64905	-2.24035	-1.4464647499999999	0
beta[464]	-2.42866137375	0.6180677246188632	-3.654153	-2.8492075	-2.421215	-2.0062725	-1.2494874999999996	0
beta[465]	-2.73181428575	0.6253136263569546	-3.9603842499999997	-3.1445575000000003	-2.734815	-2.315595	-1.4689057499999998	0
beta[466]	-1.653586949155125	0.6520103417287832	-2.9295825	-2.0803624999999997	-1.652835	-1.2301674999999999	-0.36017457499999994	0.008
beta[467]	-1.66913954746	0.5569684536607621	-2.74716225	-2.037895	-1.676855	-1.2989300000000001	-0.5436286749999998	0.00125
beta[468]	-3.2699215925	0.5964167891208931	-4.47425	-3.6633175	-3.2685	-2.8653525	-2.112175499999999	0
beta[469]	-3.338335215	0.6213972437210603	-4.5685585	-3.74061	-3.3233300000000003	-2.9134725	-2.1286774999999998	0
beta[470]	-1.7503392913325	0.6022566616161384	-2.9370952499999996	-2.15651	-1.7620550000000001	-1.3530749999999998	-0.5258676249999994	0.00175
beta[471]	-2.93159715675	0.6236926114030332	-4.187261250000001	-3.347315	-2.91198	-2.5124225	-1.7177102499999992	0
beta[472]	-1.4454492616775	0.561481095667085	-2.55721975	-1.8201800000000001	-1.453495	-1.0684125	-0.33629447499999976	0.00475
beta[473]	-2.051260318125	0.5808848086727216	-3.1456844999999998	-2.4568250000000003	-2.052255	-1.6438425	-0.9179827749999999	2.5e-4
beta[474]	-0.987851620684425	0.5847938477271519	-2.0958479999999997	-1.3947025000000002	-0.9988675	-0.60754575	0.19080825000000015	0.05
beta[475]	-1.071335345304925	0.598871411192971	-2.29549675	-1.4697125	-1.05985	-0.667157	0.09184239250000044	0.03575
beta[476]	-4.114495905	0.6338313225526512	-5.381176000000001	-4.5445925	-4.1100200000000005	-3.6735175	-2.89689	0
beta[477]	-1.0320266598275	0.5719959259054976	-2.12597125	-1.4099400000000002	-1.035795	-0.6591305000000001	0.140802375	0.04075
beta[478]	-1.95337636095	0.651622348374279	-3.2442285	-2.399435	-1.9572	-1.5286974999999998	-0.6494374749999997	5e-4
beta[479]	-2.711993086	0.6469272434344993	-4.0151165	-3.13082	-2.70392	-2.2816975	-1.4460334999999993	0
beta[480]	-2.58064196525	0.6032952644615359	-3.7546929999999996	-2.9800225000000005	-2.5787	-2.17541	-1.3902629999999998	0
beta[481]	-2.125390525	0.5890471318633448	-3.30057325	-2.516915	-2.129955	-1.7067825	-0.9995831749999996	0
beta[482]	-0.8717299062575	0.6207560916979176	-2.074784	-1.299605	-0.8734525	-0.4449305	0.35924402500000097	0.07925
beta[483]	-2.62667609625	0.6031887750967525	-3.83955475	-3.03607	-2.62222	-2.2188350000000003	-1.465916	0
beta[484]	-3.371478305	0.6622574644032463	-4.69010175	-3.82258	-3.359055	-2.93411	-2.09637775	0
beta[485]	-1.84133331735	0.5894091547269078	-2.951539	-2.2427325	-1.853115	-1.4422199999999998	-0.6450141749999997	0.00125
beta[486]	-1.2528349712725	0.607951487786349	-2.44008425	-1.64989	-1.26479	-0.8405877500000001	-0.055305797499999844	0.0215
beta[487]	-0.607989342920775	0.5506806974198349	-1.6847349999999999	-0.9742080000000001	-0.6154075000000001	-0.2332825	0.43684135000000046	0.13525
beta[488]	-2.8679606415	0.6364283731073018	-4.107671750000001	-3.3056875	-2.8683199999999998	-2.445135	-1.6069592499999998	0
beta[489]	-4.4346660975	0.7338479855000973	-5.886575	-4.92527	-4.43285	-3.9336925000000003	-3.02997475	0
beta[490]	-3.09693253025	0.6651737513862772	-4.42690325	-3.5421275	-3.0929900000000004	-2.6490575	-1.8024499999999999	0
beta[491]	-2.017587176175	0.6473159310617181	-3.31283175	-2.450075	-2.0275100000000004	-1.5616750000000001	-0.7477745499999998	7.5e-4
beta[492]	-2.8130487235	0.6185017259112993	-4.01382	-3.2289475	-2.809065	-2.3994424999999997	-1.5737977499999998	0
beta[493]	-1.6205368307	0.6420107433236416	-2.8814357499999996	-2.0488175	-1.633705	-1.194965	-0.3511076	0.00675
beta[494]	-4.8886704825	0.7085877419668709	-6.2859377499999995	-5.3715625000000005	-4.88042	-4.3939225	-3.53123175	0
beta[495]	-1.9166226538	0.5708178121807373	-3.0206744999999997	-2.30054	-1.93127	-1.5307925	-0.75938465	7.5e-4
beta[496]	-1.07000082440625	0.6091203152918244	-2.2685129999999996	-1.4748325000000002	-1.085775	-0.658276	0.11272645000000048	0.04225
beta[497]	-3.1989306525	0.5385292423177284	-4.23305325	-3.5609800000000003	-3.197405	-2.8443275	-2.1327369999999988	0
beta[498]	-2.11908242125	0.6181231953465607	-3.3468115000000003	-2.532585	-2.1116200000000003	-1.696825	-0.8935212499999997	0
beta[499]	-3.25065233	0.6164663188417017	-4.4659795	-3.6654075	-3.25068	-2.83989	-2.0512282499999994	0
beta[500]	-2.22154618425	0.623723757596509	-3.45324625	-2.6399	-2.21239	-1.7989525	-1.00225425	2.5e-4
beta[501]	-2.03947209975	0.6325379539466491	-3.3069347500000004	-2.4534525	-2.0454999999999997	-1.6383625	-0.7590140500000001	5e-4
beta[502]	-3.4995242825	0.6769133906782726	-4.7984462500000005	-3.96188	-3.49268	-3.0369275	-2.209996	0
beta[503]	0.045371232751749986	0.6277581034409613	-1.20462925	-0.3659155	0.039867849999999996	0.4658185	1.27289925	0.47375
beta[504]	-2.59814404325	0.7356377144870418	-4.051681749999999	-3.0958425000000003	-2.594655	-2.09924	-1.1681097499999988	2.5e-4
beta[505]	-4.0856883525	0.7035003132942533	-5.4742515	-4.5631450000000005	-4.086315	-3.6098725	-2.71570875	0
beta[506]	-0.49931564932525	0.6225739199021563	-1.7546565	-0.9018172499999999	-0.507592	-0.08177952499999999	0.7043104000000002	0.2085
beta[507]	-1.2923203185025	0.6983623800850792	-2.63045575	-1.7782825	-1.31172	-0.80326375	0.06926141750000006	0.0335
beta[508]	-0.50710065518375	0.5641116609497391	-1.587343	-0.889709	-0.5126649999999999	-0.133297	0.6211008500000003	0.185
beta[509]	-1.4020747226225	0.5819717476778459	-2.55708975	-1.7768350000000002	-1.394155	-1.0008375	-0.29369022499999986	0.008
beta[510]	-3.6591875275	0.6902972801038261	-5.00321875	-4.1284725	-3.6528650000000003	-3.1965199999999996	-2.2894595	0
beta[511]	-1.4101649560975	0.625060621941706	-2.58832125	-1.8401450000000001	-1.41572	-0.99547075	-0.19420044999999997	0.013
beta[512]	-2.60409189775	0.5690539506645869	-3.699	-2.9787425	-2.60644	-2.2242875	-1.4961235	0
beta[513]	-2.650459562	0.6568571696644957	-3.95784375	-3.1005275	-2.6539349999999997	-2.1932050000000003	-1.3590039999999999	0
beta[514]	-0.78990981825545	0.5880036256203253	-1.90893025	-1.20451	-0.7840685000000001	-0.38359624999999997	0.37650105000000017	0.08475
beta[515]	-5.482139715	0.7292394695286298	-6.929608249999999	-5.963765	-5.470885	-4.994175	-4.0739015	0
beta[516]	-0.703313547597425	0.6834550172909526	-2.013502	-1.1691099999999999	-0.7064809999999999	-0.24551725000000002	0.6314163500000002	0.15625
beta[517]	-0.68393280688565	0.689670792796645	-2.0234875	-1.1422525000000001	-0.6728715000000001	-0.22185475	0.6446729	0.1635
beta[518]	-1.8745599972145	0.6513964492313075	-3.1697575	-2.3110925	-1.88235	-1.4537125	-0.5788508249999997	0.002
beta[519]	-1.0329742766975	0.5979163190791614	-2.226263	-1.4425575	-1.036335	-0.6243004999999999	0.14541712500000037	0.04475
beta[520]	-3.726683943	0.7405316636728942	-5.16279325	-4.2180625	-3.732485	-3.2309575	-2.2993132499999995	0
beta[521]	-1.281795673465	0.6140266260675372	-2.489804	-1.70315	-1.2732649999999999	-0.8649015	-0.10135182749999924	0.01775
beta[522]	-1.877929618588	0.7273747978675218	-3.32329625	-2.3649475	-1.880625	-1.3847749999999999	-0.47889017499999914	0.00575
beta[523]	-3.68281155525	0.739193701372201	-5.166313250000001	-4.1692625	-3.673185	-3.1854875000000002	-2.2589639999999997	0
beta[524]	-0.74839456144825	0.5108896534830706	-1.7265365	-1.099605	-0.759285	-0.4177185	0.31548795000000013	0.07525
beta[525]	-0.60675295550475	0.4845848306760978	-1.51480575	-0.93957875	-0.618645	-0.288254	0.37250635000000004	0.108
beta[526]	-1.10199978726675	0.4713750266612627	-2.03216025	-1.4145025	-1.09105	-0.787509	-0.17798522499999994	0.01025
beta[527]	-0.99332663042725	0.5342289952593571	-2.045435	-1.3535525000000002	-0.9912099999999999	-0.6420122500000001	0.07043484750000012	0.03225
beta[528]	-1.574287190425	0.5280609311134715	-2.63257925	-1.920515	-1.56891	-1.2120975	-0.5653765499999995	0.001
beta[529]	-1.84830713475	0.5655010131190547	-3.02437575	-2.2193325	-1.827725	-1.4514575	-0.8001934249999999	0
beta[530]	-0.6009863876075	0.5563432465978215	-1.67357225	-0.9729825	-0.596163	-0.232127	0.48432017500000024	0.1405
beta[531]	-0.9011957152995	0.5007082107321509	-1.8543005	-1.2299674999999999	-0.9008075	-0.56505775	0.10945145000000071	0.0375
beta[532]	-0.91048527533925006	0.5090749657755976	-1.89919975	-1.264685	-0.9235285	-0.563358	0.0922539425	0.04025
beta[533]	-2.26017221275	0.569138527443091	-3.44326125	-2.619655	-2.2331849999999998	-1.8599425	-1.2377597499999997	0
beta[534]	-1.0053907425925	0.5012075760466718	-1.99273375	-1.34172	-1.00505	-0.6760855	-0.02041014249999996	0.0225
beta[535]	-1.029645864262	0.4866981165550288	-1.9660392500000001	-1.363485	-1.039385	-0.6929655	-0.07159708749999873	0.01975
beta[536]	-1.397003024725	0.5294666755749857	-2.47170725	-1.750965	-1.392325	-1.02953	-0.3674929499999999	0.00325
beta[537]	-0.345372088113425	0.5066070038638621	-1.321521	-0.69763425	-0.34589000000000003	-0.013767075	0.6951278000000001	0.241
beta[538]	-0.8109945631625	0.43675398165727103	-1.6741119999999998	-1.1040275	-0.8192664999999999	-0.51893875	0.05843359250000002	0.03475
beta[539]	-1.15807540232	0.5159308335582933	-2.1996045	-1.4870524999999999	-1.15279	-0.8227075	-0.13766789999999995	0.014
beta[540]	-0.60576245459925	0.49145090566628796	-1.5472655	-0.94094975	-0.61646	-0.277853	0.36997225000000017	0.106
beta[541]	-1.10435765287	0.4909518349392384	-2.062396	-1.438415	-1.109865	-0.768031	-0.17562259999999982	0.009
beta[542]	-1.1178502376875	0.49630314552003313	-2.116828	-1.444025	-1.114725	-0.7921315	-0.14800177499999967	0.01375
beta[543]	-0.81739765007325	0.4897256547643757	-1.76657175	-1.1414300000000002	-0.8203535	-0.49925850000000005	0.15074862500000002	0.0485
beta[544]	-1.0188195729075	0.4670587797218518	-1.94347925	-1.32431	-1.02161	-0.7027185	-0.09166328499999998	0.014
beta[545]	-1.133844980213125	0.6276304175828519	-2.3492439999999997	-1.56262	-1.1372849999999999	-0.71770175	0.10098700000000016	0.03625
beta[546]	-0.17813610441	0.5208270828909591	-1.17780525	-0.5179015	-0.18445050000000002	0.15457875000000001	0.8813233500000004	0.353
beta[547]	-0.84604748632675	0.6196835443796456	-2.102705	-1.264335	-0.8326435	-0.42056350000000003	0.34558835000000027	0.0835
beta[548]	-2.21957640915	0.6076192565202388	-3.4393589999999996	-2.61895	-2.21027	-1.80569	-1.063301	2.5e-4
beta[549]	-0.183488282223	0.5197107258766812	-1.1871169999999998	-0.53131875	-0.1884485	0.15831425	0.839020925	0.357
beta[550]	0.4977162586505	0.5800825111955474	-0.6114177	0.0929247	0.4962815	0.8782380000000001	1.65664675	0.197
beta[551]	0.054048206417500015	0.5365520428363183	-0.9531967250000001	-0.30773775000000003	0.04620985	0.40671325	1.1109304999999998	0.467
beta[552]	-0.968002024221	0.573477281147005	-2.1326637500000003	-1.350975	-0.9613795	-0.5830467500000001	0.13726637500000066	0.04125
beta[553]	0.08346582217775	0.5850572425734075	-1.01245175	-0.312094	0.07642574999999999	0.48471299999999995	1.2405575	0.45025
beta[554]	-2.005356328	0.6415228299619696	-3.3045554999999998	-2.4321875	-1.97295	-1.5696350000000001	-0.769494625	5e-4
beta[555]	-0.5128807915151	0.5602599869963292	-1.6070095000000002	-0.8883535	-0.513466	-0.13480075	0.5884724250000001	0.17475
beta[556]	0.7487082636738001	0.48887556819401035	-0.21426322499999997	0.41243075	0.7406375000000001	1.0755925	1.7333665	0.06175
beta[557]	-1.8789028976525	0.6737051945862039	-3.2515775	-2.33025	-1.87127	-1.406675	-0.6298387499999998	0.00125
beta[558]	-0.514725334336975	0.602783373616151	-1.70047975	-0.92385175	-0.4995805	-0.09747045	0.6542647750000002	0.19875
beta[559]	0.37161232008125	0.5387770718699131	-0.6611525249999999	0.0040027025	0.35616000000000003	0.72512325	1.4399032500000009	0.24675
beta[560]	-0.118333052016175	0.5331522919939464	-1.1522882500000002	-0.46876675	-0.134494	0.23793625000000002	0.9538280750000001	0.39625
beta[561]	-0.40217741778	0.5595188674514981	-1.495066	-0.775544	-0.387385	-0.028881125	0.6937085500000001	0.236
beta[562]	-0.98285899806575	0.6137828589001264	-2.19900675	-1.3870274999999999	-0.9860115	-0.56856125	0.24366352500000005	0.056
beta[563]	-0.18548790293575002	0.5630369253325769	-1.2700662499999997	-0.5791077499999999	-0.1819105	0.1932485	0.8978971250000002	0.37125
beta[564]	-0.038016229322000016	0.5628471660422641	-1.1221485	-0.40967975	-0.04208175	0.33024175	1.1046872500000002	0.47
beta[565]	-1.33467666916725	0.5893803468303362	-2.5052665	-1.723385	-1.3276	-0.9329584999999999	-0.18069324999999978	0.0115
beta[566]	-0.08547983911575	0.6294967351605083	-1.33215625	-0.50914475	-0.09678155	0.336022	1.16035325	0.44075
beta[567]	-1.08781232078875	0.5674532979764961	-2.16314275	-1.4855900000000002	-1.0924550000000002	-0.6977215000000001	0.029468327500000405	0.02825
beta[568]	-2.26953211025	0.6380837415639306	-3.51543075	-2.6983275000000004	-2.261805	-1.8345374999999997	-1.0197009999999989	2.5e-4
beta[569]	-0.709882197835	0.6301340727156728	-1.93735675	-1.1128075	-0.714672	-0.29973700000000003	0.5369511750000007	0.13025
beta[570]	-0.64922436276965	0.6457192859455929	-1.89137275	-1.089125	-0.660439	-0.20891175	0.6075138500000002	0.15775
beta[571]	-0.3775343672435	0.5790590761289279	-1.4971154999999998	-0.7721877500000001	-0.387786	0.016473924999999997	0.7609354750000002	0.25775
beta[572]	-0.979624904431475	0.5960523288091751	-2.137633	-1.374625	-0.9825360000000001	-0.5832517500000001	0.22118432500000026	0.054
beta[573]	-0.56150116443275	0.6211646234446703	-1.76945525	-0.9736717500000001	-0.5525865	-0.13830024999999999	0.6239607750000004	0.182
beta[574]	-2.7037765955	0.6982212681819276	-4.073779	-3.181655	-2.691835	-2.2214324999999997	-1.3904525	0
beta[575]	-0.96885715424175	0.6122445455900947	-2.1489434999999997	-1.3757074999999999	-0.976177	-0.550869	0.24016247500000015	0.06125
beta[576]	-2.9394899505	0.7362533227738421	-4.38991225	-3.4257775	-2.93684	-2.44201	-1.500934	0
beta[577]	-0.21580798513580002	0.49413991893985904	-1.1542655	-0.55576	-0.2183195	0.12145075	0.7334493000000001	0.32675
beta[578]	-2.96100229175	0.6673374744573796	-4.27613375	-3.4058450000000002	-2.950455	-2.5390575	-1.6628377499999998	0
beta[579]	-0.946461708918325	0.6040739506991594	-2.14476625	-1.3541975	-0.9382345000000001	-0.55114175	0.2637656750000007	0.059
beta[580]	0.07165514854925001	0.5818384379660949	-1.0159925	-0.32740925	0.07223895	0.4545435	1.2191407500000002	0.45125
beta[581]	-2.057109760575	0.6837230041060748	-3.4314667500000002	-2.51469	-2.044995	-1.6029175	-0.7469965	0.001
beta[582]	-1.03824716398	0.6063697263926617	-2.2153614999999998	-1.4565125	-1.036285	-0.631638	0.15793570000000043	0.0465
beta[583]	-1.870852094475	0.6180135672456378	-3.1105915000000004	-2.27602	-1.85998	-1.4450675	-0.6926739249999995	0.001
beta[584]	-3.861403035	0.6802595215987942	-5.217119500000001	-4.302250000000001	-3.8494900000000003	-3.400205	-2.5397474999999994	0
beta[585]	-2.05353457782	0.6546373439815716	-3.3318392500000003	-2.4901999999999997	-2.03535	-1.610315	-0.78514565	0.0015
beta[586]	-1.7225502121475	0.6501969255536244	-2.98670625	-2.1661799999999998	-1.7061549999999999	-1.2836699999999999	-0.46659217499999955	0.002
beta[587]	-4.4710476225	0.7543674977565574	-5.9907397499999995	-4.9706174999999995	-4.46813	-3.9596175000000002	-3.0052019999999997	0
beta[588]	-5.6297964075	0.6386755380348371	-6.8752815	-6.064625	-5.62942	-5.209125	-4.3815764999999995	0
beta[589]	-6.089828985	0.6956225980114406	-7.45592175	-6.5696	-6.089175	-5.603515	-4.768065	0
beta[590]	-6.254359115	0.6420792977999538	-7.51915475	-6.690725	-6.237115	-5.8314525	-4.98633725	0
beta[591]	-7.98240225	0.7089107898096318	-9.36065425	-8.455380000000002	-7.993735	-7.504219999999999	-6.5690212500000005	0
beta[592]	-7.5104665125	0.7253641383047181	-8.92428925	-8.0019875	-7.521355	-7.0096425	-6.095656	0
beta[593]	-3.32986670025	0.6556644551393616	-4.564563250000001	-3.76952	-3.33692	-2.8985974999999997	-2.014472	0
beta[594]	-7.3425472475	0.7573883502245828	-8.83117775	-7.869657500000001	-7.337315	-6.823755	-5.881487	0
beta[595]	-5.9490051725	0.7206414053782274	-7.3267795	-6.430787499999999	-5.9487749999999995	-5.460475000000001	-4.534249	0
beta[596]	-6.5286866725	0.6984448023806148	-7.92360925	-6.9814775000000004	-6.532745	-6.05706	-5.1738712499999995	0
beta[597]	-4.710784725	0.7156136859114621	-6.10558175	-5.1950325	-4.719335	-4.228565000000001	-3.295066999999999	0
beta[598]	-5.25162329	0.6694866809306681	-6.5487899999999994	-5.7006749999999995	-5.258839999999999	-4.801175	-3.8708389999999997	0
beta[599]	-6.4787471275	0.754666461848964	-7.9649019999999995	-6.985015	-6.47106	-5.964474999999999	-4.9994245	0
beta[600]	-7.1440054625	0.6484405675959916	-8.429603	-7.5710025000000005	-7.147085000000001	-6.704835	-5.90919825	0
beta[601]	-4.17489202	0.7189626735674562	-5.6130137499999995	-4.65048	-4.175915	-3.7002099999999998	-2.7416199999999997	0
beta[602]	-2.7718209025	0.7054802983174028	-4.1717575	-3.24824	-2.77968	-2.303455	-1.3943672499999997	0
beta[603]	-2.131311101625	0.7117662961924025	-3.4988772499999996	-2.6125675	-2.13186	-1.6431675000000001	-0.6983023499999996	0.0025
beta[604]	-4.63276601	0.7222271038342497	-6.0506305000000005	-5.121995	-4.637595	-4.139885	-3.21033825	0
beta[605]	-1.6643361848225	0.6288183205335108	-2.9067995	-2.0929175	-1.647435	-1.2399025	-0.4476185999999995	0.00225
beta[606]	-3.10508071325	0.650538176516556	-4.374879	-3.5345375000000003	-3.097905	-2.6617224999999998	-1.8797439999999999	0
beta[607]	-5.71970775	0.7132721578176995	-7.07267975	-6.21194	-5.717025	-5.237135	-4.34288075	0
beta[608]	-10.33216777	0.7403185482795289	-11.784587499999999	-10.81615	-10.3338	-9.82674	-8.92840625	0
beta[609]	-4.4344159325	0.8055652228634569	-5.9850650000000005	-4.976279999999999	-4.431145	-3.8930274999999996	-2.86850225	0
beta[610]	-10.86010086	0.7414266497779205	-12.29706	-11.3681	-10.854500000000002	-10.355075	-9.434437249999998	0
beta[611]	-10.2989998975	0.7683581802236459	-11.774915	-10.8151	-10.2841	-9.79111	-8.82456875	0
beta[612]	-9.827035205	0.7378911226613197	-11.257014999999999	-10.332075	-9.836405	-9.3283875	-8.332013750000002	0
beta[613]	-9.8678781825	0.7405736430529842	-11.350302500000002	-10.378324999999998	-9.85586	-9.3543275	-8.467298249999999	0
beta[614]	-7.2125498875	0.7478981605618205	-8.639448250000001	-7.733779999999999	-7.202265	-6.709905000000001	-5.72103775	0
beta[615]	-9.6474042325	0.7014086453205749	-11.009747500000001	-10.12485	-9.642865	-9.165307499999999	-8.257986749999999	0
beta[616]	-10.2284462175	0.7419910912572962	-11.7038	-10.727574999999998	-10.210799999999999	-9.728842499999999	-8.78603175	0
beta[617]	-3.5005389225	0.5720681929144903	-4.6236535000000005	-3.8883650000000003	-3.50013	-3.11644	-2.393598	0
beta[618]	-7.74729154	0.8022458437219359	-9.274329250000001	-8.2940675	-7.75354	-7.196985	-6.176750749999998	0
beta[619]	-11.729080335	0.7731034792520963	-13.240335	-12.25045	-11.742750000000001	-11.204650000000001	-10.1896925	0
beta[620]	-2.21431662975	0.6560572753470403	-3.4743045	-2.66961	-2.217925	-1.7642075	-0.919270775	2.5e-4
beta[621]	-10.8602951125	0.7300101422158607	-12.3068275	-11.353875	-10.858699999999999	-10.38375	-9.442942749999998	0
beta[622]	-4.4747013125	0.6694459068289197	-5.74929725	-4.9217575	-4.48608	-4.020885	-3.1461729999999997	0
beta[623]	-5.9017653275	0.7878425709870974	-7.473539000000001	-6.4097225	-5.906455	-5.3781125	-4.35975025	0
beta[624]	-1.7744469542325	0.5624065345815772	-2.921017	-2.1422125	-1.7532800000000002	-1.3938225000000002	-0.7334328499999999	7.5e-4
beta[625]	-1.2961741111325	0.7444772363630348	-2.78270975	-1.796935	-1.2815750000000001	-0.78444625	0.1248138250000011	0.03775
beta[626]	-6.2585329775	0.607804028636711	-7.4450395	-6.66191	-6.262885000000001	-5.83451	-5.0654242499999995	0
beta[627]	-10.571959645	0.767295785710058	-12.081310000000002	-11.089775	-10.57865	-10.036674999999999	-9.091508500000002	0
beta[628]	-9.98758946	0.726405577163502	-11.4406	-10.472024999999999	-10.0003	-9.492965000000002	-8.571509	0
beta[629]	-6.318604195	0.7446697007221358	-7.799970500000001	-6.814649999999999	-6.327395	-5.837759999999999	-4.79889425	0
beta[630]	-1.823864948975	0.5820335363614211	-3.0494365	-2.2046775	-1.8079	-1.4286125	-0.6830580749999999	2.5e-4
beta[631]	-8.03544278	0.6074285430304489	-9.210339000000001	-8.447705000000001	-8.033505	-7.6289875	-6.833091499999999	0
beta[632]	-2.43201471875	0.5789640703534202	-3.5656464999999997	-2.8182775	-2.43203	-2.0477499999999997	-1.3085757499999997	0
beta[633]	-8.3446882975	0.6770512409460918	-9.6894875	-8.794880000000001	-8.341294999999999	-7.897185	-6.986875249999999	0
beta[634]	-8.261615115	0.7435298989946956	-9.682999749999999	-8.77141	-8.264885	-7.756085	-6.76552475	0
beta[635]	-3.322849194	0.7482980677808346	-4.75695425	-3.8252574999999998	-3.33358	-2.8086575	-1.8633217499999999	0
beta[636]	-3.8007061025	0.7206541449568216	-5.220853249999999	-4.280882500000001	-3.7979149999999997	-3.3262850000000004	-2.3926250000000002	0
beta[637]	-7.70899019	0.5978077517499887	-8.91570275	-8.1086375	-7.6903	-7.28657	-6.59464775	0
beta[638]	-8.5280329625	0.5762874473488826	-9.639194999999999	-8.91549	-8.529115000000001	-8.1520625	-7.413096	0
beta[639]	-6.6434743275	0.7459981800778523	-8.07262125	-7.1518675	-6.6435200000000005	-6.142175	-5.182393499999999	0
beta[640]	-2.66340184725	0.7397683353967595	-4.09031825	-3.165715	-2.65308	-2.15946	-1.2388432499999997	7.5e-4
beta[641]	-8.48984462	0.7571829190734176	-9.98462475	-8.9975925	-8.49332	-7.9907825	-6.99263175	0
beta[642]	-7.49807496	0.7450816228155565	-8.970234999999999	-7.9981225	-7.479455	-6.992000000000001	-6.046684249999999	0
beta[643]	-6.59450333	0.7279073817505652	-8.01591125	-7.079755	-6.5939250000000005	-6.1141425	-5.11967125	0
beta[644]	-6.5508561375	0.6789803620143999	-7.87752775	-7.02242	-6.541535	-6.0930775	-5.21014075	0
beta[645]	-8.1355773	0.7501177815992487	-9.591319	-8.61724	-8.14522	-7.6258675	-6.655956000000001	0
beta[646]	-2.2005430982	0.5818075322256094	-3.35102775	-2.5926275	-2.207265	-1.8175525	-1.0625065	5e-4
beta[647]	-7.64706447	0.7358043948693134	-9.10679375	-8.133600000000001	-7.636015	-7.14503	-6.20069525	0
beta[648]	-7.847328875	0.5927239753473539	-9.003536500000001	-8.2556325	-7.843865	-7.4569775	-6.6868092500000005	0
beta[649]	-2.5471806565	0.7153087245810918	-3.940415	-3.04919	-2.5398	-2.0757	-1.1136094999999997	0
beta[650]	-2.02132408115	0.5887071069988309	-3.17995375	-2.42433	-2.02958	-1.6162675	-0.8931678499999998	7.5e-4
beta[651]	-7.239572875	0.8129592161521496	-8.860726750000001	-7.793635	-7.23413	-6.6819299999999995	-5.65959275	0
beta[652]	-5.501022785	0.6083893843299164	-6.69314575	-5.91692	-5.49278	-5.086657499999999	-4.30696425	0
beta[653]	-0.419514438621	0.740958153632981	-1.8850957499999998	-0.91528575	-0.410395	0.089791575	1.023856	0.2865
beta[654]	-2.4770428485925	0.7639377546090225	-3.9982187500000004	-2.99099	-2.46185	-1.968695	-0.9570979499999998	0.00125
beta[655]	-1.543814110125	0.5659592822733067	-2.6750452499999997	-1.906575	-1.529315	-1.1570099999999999	-0.4616039499999998	0.002
beta[656]	-7.689051375	0.7453961193339681	-9.1183465	-8.19538	-7.69083	-7.181592500000001	-6.233627	0
beta[657]	-8.1751298075	0.5987996926181226	-9.319533	-8.5811125	-8.17587	-7.7708775	-7.015637	0
beta[658]	-8.0408000725	0.608451118343637	-9.254341	-8.432825	-8.03012	-7.63753	-6.87911875	0
beta[659]	-3.2378670025	0.5854884114304648	-4.41841025	-3.6296099999999996	-3.243715	-2.835615	-2.1054377499999997	0
beta[660]	-7.0907664225	0.5984468769844739	-8.2837695	-7.48912	-7.081295	-6.680865	-5.96014025	0
beta[661]	-2.643450973625	0.8199374283178236	-4.236787	-3.2020474999999995	-2.643305	-2.0899475	-1.0325494999999998	2.5e-4
beta[662]	-7.6137294925	0.7517169999327316	-9.0944005	-8.1146675	-7.6136800000000004	-7.1189275	-6.1250332499999995	0
beta[663]	-4.854589305	0.6745573457659089	-6.1835905	-5.3035075	-4.84842	-4.3953875	-3.5576667499999997	0
beta[664]	-2.51868045975	0.6567885937425423	-3.8178525000000003	-2.95623	-2.514195	-2.0821425	-1.2349874999999997	0
beta[665]	-8.4710877725	0.6921258450631388	-9.81989225	-8.941495	-8.472465	-8.015215	-7.08378675	0
beta[666]	-5.5917809725	0.6502745504234441	-6.829674	-6.038105	-5.59332	-5.168967499999999	-4.287256000000001	0
beta[667]	-7.1652266775	0.7744465349173225	-8.70961025	-7.6742275	-7.16461	-6.649147500000001	-5.654193999999999	0
beta[668]	-8.838303657500001	0.6740209632930835	-10.1741025	-9.295717499999999	-8.838740000000001	-8.38643	-7.5213925	0
beta[669]	-8.37640497	0.6094130662083522	-9.590103500000001	-8.7880075	-8.381405	-7.9622575	-7.162754	0
beta[670]	-7.4230222875	0.6394203863101723	-8.68177075	-7.8556175	-7.423695	-6.99741	-6.137638	0
beta[671]	-2.25849459926625	0.6967195796928525	-3.640825	-2.73652	-2.2534	-1.7774675	-0.904701825	5e-4
beta[672]	-2.336600209325	0.6513951055638253	-3.6005487499999997	-2.7892699999999997	-2.3396100000000004	-1.8909225	-1.0686714999999993	2.5e-4
beta[673]	-1.643474218215	0.6691430242406194	-2.90774775	-2.111045	-1.6491	-1.1929425	-0.3104463749999996	0.00825
beta[674]	-1.9923453061	0.6658743445999786	-3.2870837500000003	-2.4433975	-1.997635	-1.5390149999999998	-0.6912355249999997	0.0015
beta[675]	-1.5172380140875	0.6633551140953722	-2.88135	-1.9484750000000002	-1.5054750000000001	-1.067555	-0.24775509999999942	0.008
beta[676]	-1.646436571855	0.6869865489051694	-2.986979	-2.1134275000000002	-1.6605949999999998	-1.19188	-0.2611735249999997	0.00775
beta[677]	-3.14764811975	0.6209572155976054	-4.345077	-3.5650075	-3.1404699999999997	-2.729525	-1.9513384999999999	0
beta[678]	-4.5073281	0.745543576556076	-6.029508000000001	-5.000217500000001	-4.49874	-3.992375	-3.0863362499999996	0
beta[679]	-1.5402445089025	0.6592437128377663	-2.7853660000000002	-1.9850725	-1.5384950000000002	-1.08955	-0.24374019999999988	0.01
beta[680]	-1.6574953645175	0.6635848631528786	-2.9025797499999997	-2.117115	-1.66737	-1.2048125	-0.3319466249999999	0.00775
beta[681]	-4.57075486	0.7067946822589279	-5.965088	-5.04315	-4.5716850000000004	-4.088280000000001	-3.2235119999999995	0
beta[682]	-2.4416573844	0.6781958558869747	-3.75117925	-2.8979049999999997	-2.435085	-1.9865024999999998	-1.1015454999999996	0.001
beta[683]	-3.84518727	0.635386194933188	-5.06826375	-4.268199999999999	-3.83991	-3.410685	-2.59557275	0
beta[684]	-0.5929688639811275	0.6256167055577724	-1.802921	-1.0046225	-0.601125	-0.17684375	0.6402008250000006	0.16675
beta[685]	-1.89243262265	0.6326528943567219	-3.1053945	-2.31808	-1.901335	-1.4663249999999999	-0.6279414999999999	0.0015
beta[686]	-2.78808065825	0.6084094880331661	-3.99387	-3.186545	-2.794075	-2.38134	-1.60877775	0
beta[687]	-3.07805667125	0.6623634497135035	-4.40456525	-3.51747	-3.070425	-2.6282925	-1.8242754999999997	0
beta[688]	-3.6364282925	0.6673200609293035	-4.959123249999999	-4.0925225	-3.630635	-3.1872675	-2.3516445	0
beta[689]	-2.518929846	0.6232550402493123	-3.71816175	-2.9579725	-2.5179099999999996	-2.091395	-1.2913672499999995	2.5e-4
beta[690]	-1.50131981939	0.7076052523924096	-2.8500315	-1.9843575	-1.5206499999999998	-1.02108	-0.057880114999999864	0.0205
beta[691]	-4.0644942525	0.6904147850804655	-5.477365000000001	-4.5165500000000005	-4.043514999999999	-3.5923350000000003	-2.7720712499999993	0
beta[692]	-4.35687938	0.6541102769372025	-5.695692749999999	-4.7752	-4.35008	-3.9159824999999997	-3.0854815	0
beta[693]	-2.55719472775	0.6916766703146493	-3.9059347499999997	-3.0264225	-2.560225	-2.0970625	-1.2037989999999998	2.5e-4
beta[694]	-2.3090183341	0.7092144202808789	-3.67678275	-2.796105	-2.321915	-1.8146625	-0.9073611749999998	0
beta[695]	-5.9391248	0.7352095941881515	-7.378144	-6.426755	-5.92577	-5.444335000000001	-4.4901694999999995	0
beta[696]	-4.8730294425	0.6644523701840669	-6.1783874999999995	-5.3141525000000005	-4.8703	-4.415175	-3.57022175	0
beta[697]	-4.29289074	0.6887745657046954	-5.663217	-4.73757	-4.28934	-3.8249775	-2.9426139999999994	0
beta[698]	-2.94647990125	0.642518808486977	-4.194189	-3.3679324999999998	-2.949555	-2.5288375	-1.6410187499999997	0
beta[699]	-6.006768105	0.684443426827113	-7.36734875	-6.460915	-6.003295	-5.5465525	-4.67026	0
beta[700]	-4.82723356	0.7024954761980642	-6.189971749999999	-5.3225675	-4.8225750000000005	-4.3471125	-3.456242	0
beta[701]	-4.3208799175	0.5574813209316662	-5.40057925	-4.6987950000000005	-4.325505	-3.9410425	-3.249302499999999	0
beta[702]	-2.48652864105	0.6176186753435454	-3.6917062499999997	-2.9079550000000003	-2.49539	-2.0707825	-1.2971159999999997	0
beta[703]	-4.40342973	0.6299467503727221	-5.66247525	-4.832567500000001	-4.408345	-3.971265	-3.1987365	0
beta[704]	-1.72112025099	0.6932576546784556	-3.0653685	-2.1989324999999997	-1.72739	-1.2441075000000001	-0.3607868999999993	0.00675
beta[705]	-5.005565595	0.7086956295474667	-6.3720194999999995	-5.497045	-5.00491	-4.5228	-3.6134617499999995	0
beta[706]	-3.307816019	0.6974834535643226	-4.64878925	-3.7868225	-3.31397	-2.83391	-1.9735517499999997	0
beta[707]	-2.30217902625	0.6305892806308313	-3.5587515	-2.7130225	-2.30344	-1.877465	-1.05670475	0
beta[708]	-0.7539339221745	0.5922412233828804	-1.91045675	-1.153665	-0.7704695	-0.3537585	0.4345878750000001	0.1005
beta[709]	-3.927839925	0.7232183402354755	-5.32507	-4.413995	-3.93038	-3.4558999999999997	-2.5502819999999993	0
beta[710]	-2.112374824025	0.685624767150082	-3.491924	-2.55175	-2.124625	-1.6585050000000001	-0.7505884	0.002
beta[711]	-5.40202591	0.6965977034782295	-6.791217	-5.859652499999999	-5.397055	-4.943185	-4.02986925	0
beta[712]	-6.111698765	0.6480326111775639	-7.3688575	-6.5539325	-6.115254999999999	-5.6819875	-4.820066749999999	0
beta[713]	-0.3932825939495	0.5687867382037426	-1.5176465	-0.7761927500000001	-0.386053	-0.0096211125	0.6940879000000001	0.24625
beta[714]	-0.6276150026239825	0.5396045530501211	-1.658766	-0.99243875	-0.6342635	-0.26989575	0.444072825	0.117
beta[715]	-1.5370657242475	0.6436243336350951	-2.8464905	-1.95679	-1.5244049999999998	-1.1158325	-0.3091780499999993	0.0105
beta[716]	-0.3880718566405	0.5842340027186829	-1.5134649999999998	-0.7838912499999999	-0.395858	-0.0080632325	0.7991263750000002	0.244
beta[717]	-0.6283792277725	0.5827142569974971	-1.75999425	-1.0152824999999999	-0.634864	-0.23139424999999997	0.5048665500000001	0.1395
beta[718]	-1.47304234345	0.6007520706653723	-2.69441325	-1.8685050000000003	-1.463765	-1.0655000000000001	-0.3422112	0.0055
beta[719]	-0.4444219059765	0.5696879802636963	-1.5328970000000002	-0.834111	-0.4456925	-0.054784275	0.6532740000000001	0.21825
beta[720]	-0.74908133725375	0.5794562869575655	-1.8886560000000001	-1.1273625	-0.75295	-0.3599655	0.38113652500000017	0.09425
beta[721]	0.269933845203175	0.6285555547396166	-0.9140252	-0.1439135	0.2498505	0.69322325	1.5089335000000004	0.3345
beta[722]	-0.74547201288925	0.5985215538661343	-1.92161075	-1.1471399999999998	-0.7535015	-0.34103625000000004	0.3963495250000002	0.106
beta[723]	-0.7011733158425	0.5787190089354651	-1.81387825	-1.0806174999999998	-0.70157	-0.313369	0.42504747500000045	0.1125
beta[724]	-0.18787205602499998	0.5405802033099378	-1.2473655	-0.5546955	-0.182756	0.17282599999999998	0.8878192000000003	0.36575
beta[725]	-2.9845042615	0.6454809488646547	-4.237414	-3.42926	-2.96899	-2.5410649999999997	-1.7360492499999989	0
beta[726]	-1.6255300713	0.5713441543107299	-2.774946	-1.997915	-1.61887	-1.2368025	-0.5390800999999996	0.00125
beta[727]	-1.601128272685	0.6052202779739748	-2.85210725	-1.9906525	-1.595785	-1.195195	-0.4333891249999999	0.00225
beta[728]	-0.328246085606	0.6106476069145226	-1.52964975	-0.72729125	-0.340809	0.0780133	0.8923598749999999	0.29475
beta[729]	-1.27131736119	0.5862692453084051	-2.4250515	-1.6642625	-1.2763550000000001	-0.858987	-0.13953559999999987	0.01225
beta[730]	-1.780850869761	0.6527898585303261	-3.0503145	-2.2177075	-1.7619099999999999	-1.3446025	-0.4993773749999998	0.00225
beta[731]	0.013985323779325015	0.623963620651286	-1.17958475	-0.40386975	0.0020274100000000003	0.42278075	1.2632827500000001	0.4985
beta[732]	0.30343496199975	0.6240942251593014	-0.8739234	-0.1311985	0.2850535	0.7041204999999999	1.6040917499999998	0.31825
beta[733]	-0.42977542297825	0.5699178575592122	-1.5245745	-0.814171	-0.4368345	-0.04654675	0.6869242250000003	0.22425
beta[734]	0.5604174628422	0.5491700192162442	-0.5125367	0.19821675	0.5539615	0.9202895	1.655539	0.15425
beta[735]	-1.3073130963347928	0.5763937251861014	-2.50066125	-1.67713	-1.303855	-0.9136715	-0.21449432499999993	0.00925
beta[736]	-0.299627012387675	0.5831375682153955	-1.3654275	-0.7079875	-0.317629	0.079067575	0.8777402750000001	0.29825
beta[737]	-1.3309243566125	0.5457000368783991	-2.4213955	-1.7037075	-1.317865	-0.9570135	-0.29889199999999977	0.005
beta[738]	-0.749097822534175	0.5812891930269491	-1.8849879999999999	-1.1327075	-0.751718	-0.35275725	0.38503122500000003	0.09625
beta[739]	-1.284009748565	0.557874998374471	-2.42131175	-1.6531949999999997	-1.264885	-0.89982225	-0.2259476249999999	0.0075
beta[740]	-0.312549687374	0.5463022001965014	-1.35659075	-0.6919687499999999	-0.3212695	0.0545148	0.7646775000000005	0.279
beta[741]	-0.32648580345204997	0.5116141323765044	-1.3103892500000003	-0.66729025	-0.3398225	0.013542525000000001	0.6699559750000005	0.25675
beta[742]	-0.11406440343574999	0.5865442489903226	-1.2402160000000002	-0.521524	-0.1232415	0.271213	1.0750687500000005	0.414
beta[743]	-1.6639007711	0.5833700749769506	-2.855188	-2.06184	-1.65877	-1.2685	-0.51651915	0.00175
beta[744]	-0.344027844686925	0.5813052883769978	-1.5043082500000002	-0.7386974999999999	-0.3540255	0.0392229	0.8025812000000003	0.2735
beta[745]	-1.4312643827975	0.5102985550205913	-2.444829	-1.7756775	-1.41814	-1.0816375	-0.4568387749999999	0.00225
beta[746]	-1.10366510710825	0.5548502458666096	-2.1903972499999997	-1.4718625	-1.0922800000000001	-0.7432875000000001	-0.002986831499999973	0.02475
beta[747]	-1.0428022301945	0.5466624836388013	-2.1200747499999997	-1.4213525	-1.04229	-0.666246	0.04935399	0.0275
beta[748]	-1.09140569965425	0.5317755483243092	-2.15345925	-1.4473800000000001	-1.075445	-0.742829	-0.04211687499999982	0.021
beta[749]	-1.5391541081975	0.6193605845516655	-2.80243725	-1.943845	-1.525765	-1.11507	-0.34068439999999994	0.00525
beta[750]	-0.875591766354	0.5357805379675924	-1.925419	-1.228415	-0.8799950000000001	-0.5173544999999999	0.18780155000000037	0.04725
beta[751]	-1.87129133995	0.5909640648675859	-3.06272425	-2.2655275	-1.85587	-1.4647075	-0.7636972249999999	0
beta[752]	-0.40034701474465	0.6063213897845225	-1.5510295	-0.80649975	-0.4110595	-0.004802477499999999	0.8215945000000002	0.24725
beta[753]	0.414692485248025	0.628512832770135	-0.7501363749999999	-0.007486805000000001	0.39992249999999996	0.83873475	1.6975525000000005	0.25325
beta[754]	-0.84022419158375	0.5582941244747279	-1.9169079999999998	-1.2215250000000002	-0.8521115	-0.46737025	0.26940397500000024	0.06675
