variable	mean	sd	2.5%	25%	50%	75%	97.5%
phi[1]	0.415245317175	0.17344700092680065	0.06329848250000002	0.30123774999999997	0.41890499999999997	0.531334	0.7516079750000001
phi[2]	-1.327635890945	0.37459008680294187	-2.0406257500000002	-1.5808875	-1.33843	-1.076695	-0.5852888999999998
phi[3]	-0.87117910495	0.2231071969788289	-1.3038042500000002	-1.0156375	-0.8724255000000001	-0.7260065	-0.4236916999999999
phi[4]	-0.158893485961525	0.1912700325821038	-0.535157475	-0.2855255	-0.1532365	-0.0315663	0.20687362500000003
phi[5]	-0.1659725076005	0.15879173355538756	-0.4899179	-0.2695355	-0.1629835	-0.061016575	0.13903362500000016
phi[6]	-0.25717586529675	0.16237826470249628	-0.579273875	-0.36028475	-0.25589949999999995	-0.1512935	0.054763135000000074
phi[7]	-0.53952013368975	0.1976453009663162	-0.9361222	-0.66629475	-0.5390969999999999	-0.41290574999999996	-0.14706682499999998
phi[8]	0.44575087675575	0.2787763087950432	-0.10049889999999997	0.27195525	0.4483115	0.6211125000000001	1.00322325
phi[9]	-0.540473019179	0.19664006067915618	-0.9287494749999999	-0.6664807500000001	-0.5426839999999999	-0.41065450000000003	-0.15600014999999998
phi[10]	-0.2431498814622	0.1405622809348496	-0.5303041999999999	-0.33131525	-0.2372975	-0.1492415	0.0334982475
phi[11]	0.0812386873058	0.12029313752167747	-0.16064267499999998	8.207595e-5	0.0808311	0.16457249999999998	0.31641425000000006
phi[12]	-0.11290805758105	0.14305057108991667	-0.39433625	-0.20417875	-0.111399	-0.01938115	0.17182487500000002
phi[13]	-0.385207160324	0.15926463360165685	-0.70593655	-0.48359725	-0.3845285	-0.2880785	-0.06632091999999988
phi[14]	-1.91228994475	0.3263210517217011	-2.52260375	-2.1281475	-1.9204750000000002	-1.7055000000000002	-1.2173634999999998
phi[15]	-0.3168312305044675	0.15060533224270092	-0.6231181250000001	-0.41409799999999997	-0.313047	-0.2192885	-0.02512585499999998
phi[16]	-1.72760599975	0.3186433659230149	-2.345012	-1.9466999999999999	-1.728725	-1.5254275000000002	-1.0723882499999995
phi[17]	-0.050484668666300005	0.1232030541527072	-0.29243545000000004	-0.13130975	-0.04763165	0.029756425	0.18609187500000002
phi[18]	-0.568736140425	0.1341186150255991	-0.83024615	-0.65973725	-0.567766	-0.47944699999999996	-0.309909775
phi[19]	-1.16358639775	0.2072073008468245	-1.56866125	-1.3025375000000001	-1.1643249999999998	-1.0232675	-0.7541944499999998
phi[20]	-1.37735569725	0.26939532547532913	-1.8819157499999999	-1.5526950000000002	-1.38415	-1.21026	-0.8111306249999997
phi[21]	-1.131753998	0.19221061271305234	-1.5059322499999999	-1.2595049999999999	-1.12824	-1.0054825	-0.7515096749999998
phi[22]	-0.9961772495	0.18293671879881562	-1.3600712499999998	-1.1139975	-0.9972799999999999	-0.87802	-0.6356788499999999
phi[23]	-0.417202920574725	0.18568804754072984	-0.761220125	-0.54251875	-0.41986999999999997	-0.294671	-0.0505132225
phi[24]	-0.37559859324625	0.1683726071236186	-0.7141951	-0.48370375	-0.37176149999999997	-0.26901525	-0.054792255
phi[25]	-0.975198199	0.15793880268597196	-1.288132	-1.0778050000000001	-0.976	-0.8744675000000001	-0.66528335
phi[26]	-0.1301127595267	0.14357190043781987	-0.41397855	-0.22354525000000003	-0.130257	-0.037245025	0.14601282500000004
phi[27]	0.09472597638755	0.13229418211225225	-0.17531412500000002	0.0091509475	0.09815605	0.18347200000000002	0.34650825
phi[28]	0.23820140156975	0.11947517889784896	0.0018385115000000036	0.1622035	0.2380935	0.317287	0.47885447500000006
phi[29]	-1.83772874575	0.28652382941687066	-2.3915002500000004	-2.02319	-1.845155	-1.658985	-1.25344075
phi[30]	-0.9987146802075	0.35622195501272264	-1.66930425	-1.2266575	-1.00553	-0.7749032499999999	-0.279548625
phi[31]	-1.64799926875	0.2608629165737895	-2.1492755	-1.8190649999999997	-1.651615	-1.4795550000000002	-1.1191092500000002
phi[32]	-1.0170945736450001	0.32337965286875536	-1.64672575	-1.2304599999999999	-1.0217	-0.80797225	-0.3758873999999994
phi[33]	-0.24355221939725	0.1867714215657228	-0.604153025	-0.36635599999999996	-0.2440165	-0.116675	0.13312387500000003
phi[34]	-0.4718542625275	0.17711161255844896	-0.828987175	-0.5832205	-0.4679005	-0.35382325000000003	-0.14160559999999991
phi[35]	0.3912136579275	0.10492926298024557	0.18541690000000002	0.32107375	0.39329899999999995	0.45975849999999996	0.596011775
phi[36]	-0.0518965687457	0.1641393390067221	-0.38360832499999997	-0.159148	-0.050144499999999995	0.0529553	0.274287575
phi[37]	0.029872098144149994	0.13478576027383882	-0.23975069999999998	-0.0578371	0.0325221	0.120814	0.28883262500000007
phi[38]	0.005566373778200006	0.16171361800704837	-0.3201097	-0.10160875	0.00667829	0.11651225	0.30558170000000007
