hgvs_pro,score,r1,r2,r3,r4,r5
p.Ala67Ter,-1.182921339,-1.238161859,-1.424216422,0.181205654,-0.848576963,-2.584857116
p.Ala67Ala,-0.037918971,-0.193584482,-0.323967215,0.253848865,0.402863948,-0.328755971
p.Ala67Cys,-1.534260876,-1.638012513,-0.597596889,-1.995896816,-1.181899407,-2.257898763
p.Ala67Asp,-0.821078278,0.18012838,-1.166625567,-0.721049646,-0.847633115,-1.550211436
p.Ala67Glu,-0.589529932,-0.290454419,-0.747270711,-0.076791081,-0.991486935,-0.841646514
p.Ala67Phe,-1.409689169,-1.686263172,-1.399924531,-1.512044922,-0.167294132,-2.282919062
p.Ala67Gly,-0.187455157,0.161222924,-0.262018348,0.021732716,0.175644651,-1.033857729
p.Ala67His,-1.457662489,-0.902067067,-1.759571833,-1.063639051,-1.02169485,-2.541339622
p.Ala67Ile,-1.304928856,-0.42992623,-1.154870264,-0.661252474,-2.032028517,-2.246566771
p.Ala67Lys,-1.266879036,-2.143440588,-1.13506783,-0.410662075,-0.149343974,-2.495880711
p.Ala67Leu,-0.214189976,0.04494336,0.453242581,0.299355375,-0.147047496,-1.721443702
p.Ala67Met,-1.595038356,-1.220214425,-0.431190794,-2.067301686,-2.3655231,-1.890961793
p.Ala67Asn,-1.412291066,-1.111033385,-1.194366718,-1.493583292,-1.651438579,-1.611033385
p.Ala67Pro,-0.411415941,-0.52196304,-0.77058757,-0.349867194,-0.207547712,-0.207114187
p.Ala67Gln,-0.711621035,0.112499712,-0.443858434,0.347090359,-1.212786648,-2.361050169
p.Ala67Arg,-0.339133177,0.041252353,0.101058606,0.201952719,-0.457550322,-1.582379244
p.Ala67Ser,-0.304240687,0.011158622,-0.303426177,-0.390708394,-0.165409505,-0.672817979
p.Ala67Thr,-0.314356145,-0.493363879,-0.220845557,-0.036841268,-0.736695863,-0.084034161
p.Ala67Val,-0.355754773,-0.537259877,-0.41469641,-0.695211431,-0.007769216,-0.12383693
p.Ala67Trp,-1.843908431,-1.693045322,-1.848606917,-0.715437191,-2.474013252,-2.488439531
p.Ala67Tyr,-1.423620648,-1.623240619,-0.861813557,-0.769692745,-1.726516998,-2.13683931
p.Ala79Ter,-0.178773013,0.840224418,0.189953177,-0.344616435,-0.922769888,-0.656656337
p.Ala79Ala,0.114810559,0.163128089,-0.26210721,0.518616982,-0.157145995,0.311560931
p.Ala79Cys,-0.54541528,-0.654982532,-0.374185979,0.249157761,-0.84095814,-1.106107507
p.Ala79Asp,0.000297856,0.154762657,-0.019293824,0.201652425,-0.027598061,-0.308033914
p.Ala79Glu,-0.228756346,0.291795093,0.473336248,-0.044979112,-0.688441181,-1.175492777
p.Ala79Phe,-0.258413234,0.389446988,-0.464123693,0.254861439,-0.191274617,-1.280976288
p.Ala79Gly,-0.179077719,0.071108404,-0.308219669,-0.011667349,-0.172931008,-0.47367897
p.Ala79His,-0.86047343,-0.329198546,-0.922753225,0.14325209,-0.993792584,-2.199874884
p.Ala79Ile,-0.641849031,0.560588797,-0.49909396,-0.58749378,-0.452879211,-2.230367001
p.Ala79Lys,-0.71724611,-0.320487584,-0.206323606,0.069136708,-0.669675045,-2.458881028
p.Ala79Leu,-0.282259105,0.284229333,-0.393045747,-0.073755946,-0.067990451,-1.160732712
p.Ala79Met,-0.911956208,0.661422381,-0.557294699,-1.54371715,-0.540606868,-2.579584707
p.Ala79Asn,-1.020991168,-1.035660861,-0.803468049,-0.101895106,-0.490448933,-2.673482893
p.Ala79Pro,-0.715212865,-0.871189736,-0.53822137,-0.221138905,-0.769215121,-1.176299188
p.Ala79Gln,-0.729042152,-0.208051914,-1.062761172,-0.254043907,-0.005596404,-2.114757359
p.Ala79Arg,-0.496493493,0.221568949,-0.488885117,-0.62391338,-0.400423195,-1.190814719
p.Ala79Ser,0.13364302,0.170785691,0.256428608,0.256792609,0.344048348,-0.359840158
p.Ala79Thr,-0.169198655,0.131680319,-0.122751361,-3.71E-06,-0.067122628,-0.787795896
p.Ala79Val,-0.102825566,0.047593128,0.346032963,-0.016593226,-0.532254045,-0.358906653
p.Ala79Trp,-1.270019196,-1.064052153,-1.42786802,-1.526746693,-0.670680238,-1.660748889
p.Ala79Tyr,-0.362806104,-0.318313361,0.067339078,-0.033780178,-0.280094965,-1.249181092
p.Asp76Ter,-2.162454993,-2.05262743,-1.961215173,-1.693177501,-2.55262743,-2.55262743
p.Asp76Ala,-1.404358105,-1.499403678,-0.817203116,-1.499251628,-1.180692915,-2.025239164
p.Asp76Cys,-2.214524736,-1.895962229,-2.151934671,-2.532415272,-1.92371033,-2.568601338
p.Asp76Asp,-0.38853829,-0.460232295,-0.558972907,-0.488208362,-0.164225926,-0.271051964
p.Asp76Glu,-1.107550334,-1.450338063,-1.291902679,-0.642154472,-1.172317498,-0.981038963
p.Asp76Phe,-1.518833286,-1.218833285,-1.302166618,-1.635499952,-1.718833285,-1.718833285
p.Asp76Gly,-0.838916698,-0.606718903,-1.058602232,-0.684349132,-0.66401361,-1.180899604
p.Asp76His,-0.452332029,-0.023696807,-0.773553549,-0.701676264,-0.10655514,-0.656178381
p.Asp76Ile,-2.282263859,-2.096991447,-2.18032478,-1.940020335,-2.596991447,-2.596991447
p.Asp76Lys,-2.090122434,-2.025608663,-1.293882132,-2.079904041,-2.525608663,-2.525608663
p.Asp76Leu,-2.011147614,-1.732692779,-1.020740608,-1.862002684,-2.720151044,-2.720151044
p.Asp76Met,-2.17772833,-1.867451788,-1.950785122,-2.335501097,-2.367451788,-2.367451788
p.Asp76Asn,-1.108865586,-1.266040519,-1.167906991,-1.015408006,-1.267905025,-0.827067388
p.Asp76Pro,-1.558829146,-0.582414635,-1.238198866,-1.430027461,-2.222022182,-2.32148255
p.Asp76Gln,-1.822222382,-1.778433207,-1.69418459,-1.207432766,-2.073597869,-2.357463447
p.Asp76Arg,-2.4652598,-2.040034687,-2.273691533,-2.631856537,-2.690358199,-2.690358199
p.Asp76Ser,-2.175866743,-1.325149146,-2.067901953,-2.131285683,-2.677498498,-2.677498498
p.Asp76Thr,-2.155217559,-2.200162647,-2.248385326,-0.997435901,-2.665051993,-2.665051993
p.Asp76Val,-0.803129932,-0.376591646,-0.815963093,-0.518344775,-1.25832048,-1.046429665
p.Asp76Trp,-2.136362777,-1.2688255,-2.105544175,-2.263022515,-2.522210841,-2.522210841
p.Asp76Tyr,-0.891091468,-1.049334665,-0.957159412,-0.834970383,-0.988939752,-0.625053136
p.Asp77Ter,-0.759056257,-0.701001654,-0.780221169,-0.355950524,-0.988923798,-0.969184147
p.Asp77Ala,-0.025179276,0.425316407,0.040605241,-0.260248046,0.138844771,-0.47041475
p.Asp77Cys,-0.787162924,-0.636971931,-0.43160298,-1.044977712,-0.593206576,-1.229055426
p.Asp77Asp,0.108462642,0.011990341,0.03691739,0.103009785,0.063248633,0.327147063
p.Asp77Glu,-0.201645922,-0.356927806,0.558158327,-0.105544004,-0.429186761,-0.674729368
p.Asp77Phe,-1.190625806,-1.543438805,-0.865792355,-0.860101479,-1.129888881,-1.553907502
p.Asp77Gly,0.096766775,0.281773953,0.387501472,0.133085237,0.208019683,-0.52654647
p.Asp77His,-0.4661427,0.119609013,-0.675276404,0.275212551,-1.142057562,-0.908201094
p.Asp77Ile,-0.869157549,-0.58141425,-0.697123005,-1.245297181,-1.305832369,-0.516120947
p.Asp77Lys,NA,NA,NA,NA,NA,NA
p.Asp77Leu,-0.844921779,-0.669537222,-0.875524074,-0.045488731,-1.318930958,-1.315127912
p.Asp77Met,-0.8545018,-0.023444252,-0.935691088,-1.308544794,-0.375710225,-1.629118637
p.Asp77Asn,-0.217031027,-0.537394167,-0.494450774,-0.495288843,-0.040303407,0.482282058
p.Asp77Pro,-1.048988378,-0.867830995,-0.362330739,-0.812665935,-1.263115273,-1.938998956
p.Asp77Gln,-1.133177137,-1.422556574,-0.700420908,-0.063791927,-1.183983746,-2.295132539
p.Asp77Arg,-0.672981733,-0.012188788,-0.416238141,-1.080704526,-0.519012399,-1.336764807
p.Asp77Ser,-0.418428882,-0.615704516,0.122970317,-1.071561776,0.078700432,-0.606548864
p.Asp77Thr,-0.867967561,0.460352218,0.055720495,-1.33728031,-1.063590352,-2.455039854
p.Asp77Val,-0.096600137,0.360938686,0.016969429,-0.181776742,0.030475156,-0.709607212
p.Asp77Trp,-0.442720975,0.246132382,-1.007625457,-0.267670789,-0.249426018,-0.93501499
p.Asp77Tyr,-0.346449417,-0.645238274,-0.404566996,-0.338759916,-0.41169027,0.068008369
p.Asp78Ter,-1.989275541,-1.81970991,-1.903043243,-2.236376576,-1.667538044,-2.31970991
p.Asp78Ala,-1.369517613,-1.309307995,-1.293802717,-1.370883751,-2.080489891,-0.79310371
p.Asp78Cys,-1.561556356,-1.522210841,-1.713644292,-1.046669512,-2.022210841,-1.503046307
p.Asp78Asp,-0.022134136,-0.132790648,-0.092462743,-0.0008582,-0.090262936,0.205703844
p.Asp78Glu,-1.082315395,-1.336834727,-1.052194279,-0.786472505,-1.088159768,-1.147915708
p.Asp78Phe,-1.845604575,-1.6215049,-1.704838233,-1.958330409,-1.81152592,-2.131823405
p.Asp78Gly,-1.393584925,-1.528842376,-1.074306523,-1.43700236,-1.286798442,-1.640974933
p.Asp78His,-0.709950589,-0.881950864,-0.187281343,-0.798534809,-0.977206876,-0.704779056
p.Asp78Ile,-2.086919453,-1.97873302,-2.096216887,-1.786100592,-2.47873302,-2.094813681
p.Asp78Lys,-1.718555862,-1.88046681,-1.963800143,-1.868055869,-0.499989626,-2.38046681
p.Asp78Leu,-1.951861532,-1.628029303,-1.659275975,-2.433206745,-1.609786058,-2.429009546
p.Asp78Met,-1.620598042,-1.320598039,-1.403931372,-1.737264705,-1.820598039,-1.820598039
p.Asp78Asn,-0.97520928,-1.476568765,-1.224935889,-0.236051238,-1.278385148,-0.660105352
p.Asp78Pro,-2.092866021,-1.83681696,-1.920150293,-2.268484779,-2.33681696,-2.102061115
p.Asp78Gln,-1.937648084,-1.006682006,-1.941543419,-2.274876752,-2.106928192,-2.358210085
p.Asp78Arg,-2.443562165,-2.538643286,-1.841030068,-2.179545052,-3.038643286,-2.619949187
p.Asp78Ser,-1.838908866,-1.809374034,-1.942110399,-1.796416529,-2.816722968,-0.829920428
p.Asp78Thr,-2.187747742,-1.957786939,-2.041120272,-2.374453606,-2.467930473,-2.097447524
p.Asp78Val,-1.125017032,-1.354961493,-1.250692967,-1.267475096,-0.668286594,-1.083669025
p.Asp78Trp,-2.483237028,-2.183237083,-2.266570416,-2.599903749,-2.683237083,-2.683237083
p.Asp78Tyr,-0.794566181,-1.235363841,-1.062918004,-0.622274457,-0.459260886,-0.593013722
p.Asp82Ter,-1.585109193,-1.661546674,-1.744880008,-1.511636005,-0.990996266,-2.016486985
p.Asp82Ala,-1.952854661,-1.943387705,-1.6170673,-2.283093979,-1.797950047,-2.122774275
p.Asp82Cys,-1.068625853,-0.01618359,-1.964858571,-1.067920621,-0.56115653,-1.733009951
p.Asp82Asp,NA,NA,NA,NA,NA,NA
p.Asp82Glu,-1.051369076,-1.39797442,-1.357016011,-0.242574762,-1.175436755,-1.083843439
p.Asp82Phe,-1.705029403,-1.492484435,-1.637006932,-1.75893277,-1.989125015,-1.647597837
p.Asp82Gly,-1.172703936,-1.400929276,-1.356723348,-0.979765409,-0.818649551,-1.307452089
p.Asp82His,-1.169258803,-1.248768899,-1.2708193,-1.295061247,-0.886014962,-1.145629594
p.Asp82Ile,-1.632785238,-1.486202039,-1.57909055,-1.61667563,-1.868189887,-1.613768104
p.Asp82Lys,-1.42211758,-1.437639642,-1.322133508,-0.699394374,-1.873091058,-1.778329293
p.Asp82Leu,-1.977278692,-0.978944416,-2.059964372,-2.143650353,-2.477514003,-2.226320266
p.Asp82Met,-1.616565275,-1.548564016,-1.63189735,-1.148846971,-2.049446981,-1.704071047
p.Asp82Asn,-0.513128073,0.230378975,-0.561757893,-0.83073225,-0.574832073,-0.828697124
p.Asp82Pro,-2.00292245,-1.702922429,-1.786255762,-2.119589095,-2.202922429,-2.202922429
p.Asp82Gln,-1.724215304,-1.453690946,-1.53702428,-1.722979352,-1.953690946,-1.953690946
p.Asp82Arg,-2.0270019,-2.149587504,-2.232920837,-2.56625417,-1.645870495,-1.540376438
p.Asp82Ser,-1.850692959,-2.100622323,-2.177730829,-1.835559231,-1.134210535,-2.00534189
p.Asp82Thr,-2.050865082,-1.310452532,-1.945482706,-2.278816039,-2.362149372,-2.357424788
p.Asp82Val,-1.098419254,-1.389485397,-0.88690916,-0.961690355,-1.17383622,-1.080175148
p.Asp82Trp,-1.895628033,-1.870955191,-1.954288525,-1.756694352,-2.105719944,-1.790482135
p.Asp82Tyr,-0.555663931,-0.839194692,-0.374694851,-0.344381444,-0.756859128,-0.463189536
p.Asp84Ter,-0.973771604,-0.386772632,-1.395839209,-0.279689795,-0.440978912,-2.365577474
p.Asp84Ala,-0.801272516,-1.055454701,-0.480077084,-1.206742682,-0.647815981,-0.616272137
p.Asp84Cys,-0.795569312,-0.098531884,-0.604418892,-0.860231822,-0.72474451,-1.689919447
p.Asp84Asp,NA,NA,NA,NA,NA,NA
p.Asp84Glu,-0.799083657,-0.487161365,-0.74775033,-0.691535636,-0.868978446,-1.199992511
p.Asp84Phe,-1.177846205,-0.631367709,-0.982548875,-1.090497355,-1.047452883,-2.1373642
p.Asp84Gly,-0.526179268,-0.378735946,-0.22262518,-0.775504228,-0.582049645,-0.671981344
p.Asp84His,-1.175383521,-0.270686266,-1.005922846,-1.356662983,-1.759476296,-1.484169226
p.Asp84Ile,-1.181640981,-0.958833687,-1.220460307,-0.054411812,-1.295592071,-2.378907017
p.Asp84Lys,-1.481363567,-1.271809366,-2.069180249,-0.034457883,-2.174500071,-1.856870262
p.Asp84Leu,-1.043960734,-0.358262155,-1.246165904,-0.91021286,-0.298176941,-2.406985809
p.Asp84Met,-1.197602174,-0.746528441,-0.979862219,-0.900906662,-0.651549289,-2.709164256
p.Asp84Asn,-0.449847492,0.126676287,-0.948682735,-0.121295874,-0.869716067,-0.436219073
p.Asp84Pro,-1.783441905,-1.244771071,-1.594936852,-1.424952548,-2.561851998,-2.09069708
p.Asp84Gln,-1.658495123,-0.584844883,-1.674561638,-2.039104641,-1.433725213,-2.560239218
p.Asp84Arg,-1.445899456,-1.697874851,-1.349273297,-0.002600921,-1.146123558,-3.033624649
p.Asp84Ser,-0.983119685,-1.211500975,-1.090055936,-0.219006922,-0.612366668,-1.782667929
p.Asp84Thr,-1.078469347,-0.010848229,-1.462707862,-1.047760528,-1.946860765,-0.924169358
p.Asp84Val,-0.443607237,-0.50402022,-0.467514361,-0.669392046,0.205652126,-0.782761682
p.Asp84Trp,-1.644793877,-0.403846077,-2.208972028,-2.021784871,-0.892276291,-2.697090105
p.Asp84Tyr,-0.729906354,-1.181450639,-1.292792714,0.089811608,-0.88871416,-0.376385861
p.Asp89Ter,-0.564458635,-0.176274194,-0.588195934,-0.240870339,-0.053011166,-1.763941539
p.Asp89Ala,-0.086503248,0.275380446,0.863982839,-0.596825026,-0.298267891,-0.676786606
p.Asp89Cys,-0.058995836,0.196359095,0.466290506,-0.046483603,0.09514599,-1.006291167
p.Asp89Asp,0.045028515,-0.048880993,-0.039640403,0.071261551,-0.008337583,0.250740002
p.Asp89Glu,0.353705752,0.742081607,0.486367985,0.502917146,0.797688642,-0.760526621
p.Asp89Phe,0.091427169,0.646639241,0.549466148,-0.074782404,0.101868072,-0.766055214
p.Asp89Gly,0.467620916,0.474735463,0.737836016,0.486996238,0.631976165,0.0065607
p.Asp89His,-0.329410471,0.444124407,-0.354334711,-0.586583321,-0.345679721,-0.804579011
p.Asp89Ile,0.124098917,0.472981566,0.748005045,0.487119183,0.148708595,-1.236319802
p.Asp89Lys,-0.846129382,0.087486842,-0.219620311,-1.589224975,-0.215454649,-2.293833809
p.Asp89Leu,0.014512707,0.284479126,0.343935593,0.308316242,-0.439120328,-0.4250471
p.Asp89Met,-0.43347303,0.54584399,0.794129855,-1.382082372,0.480752593,-2.606009217
p.Asp89Asn,0.235978147,0.61890506,0.109958386,-0.004835203,0.17122435,0.284638145
p.Asp89Pro,-0.873360038,-0.302246058,-1.104047338,-0.470966953,-0.729325859,-1.76021399
p.Asp89Gln,-0.710870693,-0.153984973,0.058722643,-1.500566083,0.286303698,-2.244828749
p.Asp89Arg,0.084589155,0.322054116,-0.201368001,0.124306134,0.474403075,-0.296449552
p.Asp89Ser,0.180738727,0.739475638,0.534218528,0.110776408,0.701709634,-1.182486574
p.Asp89Thr,-0.34242588,0.629291215,-0.393297174,-0.335092022,0.726378543,-2.339409965
p.Asp89Val,0.225265351,0.382883188,0.525221195,-0.025130641,0.465043525,-0.22169051
p.Asp89Trp,-0.596484703,-0.058599045,-0.678289561,-0.302289111,-0.423371458,-1.519874335
p.Asp89Tyr,0.019983798,0.476067918,0.151188473,0.125346705,-0.095048816,-0.557635287
p.Asp95Ter,-0.832574105,-0.223862892,-0.981105273,-0.530882323,-0.667223311,-1.759796728
p.Asp95Ala,0.014064865,0.064749772,-0.345972763,0.798853089,-0.159204682,-0.28810109
p.Asp95Cys,-1.473458681,-0.494698589,-1.393487778,-1.0988997,-1.686679073,-2.693528288
p.Asp95Asp,-0.553640116,-0.078313612,-0.371133529,-0.662033274,-0.79521129,-0.861508877
p.Asp95Glu,-0.46736719,-0.30378404,-0.70462497,0.020379655,-0.763293832,-0.585512762
p.Asp95Phe,-0.781830982,0.261696102,-1.236554394,-0.196841445,-1.273643828,-1.463811345
p.Asp95Gly,-0.800581035,-0.142183885,-0.687162906,-0.319745035,-1.235993134,-1.617820217
p.Asp95His,-0.552274518,-0.752169868,-0.723897459,0.146276411,-0.827867555,-0.603714121
p.Asp95Ile,-0.53543898,0.626208831,-0.383833898,-0.751822087,-1.021257609,-1.14649014
p.Asp95Lys,-0.701604295,0.295349376,-0.113102948,-0.920354666,-0.779781832,-1.990131412
p.Asp95Leu,-1.181494367,-1.076396758,-0.90794906,-1.045752802,-0.963821871,-1.913551353
p.Asp95Met,-1.23756895,-0.547518053,-0.97441468,-0.862240533,-1.333913502,-2.469757967
p.Asp95Asn,-0.592172833,-0.356756202,-0.824798304,-0.695362516,-0.497307884,-0.586639255
p.Asp95Pro,-1.458811372,-1.550109555,-0.85625277,-1.751560983,-1.0216178,-2.114515746
p.Asp95Gln,-0.599009851,0.052903958,-0.886184319,-0.810510027,-0.085970309,-1.265288557
p.Asp95Arg,-0.790559787,-0.706193448,-0.580901658,-0.107622994,0.117837036,-2.675917869
p.Asp95Ser,-0.873710482,-0.451937227,-1.285111478,-0.860686321,-0.384115432,-1.386701951
p.Asp95Thr,-1.83575585,-1.657617517,-1.067598645,-1.602577879,-2.185389771,-2.665595504
p.Asp95Val,-0.496299194,-0.319453011,-0.187407432,-0.524996354,-0.288779567,-1.160859603
p.Asp95Trp,-1.357941591,0.05534083,-1.046487255,-0.521805523,-2.3430397,-2.933716299
p.Asp95Tyr,-0.444486888,-0.326300478,-0.361755289,-0.364258363,-0.454076645,-0.716043666
p.Glu66Ter,-0.764135247,-0.941024196,-0.431697057,-0.548548708,-1.108933848,-0.79047242
p.Glu66Ala,-0.323285867,-0.106185417,0.147835023,-0.294612571,0.100360399,-1.463826774
p.Glu66Cys,-1.506079863,-0.376616865,-0.363138061,-2.261379727,-2.397832005,-2.13143267
p.Glu66Asp,-0.680758491,-0.999209409,-0.679343876,-0.056735544,-1.005968294,-0.662535328
p.Glu66Glu,NA,NA,NA,NA,NA,NA
p.Glu66Phe,-1.277951247,-1.394574589,-0.524375037,-1.735729594,-0.840502426,-1.894574589
p.Glu66Gly,-0.583748197,-0.019639616,-0.729689999,-0.439624378,-0.70120962,-1.028577369
p.Glu66His,-1.765556953,-1.53302775,-1.616361083,-1.503895245,-2.141472939,-2.03302775
p.Glu66Ile,-1.583951485,-1.725953505,-1.809286838,-1.145847294,-1.193043851,-2.045625907
p.Glu66Lys,-0.625403948,-0.281791675,-0.271749849,-0.914580331,-0.754397591,-0.904500293
p.Glu66Leu,-0.983934482,-0.373488505,-0.913017668,-0.401225796,-1.119195688,-2.112744763
p.Glu66Met,-1.265979704,-1.471373942,-1.191005888,-0.078012816,-1.746175356,-1.843330528
p.Glu66Asn,-1.091559072,-1.668378296,-1.045825598,0.170226126,-1.041505529,-1.872312073
p.Glu66Pro,-1.049141164,-0.748455562,-1.241094544,-0.041724989,-0.385862583,-2.828568131
p.Glu66Gln,-0.800338283,-0.380731564,-0.42211237,-1.154059509,-0.575598845,-1.469189122
p.Glu66Arg,-0.974614363,-0.098152287,-0.824166934,-0.352402278,-0.502325902,-3.096024422
p.Glu66Ser,-1.427200376,-1.02207112,-1.039992369,-1.58228653,-1.041722551,-2.44992933
p.Glu66Thr,-1.651707406,-1.563643232,-1.594732023,-1.940993509,-0.069781671,-3.089386609
p.Glu66Val,-0.731049761,-1.04715588,-0.60394641,-0.266516729,-0.48537576,-1.252254027
p.Glu66Trp,-1.008762128,-0.339144899,-1.310398136,-1.239893315,-0.719681236,-1.434693058
p.Glu66Tyr,-1.409426312,-0.730206373,-1.357362587,-0.943251873,-1.614331791,-2.401978938
p.Glu86Ter,-0.186443652,0.193232724,-0.119634609,-0.284738979,-0.102178968,-0.618898427
p.Glu86Ala,-0.819008951,-0.151559059,-1.349967308,0.084080286,-0.489992636,-2.187606043
p.Glu86Cys,-0.866473504,0.068952788,-0.857811629,-0.362003965,-0.272896915,-2.908607793
p.Glu86Asp,-0.337932002,-0.235141683,-0.389137614,-0.420050555,-0.552008289,-0.093321866
p.Glu86Glu,-0.219102792,0.014629685,0.04278218,-0.621504236,-0.225213708,-0.306207883
p.Glu86Phe,-0.644318644,-0.35234224,-0.589695942,-0.315824714,-0.19605472,-1.76767561
p.Glu86Gly,-0.436815706,0.027290019,-0.369617439,-0.063172534,-0.137360304,-1.641218268
p.Glu86His,-1.186102045,-0.857400604,-1.288470686,-0.95178279,-1.558266137,-1.274590001
p.Glu86Ile,-1.167105279,-0.536619254,-0.676110948,-0.874669498,-1.337411647,-2.410715037
p.Glu86Lys,-0.632689906,-1.394777115,-0.781539767,0.206340636,-0.743432365,-0.450040923
p.Glu86Leu,-0.598068483,0.468220661,-0.713726166,-0.077606645,-0.797839309,-1.869390958
p.Glu86Met,-0.982320573,0.316677087,-0.662436744,-0.70336842,-1.252502008,-2.60997278
p.Glu86Asn,-1.225322915,-1.013956358,-0.735584899,-0.236522941,-2.035584843,-2.104965544
p.Glu86Pro,-1.864577248,-2.163547459,-1.624737997,-1.968947746,-0.781863278,-2.783789781
p.Glu86Gln,-0.752918298,-0.53689251,-0.983814882,-0.91797556,-0.141433149,-1.184475385
p.Glu86Arg,-0.850634348,-0.052713528,-1.035890624,0.050664506,0.054240309,-3.269472409
p.Glu86Ser,-1.190516836,-0.43193292,-1.478287562,-0.067932284,-1.076388557,-2.898042843
p.Glu86Thr,-1.76132252,-1.125637925,-1.603038554,-1.448092271,-1.761204815,-2.868639037
p.Glu86Val,-0.278154909,-0.515094559,-0.307635644,0.280059649,0.107404733,-0.955508723
p.Glu86Trp,-0.985594539,-0.286781063,-0.685069408,-0.665849856,-0.693744643,-2.596527733
p.Glu86Tyr,-0.826210909,-0.553220847,-0.694761536,-0.724044195,-1.031608016,-1.12741995
p.Glu87Ter,0.183210636,0.709834037,0.262270877,0.19617481,0.073617835,-0.325844377
p.Glu87Ala,-0.164775418,-0.057449688,-0.486762735,0.287472333,0.137981869,-0.705118868
p.Glu87Cys,-0.798620502,-0.665336153,-0.52034436,-0.13360252,-0.544622559,-2.129196915
p.Glu87Asp,-0.365341687,-0.09666835,0.13779164,-0.333368173,-0.795900258,-0.738563295
p.Glu87Glu,-0.241821368,-0.490641018,-0.55523702,0.002452275,0.570083549,-0.735764626
p.Glu87Phe,-0.393641457,0.463465693,-0.521414201,-0.078488295,-0.071332898,-1.760437587
p.Glu87Gly,-0.164277641,0.295383627,-0.151437902,-0.122014129,-0.176234902,-0.667084899
p.Glu87His,-1.492134633,-1.466117526,-0.51911631,-1.623060207,-1.67733935,-2.175039747
p.Glu87Ile,-0.732528515,-1.261054516,-0.69921758,0.235291688,0.720537772,-2.65819994
p.Glu87Lys,-0.062747797,-0.42050474,0.103274126,-0.203677395,0.771256478,-0.564087453
p.Glu87Leu,-0.265929844,-0.506728562,-0.279162727,-0.327250277,0.138288813,-0.35479647
p.Glu87Met,-1.277902367,-0.885975813,-1.64366445,-0.885107407,-0.749009763,-2.225754393
p.Glu87Asn,-0.281384598,-0.323462246,0.991023866,-0.186720077,0.415703566,-2.303468099
p.Glu87Pro,-1.796811383,-1.874967861,-1.829457633,-1.350283978,-1.885021926,-2.044325567
p.Glu87Gln,-0.989500738,-1.29085363,-0.68677722,-0.646426427,-1.288343145,-1.035103274
p.Glu87Arg,-0.902501021,-0.693923089,0.080549923,-1.312719483,-0.068277194,-2.51813527
p.Glu87Ser,-0.338955768,-0.742417931,0.232331606,0.14329237,0.232608711,-1.560593596
p.Glu87Thr,-1.076235109,-0.646881668,-0.5757391,-0.413656753,-1.19424092,-2.550657112
p.Glu87Val,-0.096279162,-0.351962081,-0.031016307,0.371307558,0.02253046,-0.492255443
p.Glu87Trp,-1.283447229,-1.111508999,-1.742402669,-1.13092481,-0.346153486,-2.086246193
p.Glu87Tyr,-0.569900252,-0.751454693,-0.243674093,-0.176472,-0.344121845,-1.333778626
p.Glu90Ter,0.154652135,0.473087847,0.044185145,0.315928642,0.676625765,-0.736566722
p.Glu90Ala,-0.260848985,0.193096833,0.180595245,-0.037152426,-0.466188552,-1.174596026
p.Glu90Cys,-1.063822876,-1.530947286,-1.147797755,0.12405943,-0.341964006,-2.422464758
p.Glu90Asp,-0.04823303,0.542697843,0.237031541,-0.19058527,-0.416287288,-0.414021976
p.Glu90Glu,-0.137200902,-0.397846993,-0.258470482,-0.054619139,-0.020900442,0.045832547
p.Glu90Phe,-1.441701744,-0.706840222,-1.441030264,-1.244818859,-1.595677608,-2.220141743
p.Glu90Gly,0.098748193,0.256923182,-0.118547079,0.370375091,0.240181635,-0.255191863
p.Glu90His,-1.004148138,-0.304179041,-1.126602543,-0.910059626,-0.072037891,-2.607861598
p.Glu90Ile,-0.567973303,-0.352234474,-0.196776148,-0.388625062,-0.301403146,-1.600827684
p.Glu90Lys,0.002264809,-0.285517535,-0.204315989,0.404011873,0.053597775,0.04354792
p.Glu90Leu,-0.326155131,0.28660019,-0.011137242,-0.419418757,0.468369127,-1.955188973
p.Glu90Met,-0.652639189,0.248260552,-0.439674659,0.301593699,-0.977411383,-2.395964153
p.Glu90Asn,-1.056068975,-1.357753702,-1.119656421,-0.198370293,-0.676629008,-1.927935458
p.Glu90Pro,-1.360715983,-1.06562817,-1.42333828,-1.600801401,-1.560915481,-1.152896579
p.Glu90Gln,-0.291902584,-0.120152418,-0.015612529,-0.134307176,-0.378626327,-0.81081447
p.Glu90Arg,-0.25258592,0.450913667,0.367923863,0.226356593,-0.075849864,-2.232273861
p.Glu90Ser,-0.254728113,0.151031589,0.489205952,-0.251826578,0.333044952,-1.995096479
p.Glu90Thr,-0.013227946,0.438548683,0.63078164,0.659331742,-0.546320227,-1.248481566
p.Glu90Val,0.126110496,0.326312577,0.443658521,0.330619849,0.411370016,-0.881408485
p.Glu90Trp,-0.639268585,-0.896733217,0.323638215,-0.159090805,-0.278037664,-2.186119456
p.Glu90Tyr,-0.614955035,0.27944998,-0.517865258,-0.01175461,-1.185437331,-1.639167956
p.Glu94Ter,-0.690304259,-0.862059468,-0.775892465,-0.535069568,-0.79082122,-0.48767857
p.Glu94Ala,-1.735415744,-1.057056374,-1.949896905,-1.347882456,-2.064684043,-2.257558991
p.Glu94Cys,-1.58249569,-1.33718222,-1.420515554,-1.480416231,-1.83718222,-1.83718222
p.Glu94Asp,-0.794020614,-0.428767208,-0.576113613,-0.888900934,-1.132053608,-0.944267711
p.Glu94Glu,-0.788940513,-0.005037685,-1.135923229,-0.874849648,-1.088811695,-0.840080303
p.Glu94Phe,-2.019853676,-1.719853679,-1.803187012,-2.136520345,-2.219853679,-2.219853679
p.Glu94Gly,-1.017145377,-0.415050433,-1.45831,-0.979897792,-0.935395782,-1.297072868
p.Glu94His,NA,NA,NA,NA,NA,NA
p.Glu94Ile,-1.862578376,-1.562578378,-1.645911712,-1.979245045,-2.062578378,-2.062578378
p.Glu94Lys,-0.059331683,-0.111753741,-0.436021328,0.267538619,0.067346178,-0.083768145
p.Glu94Leu,-1.673616554,-1.347862004,-1.709066215,-0.632756618,-2.268282074,-2.410115859
p.Glu94Met,-1.974393388,-1.219673007,-2.125249462,-1.3918263,-2.567609041,-2.567609041
p.Glu94Asn,-1.720927767,-1.420927764,-1.504261097,-1.837594431,-1.920927764,-1.920927764
p.Glu94Pro,-1.776810172,-1.417608867,-1.488181782,-2.182423415,-1.409252766,-2.386584038
p.Glu94Gln,-0.931759406,-0.106670772,-0.73125733,-1.274366303,-1.347541009,-1.198961615
p.Glu94Arg,-2.161766911,-0.659276194,-2.548551872,-2.187913895,-2.4235487,-2.989544013
p.Glu94Ser,-1.930161141,-1.455795118,-1.499974284,-1.886837873,-2.404099216,-2.404099216
p.Glu94Thr,-1.829611331,-1.50959293,-1.592926263,-2.026351584,-2.00959293,-2.00959293
p.Glu94Val,-0.767758373,-0.165879594,-0.633432433,-0.82756828,-1.136864168,-1.075047384
p.Glu94Trp,-1.816273035,-1.088072837,-1.956193508,-1.291378547,-2.372860175,-2.372860175
p.Glu94Tyr,-1.826831162,-1.52683117,-1.610164503,-1.943497836,-2.02683117,-2.02683117
p.Phe65Ter,-1.65441096,-1.454005563,-1.548351474,-1.381952267,-1.621719641,-2.266025804
p.Phe65Ala,-1.854389176,-1.730474429,-1.813807763,-1.266714761,-2.230474429,-2.230474429
p.Phe65Cys,-1.245129831,-1.458285872,-1.396254257,-0.807225476,-0.910931056,-1.652952483
p.Phe65Asp,-1.808721424,-1.723153131,-1.316468965,-1.385082724,-2.181463808,-2.437438486
p.Phe65Glu,-1.554444008,-1.071468612,-1.794024944,-0.872364018,-1.511180943,-2.52318155
p.Phe65Phe,-0.621937802,-0.145890867,-0.910254792,-1.025461238,-0.102137565,-0.925944544
p.Phe65Gly,-1.878630821,-2.125483542,-2.035918482,-0.12358626,-2.221254527,-2.886911269
p.Phe65His,-1.426307915,-1.454223823,-0.7238683,-1.87089049,-1.128333156,-1.954223823
p.Phe65Ile,-1.265334175,-1.336496491,-1.294379482,-1.231886223,-1.402077587,-1.061831078
p.Phe65Lys,-1.603226473,-0.398163832,-1.031180905,-2.138080878,-2.227292541,-2.221414212
p.Phe65Leu,-0.299294092,-0.232007213,-0.348540228,-0.258119695,0.254310009,-0.912113334
p.Phe65Met,-1.874766304,-1.78083008,-1.630720737,-1.40062055,-2.28083008,-2.28083008
p.Phe65Asn,-1.820979568,-1.972438456,-0.475512162,-2.389105123,-1.850825329,-2.417016799
p.Phe65Pro,-1.793969341,-1.677346167,-0.843795322,-2.094012834,-2.177346167,-2.177346167
p.Phe65Gln,-1.743925178,-1.742795061,-1.826128394,-2.159461728,-0.748445654,-2.242795061
p.Phe65Arg,-1.841765191,-1.832128617,-1.233834338,-0.932640922,-2.605111058,-2.605111058
p.Phe65Ser,-0.799513212,-0.481712304,-0.934663273,-0.837795704,-0.951948479,-0.791446304
p.Phe65Thr,-1.343184702,-1.646272214,-0.81809986,-1.006620004,-1.098659235,-2.146272214
p.Phe65Val,-1.134241907,-1.28439517,-0.734238664,-1.225381557,-1.270677065,-1.15651709
p.Phe65Trp,-1.782666427,-1.450174128,-0.436658419,-2.217306181,-2.283508155,-2.525685271
p.Phe65Tyr,-0.785866606,-0.886354105,-0.251158158,-0.821367163,-0.858811974,-1.111641623
p.Phe91Ter,-1.374716736,-0.50372485,-0.503388647,-1.098234757,-2.300649768,-2.467585661
p.Phe91Ala,-2.173069767,-1.847196538,-2.307907699,-1.59746217,-2.460848475,-2.651933824
p.Phe91Cys,-1.732929603,-1.333885323,-1.83438714,-1.776712772,-2.048497305,-1.671165467
p.Phe91Asp,-2.277476392,-1.48061254,-2.326189415,-2.54048271,-2.883451138,-2.156645992
p.Phe91Glu,-2.17797237,-2.023863924,-1.637829661,-1.779719873,-2.732884523,-2.715563752
p.Phe91Phe,-0.891151539,-0.283524589,-1.05670891,-1.058494262,-1.143405154,-0.913624776
p.Phe91Gly,-1.923340809,-0.259830697,-1.585699958,-2.158594893,-2.338264643,-3.274313929
p.Phe91His,-1.978605845,-1.517668595,-0.660277973,-2.051947463,-2.786537899,-2.876597352
p.Phe91Ile,-0.94414074,-0.781671974,-1.082010908,-0.879498165,-1.135350124,-0.842172531
p.Phe91Lys,-1.732970626,-0.817192302,-1.054210416,-2.721405559,-1.785965853,-2.286078945
p.Phe91Leu,-0.609547747,-0.855866195,0.145939845,-0.382769736,-0.870970722,-1.084071929
p.Phe91Met,-1.654829033,-1.808009354,-1.104713199,-1.343585682,-1.566191019,-2.451645875
p.Phe91Asn,-1.743761083,-1.469035214,-0.799921218,-2.295332038,-1.952212749,-2.202304181
p.Phe91Pro,-1.935707261,-0.995944949,-2.007116983,-1.954869316,-2.760368971,-1.960236042
p.Phe91Gln,-2.044872143,-1.160668435,-1.598364898,-2.333691205,-2.503909359,-2.627726852
p.Phe91Arg,-1.778687553,-0.987841538,-1.316713865,-2.323460874,-1.676437009,-2.588984416
p.Phe91Ser,-0.938072006,-0.935785387,-0.90787475,-1.223631859,-0.798159176,-0.82490886
p.Phe91Thr,-2.319857831,-2.34780728,-2.451493586,-2.473753135,-2.84780728,-1.478427862
p.Phe91Val,-1.358896666,-0.789968383,-1.068849386,-2.151482602,-1.019383801,-1.764799152
p.Phe91Trp,-1.973475397,-0.62136616,-1.802485913,-2.302542169,-2.435992649,-2.704990108
p.Phe91Tyr,-1.102842002,-1.018713184,-0.885673165,-1.002999598,-1.393794972,-1.213029084
p.Gly81Ter,-2.219229256,-2.004881669,-2.088215002,-2.402690264,-2.504881669,-2.095477504
p.Gly81Ala,-1.434290434,-1.469114803,-1.773077956,-1.757171479,-0.85257538,-1.319512556
p.Gly81Cys,-0.761797845,-0.859294528,-0.44343934,-0.557637744,-1.200806948,-0.747810665
p.Gly81Asp,-1.078808424,-1.324273335,-1.318925826,-0.98187173,-0.758410295,-1.010560924
p.Gly81Glu,-2.178005804,-1.228447751,-2.249661573,-2.582994907,-2.162596561,-2.66632824
p.Gly81Phe,-0.995772371,-0.848698185,-0.53905212,-0.821722786,-0.159064977,-2.610323784
p.Gly81Gly,-0.910574547,-0.990027491,-1.058646679,-0.656190833,-1.027953536,-0.820054191
p.Gly81His,-1.988936289,-1.688936284,-1.772269618,-2.105602951,-2.188936284,-2.188936284
p.Gly81Ile,-1.919102921,-1.575994597,-1.905580232,-1.346656596,-2.579934321,-2.187348861
p.Gly81Lys,-1.826800528,-1.872860175,-1.956193508,-0.559228628,-2.372860175,-2.372860175
p.Gly81Leu,-1.527807681,-1.371374694,-1.361955361,-1.275479116,-0.892727548,-2.737501701
p.Gly81Met,-2.102114443,-1.565912878,-1.649246211,-2.371090163,-2.367623745,-2.556699217
p.Gly81Asn,-1.756915224,-0.12759169,-1.319768492,-2.204935054,-2.535786964,-2.596493928
p.Gly81Pro,-1.779516802,-0.720382582,-1.390629787,-2.311543064,-2.213955781,-2.261072767
p.Gly81Gln,-2.117723189,-1.817723187,-1.901056521,-2.234389854,-2.317723187,-2.317723187
p.Gly81Arg,-1.067405563,-1.309174979,-0.760609586,-1.78092273,0.184639268,-1.670959789
p.Gly81Ser,-0.80024184,-0.918690046,-0.790686163,-1.416025392,-1.043087092,0.167279501
p.Gly81Thr,-1.678173547,0.068885082,-2.061592845,-2.494160107,-1.481295956,-2.42270391
p.Gly81Val,-1.385034968,-0.692589574,-1.721264322,-1.4653419,-1.443162781,-1.60281626
p.Gly81Trp,-1.92998213,-1.875570886,-2.183880615,-2.134098334,-1.346304078,-2.110056746
p.Gly81Tyr,-1.882965343,-0.92892372,-1.450652437,-2.481412936,-1.891447539,-2.662390097
p.His72Ter,-0.41918138,0.261465344,-0.507217878,-0.448974395,-0.566380455,-0.834799518
p.His72Ala,-1.337226949,-1.347762518,-1.096272962,-0.763160215,-1.442864394,-2.036074676
p.His72Cys,-0.920907051,-0.690204259,-1.051421818,-0.945523888,-0.44538822,-1.471997067
p.His72Asp,-0.70017998,0.110976557,-0.498166337,-0.821800505,-0.93896154,-1.352948075
p.His72Glu,-0.814519727,-0.392555159,-0.19619503,-0.983320787,-0.53801141,-1.962516246
p.His72Phe,-1.020337062,-0.130170996,-1.378185075,-0.369026943,-0.681301997,-2.543000301
p.His72Gly,-1.258601389,-0.499810008,-1.210610615,-1.131985677,-1.726077838,-1.724522823
p.His72His,-0.381873793,-0.508343977,-0.211933616,0.203130832,-0.574378728,-0.817843477
p.His72Ile,-1.573834685,-2.069364423,-0.787698706,-2.002299619,-1.374388701,-1.635422014
p.His72Lys,-0.809359093,-0.515205211,-0.281791179,-0.73945151,-1.395690427,-1.114657145
p.His72Leu,-0.207455232,-0.046470675,0.216224499,-0.094414254,-0.362174606,-0.750441124
p.His72Met,-1.636998849,-1.530728094,-0.550133816,-1.80188744,-2.285320804,-2.016924071
p.His72Asn,-0.350819407,-0.004013346,0.418162596,-0.412011063,-1.040709182,-0.715526043
p.His72Pro,-0.703551763,-0.214984589,-0.774322242,-0.660498685,-0.450476575,-1.417476722
p.His72Gln,-0.534576287,-0.389438278,-0.270073971,-0.25771484,-1.028238754,-0.727415593
p.His72Arg,-0.522096808,-0.451404793,-0.337608285,-0.468837292,-0.618967329,-0.733666342
p.His72Ser,-1.021585406,-0.447152756,-1.255980104,-0.988802388,-0.38473038,-2.031261398
p.His72Thr,-1.295946215,-1.036094944,-0.338749229,-0.882032099,-1.562448461,-2.660406347
p.His72Val,-1.091746683,-0.176708477,-0.635581006,0.03193139,-2.056961635,-2.62141369
p.His72Trp,-1.305252534,-0.889448399,-0.879694739,-1.030908865,-1.495175062,-2.231035621
p.His72Tyr,-0.21314138,-0.508078211,-0.200491795,0.233190651,-0.480773555,-0.10955399
p.Ile71Ter,-0.788938306,0.049416915,0.199773365,-1.481630744,-0.853792677,-1.858458396
p.Ile71Ala,-1.571318922,-1.003837724,-0.957897664,-1.006564297,-2.444147473,-2.444147473
p.Ile71Cys,-1.48576767,-1.059165251,-1.425291247,-1.128080399,-1.908150712,-1.908150712
p.Ile71Asp,-1.595134208,-1.471381281,-0.581377671,-1.667704462,-2.137524224,-2.117683431
p.Ile71Glu,-1.012792922,-1.35998459,0.330565201,-0.7036978,-1.310984141,-2.019863281
p.Ile71Phe,-0.456227821,-0.119333264,-0.561628071,-0.585536129,-0.636671868,-0.377969771
p.Ile71Gly,-1.299603642,-0.693836813,-0.712526745,-0.182190873,-2.27406388,-2.635399909
p.Ile71His,-1.662582832,-1.410441661,-1.353941188,-1.827108328,-1.810981293,-1.910441661
p.Ile71Ile,-0.338935478,-0.592408864,-0.619290147,-0.256330726,-0.101352131,-0.12529552
p.Ile71Lys,-1.286435138,-1.023814294,-0.645500187,-1.131882463,-1.592577807,-2.038400944
p.Ile71Leu,-1.540720278,-0.35328824,-1.691560325,-1.672716786,-1.902767307,-2.08326875
p.Ile71Met,-0.706046895,-0.925834664,-0.288930113,-0.743787208,-0.660134258,-0.911548232
p.Ile71Asn,-0.446798496,-0.242972869,-0.529624503,-0.257944971,-0.678762514,-0.524687623
p.Ile71Pro,-1.78508201,-0.966919397,-1.69795601,-2.031289344,-2.114622677,-2.114622677
p.Ile71Gln,-1.417104045,-1.290544356,-0.506676131,-1.707211023,-1.790544356,-1.790544356
p.Ile71Arg,-1.874008811,-2.231501846,-2.180775715,-1.626435282,-0.634939946,-2.696391192
p.Ile71Ser,-1.148114341,-1.040230999,-0.860141421,-1.33515768,-0.969063352,-1.535978265
p.Ile71Thr,-0.208284612,-0.292890423,0.237366101,-0.163711573,-0.267781492,-0.554405672
p.Ile71Val,-0.340539053,0.534932661,-0.108401684,-0.540501598,-0.655604392,-0.933120251
p.Ile71Trp,-1.672868,-1.583509602,-1.666842935,-0.946968301,-2.083509602,-2.083509602
p.Ile71Tyr,-1.219083825,-0.230066627,-1.041991903,-1.615745681,-1.508535884,-1.699079014
p.Lys73Ter,-0.63192904,-0.258255404,-0.776732885,-0.250966495,-0.782607423,-1.091082989
p.Lys73Ala,-1.239876921,-1.08229551,-1.602117609,-1.480214169,-0.544701885,-1.490055429
p.Lys73Cys,-1.398090159,-0.171162293,-1.458801091,-1.390023838,-1.580025924,-2.390437652
p.Lys73Asp,-0.705069098,-0.914871579,-1.192226179,0.1297131,-0.241234176,-1.306726656
p.Lys73Glu,-0.503105627,-0.096841108,-1.021510178,-0.624463492,-0.323017736,-0.44969562
p.Lys73Phe,-1.069024444,-0.24559374,-0.579836786,-0.33382577,-2.170636482,-2.015229431
p.Lys73Gly,-1.057104922,-0.194399941,-1.477229994,-0.659947235,-0.581024558,-2.372922882
p.Lys73His,-1.350347229,-0.904534797,-1.371712112,-0.751659036,-1.965758657,-1.758071555
p.Lys73Ile,-0.562184364,-0.407358038,-1.058499389,-0.674413492,0.360427796,-1.031078701
p.Lys73Lys,-0.23793032,-0.237184517,-0.545029547,0.546214005,-0.293283215,-0.660368324
p.Lys73Leu,-0.573827848,0.444060449,-0.661577923,-0.425676155,0.001788593,-2.227734207
p.Lys73Met,-1.186989326,-1.191203055,-1.232478757,-1.317591732,-0.090236594,-2.103436495
p.Lys73Asn,-0.64660864,-0.694597448,-0.8341661,-0.557450359,-0.545908211,-0.600921083
p.Lys73Pro,-0.679771106,-0.68186204,-0.933612406,-0.161109394,-0.88153333,-0.740738364
p.Lys73Gln,-0.811364467,-0.992608377,-1.095975909,-0.695842967,-0.17971285,-1.092682237
p.Lys73Arg,-0.366183405,0.53598001,-0.300832587,-0.13507851,-0.840958051,-1.090027888
p.Lys73Ser,-0.827247383,0.424559204,-1.12441551,-0.115383633,-1.217713101,-2.103283878
p.Lys73Thr,-0.692794489,-0.24188021,-0.47786627,-0.729440413,-1.314348555,-0.700436994
p.Lys73Val,-1.134617822,0.104064019,-1.759928981,-0.592465672,-1.898829646,-1.525928838
p.Lys73Trp,-1.476029721,-0.136327351,-1.19849651,-1.476031672,-1.992276662,-2.577016442
p.Lys73Tyr,-1.359470187,-1.097162376,-1.747271588,-0.448362882,-1.697844803,-1.806709304
p.Leu63Ter,-1.348237369,-0.824571856,-0.805644592,-0.639443402,-2.131389793,-2.34013721
p.Leu63Ala,-1.359184603,-1.226942154,-1.600097977,0.422270186,-2.09258008,-2.298572991
p.Leu63Cys,-0.913954709,0.007607978,-0.239725793,0.229121144,-1.540756755,-3.026020117
p.Leu63Asp,-1.913614753,-0.903991468,-2.105876286,-1.929415518,-2.131761501,-2.497028939
p.Leu63Glu,-1.841418908,-1.737911265,-1.896207826,-1.214262482,-1.799226219,-2.559486683
p.Leu63Phe,-0.68697242,0.295515808,-0.475980526,-0.583667081,-1.179207566,-1.491522734
p.Leu63Gly,-0.380429479,-0.232890479,-0.333826671,-0.453852263,-0.191380165,-0.690197816
p.Leu63His,-0.480000148,-0.44947472,-0.16117026,-0.456897062,-0.885823696,-0.446635
p.Leu63Ile,-0.96667513,0.218497902,-1.187060993,-1.054178114,-1.093195662,-1.717438778
p.Leu63Lys,-1.307211322,-0.675902111,-0.829620495,-1.672220409,-1.179543504,-2.178770089
p.Leu63Leu,-0.66163993,-0.199849554,-0.668764748,-0.195172269,-0.957601171,-1.286811913
p.Leu63Met,-1.585985814,-1.369337847,-1.471853186,-0.804716661,-1.567855823,-2.716165566
p.Leu63Asn,-1.335782835,-1.96157429,-1.052988076,0.210568713,-1.392557782,-2.482362737
p.Leu63Pro,-0.521264604,-0.097199229,-0.203676386,-0.475360597,-0.590855987,-1.23923082
p.Leu63Gln,-2.138249034,-2.23273549,-1.937540546,-1.389462268,-2.560550508,-2.570956493
p.Leu63Arg,-1.031826917,-0.815644603,-0.097327009,-0.777930075,-1.479165818,-1.989067081
p.Leu63Ser,-0.77637932,-1.032196836,0.231219678,-0.064620722,-1.156122788,-1.860175932
p.Leu63Thr,-1.79871272,-2.202566575,-0.538971919,-1.729212019,-2.761419454,-1.761393699
p.Leu63Val,-0.479859909,-0.708639952,-0.728615712,-0.235838806,-0.212749223,-0.513455854
p.Leu63Trp,-1.981591375,-2.169293772,-1.952991632,-1.850439549,-1.265938131,-2.669293772
p.Leu63Tyr,-0.867673583,0.262057949,-1.297031304,-0.313784358,-1.003391309,-1.9862189
p.Leu74Ter,-0.751952336,-0.509287864,-0.309678286,-0.237664933,-0.5848218,-2.118308798
p.Leu74Ala,-1.337780612,-1.877192633,-0.837847531,-0.810662842,-0.278827871,-2.884372171
p.Leu74Cys,-1.658234252,-0.542178858,-1.262582333,-1.381477751,-2.555405306,-2.549526977
p.Leu74Asp,-1.088894909,0.618555013,-1.388943897,-0.268777644,-2.477934095,-1.927373936
p.Leu74Glu,-0.649284754,-0.846186357,-1.354118368,-0.799040309,-0.260057258,0.012978523
p.Leu74Phe,-0.166950965,-0.294023162,-0.290946355,-0.470022483,0.597415082,-0.377177906
p.Leu74Gly,-0.778320321,-0.62484355,0.575988904,0.720774844,-1.710461998,-2.853059808
p.Leu74His,-1.083049702,-0.791242037,-1.275901867,-1.098790431,-0.667352586,-1.581961586
p.Leu74Ile,-0.472140331,0.039878874,-0.214081077,-0.99638272,-0.347407318,-0.842709407
p.Leu74Lys,-0.968807258,-1.356741905,-0.821719995,-0.098521054,-0.475862257,-2.091191069
p.Leu74Leu,-0.325612887,-0.30239364,-0.366254877,-0.167192714,-0.34127199,-0.450951216
p.Leu74Met,-0.292022619,0.362908898,0.352315776,-0.339391128,-0.778385426,-1.05756122
p.Leu74Asn,-1.142370186,-0.768293079,-1.012626799,-1.53022289,-0.316973261,-2.083734899
p.Leu74Pro,-0.403228912,-0.10881369,-0.461953314,0.126176181,-1.088506985,-0.483046754
p.Leu74Gln,-0.476519459,-0.157644269,-0.181006501,-0.441299195,-0.970074722,-0.632572608
p.Leu74Arg,-0.610554134,0.208950289,0.054035414,-0.322152212,-1.103466107,-1.890138054
p.Leu74Ser,-1.686797041,-1.262601698,-0.866846241,-0.726202441,-2.587110516,-2.991224271
p.Leu74Thr,-1.325617738,-1.747803976,-1.485016236,0.170826154,-0.691918442,-2.874176185
p.Leu74Val,-0.481229531,-0.891753959,0.035013919,0.240305859,-0.336874787,-1.452838685
p.Leu74Trp,-1.420132364,-1.499466088,-0.688047695,-1.747988158,-0.856471094,-2.30868876
p.Leu74Tyr,-1.338832735,-0.184506114,-1.36316892,-1.495431763,-2.4377439,-1.21331298
p.Leu92Ter,-2.498535403,-2.198535467,-2.2818688,-2.615202133,-2.698535467,-2.698535467
p.Leu92Ala,-2.702034533,-2.402034612,-2.485367945,-2.818701278,-2.902034612,-2.902034612
p.Leu92Cys,-2.226648872,-0.629140789,-1.727237147,-2.870066644,-2.953399977,-2.953399977
p.Leu92Asp,-2.369698567,-2.069698598,-2.153031931,-2.486365265,-2.569698598,-2.569698598
p.Leu92Glu,-2.400438731,-2.100438735,-2.183772069,-2.517105402,-2.600438735,-2.600438735
p.Leu92Phe,-1.837123724,-0.256670316,-1.526869673,-2.33233638,-2.534871116,-2.534871116
p.Leu92Gly,-3.062507685,-2.762507912,-2.845841245,-3.179174578,-3.262507912,-3.262507912
p.Leu92His,-2.693788634,-2.393788636,-2.477121969,-2.810455303,-2.893788636,-2.893788636
p.Leu92Ile,-2.034335126,-2.012822125,-2.192199732,-0.484615425,-2.505751165,-2.976287144
p.Leu92Lys,-2.514735106,-2.214735146,-2.29806848,-2.631401813,-2.714735146,-2.714735146
p.Leu92Leu,-0.749822699,-0.709203757,-0.65501117,-0.751807802,-1.00232842,-0.630762345
p.Leu92Met,-0.465360498,0.071024749,-0.324856046,-0.963186092,0.002594406,-1.112379506
p.Leu92Asn,-2.464850373,-2.164850324,-2.248183657,-2.581516991,-2.664850324,-2.664850324
p.Leu92Pro,-0.674977847,-0.747012387,-0.505428926,-0.952830942,-0.548155464,-0.621461514
p.Leu92Gln,-1.273141846,-1.370077285,-1.29025127,-1.282360776,-1.354803325,-1.068216562
p.Leu92Arg,-1.55087126,-0.221290605,-1.377188455,-1.739154359,-1.930961591,-2.485761288
p.Leu92Ser,-2.188989005,-1.199440426,-2.205253026,-1.292489736,-3.034678296,-3.213083463
p.Leu92Thr,-2.802463077,-2.526634886,-2.60996822,-2.943301553,-2.905776135,-3.026634886
p.Leu92Val,-1.514682428,-0.643857356,-1.531382959,-1.487356763,-2.041745851,-1.869069232
p.Leu92Trp,-2.377861337,-2.077861374,-2.161194707,-2.494528041,-2.577861374,-2.577861374
p.Leu92Tyr,-2.622363417,-2.322363473,-2.405696806,-2.73903014,-2.822363473,-2.822363473
p.Leu96Ter,-1.347292526,-1.035625335,-1.167827327,-0.789435095,-1.84829521,-1.895279662
p.Leu96Ala,-1.758431133,-0.771359075,-1.787158453,-0.474678694,-2.817664701,-2.94129475
p.Leu96Cys,-0.629839057,-0.563157836,-0.579262413,0.02281096,-1.186062515,-0.843523485
p.Leu96Asp,-1.439433044,-0.246913785,-1.674216711,-1.536384965,-1.453380018,-2.286269716
p.Leu96Glu,-1.216629444,0.132907238,-1.54983921,-1.298246733,-1.698396664,-1.669571849
p.Leu96Phe,-0.489646395,-0.08591975,-0.236947816,-1.108554179,-0.12194474,-0.89486549
p.Leu96Gly,-1.406281328,-1.134731649,-1.239487774,-1.567342117,-1.253656086,-1.836189034
p.Leu96His,-0.683162812,-0.541864838,-0.935645217,-0.837433862,-1.090919949,-0.009950196
p.Leu96Ile,-0.538457696,-0.52229611,0.062714309,-0.255146308,-1.116280318,-0.861280052
p.Leu96Lys,-1.789725501,-1.58101214,-0.713710579,-2.136458692,-2.263794783,-2.253651249
p.Leu96Leu,-0.253491752,0.058043412,-0.43525581,-0.21567399,-0.233398818,-0.441173557
p.Leu96Met,-1.240194041,-0.090672288,-1.00330542,-1.493744779,-1.242793927,-2.370453782
p.Leu96Asn,-1.526428457,-1.51585492,-1.052060686,-1.339027591,-1.667129545,-2.058069506
p.Leu96Pro,-0.439672,-0.213681579,-0.320147753,-0.195073754,-0.640479695,-0.828977223
p.Leu96Gln,-1.50032963,-0.662578976,-1.592575098,-1.406257845,-1.928175205,-1.912061
p.Leu96Arg,-0.826738489,-0.233703476,-0.879741745,-0.778781005,-0.942586015,-1.298880198
p.Leu96Ser,-1.014858017,-0.476964545,-0.520409677,-0.50375777,-1.17401628,-2.399141822
p.Leu96Thr,-1.901278904,-1.021765126,-1.631072663,-2.16940806,-2.143445975,-2.540702624
p.Leu96Val,-0.978631238,-0.86335238,-1.125328023,-1.024977153,-0.521564937,-1.357933704
p.Leu96Trp,-1.932357383,-0.811133959,-2.281143718,-2.02242809,-1.859656861,-2.687424239
p.Leu96Tyr,-1.698302464,-1.846825238,-1.828930001,-2.197290269,-0.390092385,-2.228374471
p.Met75Ter,-0.538057809,0.953252354,-0.611549017,0.120230263,-0.866477839,-2.285744804
p.Met75Ala,-1.188899834,-0.850702484,-0.550904227,-0.307627087,-1.893304069,-2.341961315
p.Met75Cys,-1.695797891,-0.676483943,-1.699476301,-2.032809634,-1.954076569,-2.116142967
p.Met75Asp,-0.89683323,-0.621857419,-0.705190753,-0.041747129,-1.409577365,-1.705793491
p.Met75Glu,-1.694451824,-1.828899425,-1.933170198,-0.804822324,-1.401237715,-2.504129505
p.Met75Phe,-1.247065013,-0.295807314,-1.17913554,-1.632481474,-1.567571817,-1.560328933
p.Met75Gly,-0.60505181,0.003732087,-0.703168019,-0.979703449,-0.001761502,-1.344358169
p.Met75His,-1.426834895,-1.316120617,-1.399453951,-1.664495946,-0.937983363,-1.816120617
p.Met75Ile,-0.377393143,-0.60604423,-0.543889515,-0.370346785,-0.120228928,-0.246456256
p.Met75Lys,0.35209489,0.75524861,0.600441515,0.771353302,0.172714713,-0.539283689
p.Met75Leu,-0.215896289,0.301997179,-0.39010464,-0.052479113,-0.061635013,-0.877259861
p.Met75Met,NA,NA,NA,NA,NA,NA
p.Met75Asn,-1.323059781,-1.522987755,-0.882186506,-1.190707406,-0.996429501,-2.022987755
p.Met75Pro,-0.411734906,-0.138167591,-0.003202313,-0.580446799,-0.326088549,-1.010769278
p.Met75Gln,-1.329026645,-1.521263918,-1.5395513,-0.226989411,-1.648044102,-1.70928451
p.Met75Arg,-0.542912673,-0.053017635,-0.574430174,-0.290521052,-0.145097202,-1.6514973
p.Met75Ser,-0.789372302,-0.130501697,-0.711836655,0.176106507,-0.441161194,-2.839468465
p.Met75Thr,-0.407170268,-0.593404392,-0.6101955,-0.421169654,0.048735527,-0.459817324
p.Met75Val,0.133668688,-0.096670872,-0.084534746,0.653666332,0.114512366,0.08137036
p.Met75Trp,-1.2503718,-0.736215677,-1.149751213,-2.138915081,-0.24580052,-1.981176528
p.Met75Tyr,-1.582431726,-1.677346167,-0.775326213,-1.891512748,-1.390627302,-2.177346167
p.Asn70Ter,NA,NA,NA,NA,NA,NA
p.Asn70Ala,-1.648136023,-1.94498212,-2.028315454,-1.458043371,-0.364357046,-2.44498212
p.Asn70Cys,-1.584814551,-1.284814545,-1.368147878,-1.701481212,-1.784814545,-1.784814545
p.Asn70Asp,-0.219367332,-0.369661206,-0.276553821,-0.073327522,-0.292166834,-0.085127275
p.Asn70Glu,-1.397622406,-1.41303063,-1.34393397,-0.78677252,-1.531344294,-1.91303063
p.Asn70Phe,-1.44002936,-1.140029358,-1.223362692,-1.556696025,-1.640029358,-1.640029358
p.Asn70Gly,-2.171540157,-1.871540126,-1.95487346,-2.288206793,-2.371540126,-2.371540126
p.Asn70His,NA,NA,NA,NA,NA,NA
p.Asn70Ile,-0.247869627,-0.441952885,-0.365497539,0.277407458,-0.513978072,-0.195327094
p.Asn70Lys,-0.103145483,-0.809287434,-0.05168998,0.241400924,0.274301712,-0.170452637
p.Asn70Leu,-1.937755543,-1.637755544,-1.721088878,-2.054422211,-2.137755544,-2.137755544
p.Asn70Met,-1.772585237,-1.472585227,-1.55591856,-1.889251893,-1.972585227,-1.972585227
p.Asn70Asn,-0.201641179,-0.392216876,-0.305537109,-0.031482077,-0.324003306,0.045033473
p.Asn70Pro,-1.833951386,-1.533951389,-1.617284722,-1.950618056,-2.033951389,-2.033951389
p.Asn70Gln,-1.426015002,-1.126014996,-1.20934833,-1.542681663,-1.626014996,-1.626014996
p.Asn70Arg,-2.19331003,-1.893310059,-1.976643392,-2.309976726,-2.393310059,-2.393310059
p.Asn70Ser,-0.402930437,-0.372425157,-0.511847063,-0.643968868,-0.453561155,-0.032849939
p.Asn70Thr,-0.889978095,-1.064500915,-1.096986795,-1.322335161,-0.196168613,-0.769898997
p.Asn70Val,-2.014060625,-1.714060626,-1.797393959,-2.130727293,-2.214060626,-2.214060626
p.Asn70Trp,-1.900744195,-1.626737617,-1.71007095,-1.913437103,-2.126737617,-2.126737617
p.Asn70Tyr,-0.448117227,-0.65092172,-0.509407435,-0.334718038,-0.685736378,-0.059802568
p.Asn80Ter,-0.916197118,0.198217015,-1.164816854,-0.761900086,-0.902356069,-1.950129591
p.Asn80Ala,-1.035426674,-0.634192713,-1.309967927,-0.184547493,-0.895511665,-2.152913576
p.Asn80Cys,-1.046631934,-1.015357202,-0.753051947,-0.239036965,-1.217570526,-2.008143024
p.Asn80Asp,-0.40364803,0.014280734,-0.117780998,-0.30933346,-0.301170108,-1.304236317
p.Asn80Glu,-1.478407832,-0.87513488,-1.110723173,-1.827644358,-1.160014105,-2.41852264
p.Asn80Phe,-0.917358796,-1.182254625,-0.364054327,-1.023676027,-0.478160297,-1.538648698
p.Asn80Gly,-0.799192616,-0.16956329,-0.82368819,-0.374053338,0.20161081,-2.830269069
p.Asn80His,-1.428999996,-1.605141074,-1.03704235,-0.964022128,-1.839298946,-1.699495502
p.Asn80Ile,-0.53916121,-0.760534335,-0.632278688,-0.6837917,-0.228699044,-0.390502282
p.Asn80Lys,-0.716005851,-0.835659493,-0.951397267,0.114972735,-0.904183221,-1.003762013
p.Asn80Leu,-0.876276972,-0.908093358,-0.755995504,-0.77100324,-0.356133104,-1.590159654
p.Asn80Met,-0.959151871,0.005709724,-0.837608324,-1.508702184,-0.32794808,-2.127210493
p.Asn80Asn,NA,NA,NA,NA,NA,NA
p.Asn80Pro,-1.472832424,-1.663278945,-0.839448045,-0.640631735,-1.658747024,-2.562056369
p.Asn80Gln,-1.442070078,0.191523453,-1.598328093,-1.492356586,-1.65248855,-2.658700622
p.Asn80Arg,-0.970533183,-0.198873185,-0.952028753,-0.389693671,-1.481351824,-1.830718473
p.Asn80Ser,-0.155475315,-0.063888914,0.244524384,-0.222802119,0.205184243,-0.940394171
p.Asn80Thr,-0.812488789,-0.765600493,-0.161564819,-1.236774173,-1.661903986,-0.23660047
p.Asn80Val,-0.941103052,-1.224508539,0.105086835,-1.043213225,-0.75619564,-1.786684695
p.Asn80Trp,-1.13435713,-0.514194078,-1.555026995,-1.229673096,-0.948122446,-1.424769036
p.Asn80Tyr,-0.357368879,-0.307029989,-0.442420847,-0.39046114,0.056917505,-0.703849925
p.Asn97Ter,0.163564512,-0.055657802,0.600090347,0.573218198,-0.231903626,-0.067924555
p.Asn97Ala,-0.592506635,-1.026193228,0.271121071,-0.390222725,-0.658634168,-1.158604123
p.Asn97Cys,-0.02852126,-0.103242339,0.265619371,0.259411962,0.074364333,-0.638759625
p.Asn97Asp,-0.163080604,-0.190423215,-0.433038798,0.263549195,0.344734219,-0.800224419
p.Asn97Glu,-0.541357503,-0.792220848,-0.633315699,-0.545863964,0.208651528,-0.944038528
p.Asn97Phe,0.146022349,0.536513748,0.170472866,-0.013609371,-0.078940049,0.115674552
p.Asn97Gly,0.091655589,0.477567573,0.253300092,0.358309637,-0.036366032,-0.594533323
p.Asn97His,-0.706706365,-0.369020014,-1.060436205,-0.361416465,-0.70314591,-1.039513234
p.Asn97Ile,0.035840924,0.804429124,0.244574183,-0.185284238,-0.395923777,-0.288590669
p.Asn97Lys,0.091140871,0.619034543,0.378562101,0.348038219,-0.38395853,-0.505971981
p.Asn97Leu,-0.39541464,0.177066221,-0.02030697,-0.013881612,-0.966330732,-1.153620107
p.Asn97Met,-0.718408764,0.065693168,0.131116269,-0.74203199,-1.769182958,-1.277638308
p.Asn97Asn,NA,NA,NA,NA,NA,NA
p.Asn97Pro,-1.527747874,-1.47602742,-1.354296459,-1.266926045,-1.95738903,-1.584100397
p.Asn97Gln,-0.200051399,0.246849348,-0.654396588,-0.521272802,0.665978765,-0.737415717
p.Asn97Arg,-0.073766408,0.512254884,-0.057432356,0.557184168,-0.404100391,-0.976738345
p.Asn97Ser,-0.077913698,0.517891626,0.718905679,-0.124733965,-0.502108648,-0.999523183
p.Asn97Thr,-0.034288128,0.644037829,0.162252005,0.374152889,-0.277158588,-1.074724777
p.Asn97Val,-0.584381718,0.441548684,-0.3390597,-0.137330435,-0.699288652,-2.187778488
p.Asn97Trp,-0.027323754,0.648675733,0.763817109,0.041122954,-0.202280971,-1.387953599
p.Asn97Tyr,0.340442014,0.619448974,0.550914111,0.340108024,0.158465481,0.033273481
p.Arg69Ter,-1.447635324,-1.036279981,-1.242611091,-1.634711758,-1.741243652,-1.583330146
p.Arg69Ala,-0.61128581,0.408051089,-0.868235142,-0.554107485,-1.184814273,-0.857323241
p.Arg69Cys,0.105943025,-0.147333194,0.605261349,0.117536345,-0.183909208,0.138159832
p.Arg69Asp,-0.959700328,-0.461347592,-0.544680925,-1.215299458,-1.449923737,-1.127249933
p.Arg69Glu,-1.900487827,-1.711303874,-1.840573875,-1.436080355,-2.257240541,-2.257240541
p.Arg69Phe,-1.442155262,-1.280393625,-1.17112327,-1.657906124,-1.541435758,-1.559917542
p.Arg69Gly,-0.569083814,0.281772053,-0.637506973,-0.601686582,-1.214309765,-0.673687799
p.Arg69His,-0.421002728,-0.241301105,-0.483863902,-0.441655364,-0.632778885,-0.305414387
p.Arg69Ile,-0.888199416,0.535939721,-1.178274376,-0.72087726,-1.594941043,-1.482844126
p.Arg69Lys,-0.88756391,1.015688088,-0.120547455,-0.907729475,-2.136609646,-2.288621064
p.Arg69Leu,-0.418444135,-0.490361676,-0.381296436,-0.655314255,-0.079934916,-0.48531339
p.Arg69Met,NA,NA,NA,NA,NA,NA
p.Arg69Asn,NA,NA,NA,NA,NA,NA
p.Arg69Pro,-0.427819926,-0.79943952,-0.669388903,-0.269447338,-0.934672071,0.533848202
p.Arg69Gln,-1.042981468,-0.370333241,-0.736781877,-1.200235799,-1.364575624,-1.542980791
p.Arg69Arg,-0.380400104,-0.244213889,-0.578461547,-0.468320264,-0.527068466,-0.08393635
p.Arg69Ser,-0.109938582,-0.452009641,-0.329939368,0.325997683,-0.382218753,0.288477167
p.Arg69Thr,-1.267350339,-1.320685828,-0.689375412,-1.305894551,-1.757174387,-1.263621533
p.Arg69Val,-1.079157354,-1.294813892,-1.365386806,-1.440732628,-0.60924433,-0.685609115
p.Arg69Trp,-0.947493711,0.790236575,-1.21984114,-0.988437275,-1.219592236,-2.099834478
p.Arg69Tyr,NA,NA,NA,NA,NA,NA
p.Arg93Ter,-1.468253997,-0.441680441,-1.493774994,-1.827108328,-1.668264544,-1.910441661
p.Arg93Ala,-2.068591562,-2.064556625,-2.197292989,-1.070301705,-2.446249865,-2.564556625
p.Arg93Cys,-1.925801992,-1.954489772,-1.68091155,-1.483413593,-2.055705317,-2.454489772
p.Arg93Asp,-1.968005049,-1.668005061,-1.751338394,-2.084671728,-2.168005061,-2.168005061
p.Arg93Glu,-2.043933093,-1.944426045,-2.027759379,-2.361092712,-1.441961329,-2.444426045
p.Arg93Phe,-1.767226376,-1.40623896,-1.489572293,-2.16105987,-1.385563478,-2.393697225
p.Arg93Gly,-1.078746454,-0.903111478,-0.687805618,-1.10617158,-1.394253366,-1.302390224
p.Arg93His,-1.693169091,-1.3931691,-1.476502433,-1.809835767,-1.8931691,-1.8931691
p.Arg93Ile,-1.821096947,-1.529857661,-1.613190994,-1.946524328,-1.746941918,-2.268969791
p.Arg93Lys,-0.909744388,-1.062559833,-0.96559687,-0.816327268,-1.030265572,-0.673972397
p.Arg93Leu,-2.49628638,-2.170549588,-2.407989952,-2.523334437,-2.554900983,-2.824656619
p.Arg93Met,-0.851021741,-0.976797757,-0.963570458,-0.803013578,-0.938996406,-0.572730505
p.Arg93Asn,-1.465605624,-1.16560562,-1.248938953,-1.582272286,-1.66560562,-1.66560562
p.Arg93Pro,-2.210716275,-2.068365488,-1.431744118,-2.416740816,-2.568365488,-2.568365488
p.Arg93Gln,-2.128768155,-2.027078653,-2.110411986,-1.614259354,-2.365012254,-2.527078653
p.Arg93Arg,-0.916822416,-0.891494094,-0.973481631,-0.433539322,-1.225794193,-1.059802844
p.Arg93Ser,-1.205364743,-1.383775764,-1.333795935,-1.11799633,-1.241268701,-0.949986996
p.Arg93Thr,-1.312338399,-1.463200597,-1.401447778,-0.790352465,-1.585843942,-1.320847206
p.Arg93Val,-1.860633684,-1.55879394,-1.360100679,-1.923822327,-1.67917836,-2.781273148
p.Arg93Trp,-0.873029964,-0.452518631,-0.496017955,-1.064914045,-1.327406157,-1.024293026
p.Arg93Tyr,-1.328727661,-1.028727664,-1.112060997,-1.445394331,-1.528727664,-1.528727664
p.Ser64Ter,-1.638349456,0.084930052,-1.952602925,-1.61487979,-2.369269592,-2.339924995
p.Ser64Ala,-2.145285913,-2.075255697,-1.951314275,-1.370942887,-2.575255697,-2.753660864
p.Ser64Cys,-1.205451958,-1.463646609,-0.704424197,-1.431756961,-1.178854396,-1.248577641
p.Ser64Asp,-1.913049326,-1.668005061,-1.574361849,-2.084671728,-2.112717046,-2.12549095
p.Ser64Glu,-1.903972605,-1.740119124,-0.882177995,-2.158869302,-2.369348283,-2.369348283
p.Ser64Phe,-1.082350824,-0.012350458,-1.665702932,-1.400206422,-1.457570489,-0.875923809
p.Ser64Gly,-0.794209372,-1.163698635,-0.260524238,-0.998659862,-0.751604729,-0.79655939
p.Ser64His,-1.713372316,-1.48563459,-1.651375128,-1.458582736,-1.98563459,-1.98563459
p.Ser64Ile,-0.991589009,-1.26933935,-1.100511336,-0.584972376,-1.17654374,-0.826578235
p.Ser64Lys,-1.887303927,-0.847242288,-1.770645214,-2.243812354,-2.247674118,-2.327145688
p.Ser64Leu,-1.804653498,-1.830117712,-0.100013971,-2.202100804,-2.545439542,-2.34559548
p.Ser64Met,-1.992858909,-1.852060701,-1.926677129,-1.498869128,-2.343343796,-2.343343796
p.Ser64Asn,-0.848158661,-1.279983389,-0.506230223,-0.972258503,-0.631320462,-0.851000728
p.Ser64Pro,-1.767816755,-1.447741335,-1.506528116,-1.98933166,-1.947741335,-1.947741335
p.Ser64Gln,-1.764437619,-1.759600861,-1.019441383,-1.559442695,-2.224102335,-2.259600861
p.Ser64Arg,-1.095649204,-1.562101922,-1.39929841,-0.699901728,-0.612663208,-1.20428076
p.Ser64Ser,-0.957717525,-0.619358728,-1.041180434,-0.847373183,-1.04951015,-1.231165133
p.Ser64Thr,-1.611685435,-1.746829733,-1.557759613,-1.593581524,-1.759029567,-1.401226735
p.Ser64Val,-1.883608959,-1.457191616,-2.242499429,-1.712305746,-2.432165269,-1.573882785
p.Ser64Trp,-1.587546492,-2.164351677,-2.242681377,-1.247652838,-0.958688284,-1.324358268
p.Ser64Tyr,-1.772249875,-1.586759213,-1.77127415,-1.127334328,-2.187940817,-2.187940817
p.Ser88Ter,-0.046087869,-0.235310975,0.367444024,0.490213505,0.225893484,-1.078679382
p.Ser88Ala,0.196249781,0.442768129,0.240743274,0.118577785,0.608351677,-0.429191959
p.Ser88Cys,-0.29110448,-0.268043743,-0.300870012,0.06259453,-0.388823663,-0.560379512
p.Ser88Asp,-0.485776352,-0.436972822,-0.078051181,-0.30567036,-0.231725024,-1.376462372
p.Ser88Glu,-0.771497941,-0.090558964,-0.567376119,-1.29533239,0.174101759,-2.078323985
p.Ser88Phe,-0.242600164,0.030931365,-0.148972587,0.353382869,0.120146092,-1.568488557
p.Ser88Gly,-0.233983622,-0.246696642,-0.533644383,0.156051175,0.124419772,-0.670048036
p.Ser88His,-0.446031873,0.130267683,0.597770023,-0.666165111,0.2378662,-2.529898163
p.Ser88Ile,-0.420688668,-0.827961379,-0.480054849,0.087138171,-0.006681733,-0.87588355
p.Ser88Lys,-0.256812442,-0.019012144,0.261891112,0.377968443,-0.151416618,-1.753493002
p.Ser88Leu,-0.03338061,0.31668135,-0.037366435,0.264673722,0.400052707,-1.110944393
p.Ser88Met,-0.32739585,-0.032469014,-0.381011073,0.199956944,-0.04980959,-1.373646516
p.Ser88Asn,-0.191638607,0.031660645,0.013136057,0.169084197,-0.551997199,-0.620076735
p.Ser88Pro,-0.676263545,0.353326499,0.456254213,-1.450456614,-0.41024642,-2.330195404
p.Ser88Gln,-1.122413651,-1.076214576,0.674031777,-1.602740402,-1.098240759,-2.508904297
p.Ser88Arg,-0.078035932,0.269652215,0.030515703,0.354163443,0.002366781,-1.046877803
p.Ser88Ser,-0.02083895,0.045684362,0.202134651,0.038681831,0.039142626,-0.429838219
p.Ser88Thr,-0.148421458,-0.346818972,-0.079332114,-0.063239715,-0.177808259,-0.074908229
p.Ser88Val,-0.081894557,0.277184408,-0.484982009,0.087454759,0.54233981,-0.831469754
p.Ser88Trp,-0.211304078,0.140413995,-0.134900019,-0.070152624,-0.143442958,-0.848438782
p.Ser88Tyr,-0.166962382,0.145150986,0.064352213,-0.16146063,0.122972831,-1.00582731
p.Val68Ter,-1.474360125,-1.654431583,-1.38379306,-0.655216635,-1.88412825,-1.794231085
p.Val68Ala,-0.816838598,-0.956966598,-0.21319524,-0.838722548,-0.803061829,-1.272246777
p.Val68Cys,-0.994140592,-0.947817778,-0.81722744,0.505105752,-1.532368516,-2.178394977
p.Val68Asp,-0.099166614,-0.460917278,-0.243080758,-0.199113988,0.231002834,0.176276124
p.Val68Glu,-1.237222257,-1.524740212,-0.881059856,-1.212042513,-1.028460115,-1.539808576
p.Val68Phe,-0.84214811,-1.446560737,-0.534081528,-0.066122638,-1.280447412,-0.88352823
p.Val68Gly,-1.166971618,-1.523934736,-1.65854904,-0.20226375,-0.649438993,-1.800671562
p.Val68His,-1.366801184,-1.123543045,-1.795321664,-1.230141186,-0.080331801,-2.604668205
p.Val68Ile,-0.752435516,-1.054071746,-0.983041386,-0.740454309,-0.988077349,0.003467207
p.Val68Lys,-1.638243785,-2.294846628,-2.339025793,-1.406774433,-0.831175647,-1.319396382
p.Val68Leu,-0.578449032,-0.024421371,-0.669403477,-0.168184856,-1.30639559,-0.72383987
p.Val68Met,-1.258518337,-0.578368721,-1.616870362,-0.801929835,-1.507785591,-1.787637156
p.Val68Asn,-1.497817643,-0.838360476,-1.763045498,-1.906696871,-1.323425281,-1.657560117
p.Val68Pro,-1.582926512,-0.856512441,-1.463658265,-2.354920014,-1.123200275,-2.116341606
p.Val68Gln,-0.938901883,-0.6871923,-0.548854735,-1.507125615,0.240866296,-2.192203068
p.Val68Arg,-0.48857361,0.134771589,-0.787586378,0.125587502,-0.612522133,-1.303118634
p.Val68Ser,-0.681663916,-1.470668873,-1.384562096,-0.199678927,0.333497932,-0.686907619
p.Val68Thr,-1.793043693,-0.910904271,-2.202602694,-2.345720016,-1.230652757,-2.275338774
p.Val68Val,-0.381161877,0.237912503,-0.523420747,-0.666527594,-0.019693569,-0.934079975
p.Val68Trp,-1.869631747,-1.21039113,-1.418139562,-1.41480652,-2.785452657,-2.519368788
p.Val68Tyr,-0.616499921,-0.214639572,0.925013575,-1.502586133,-1.329220325,-0.961067147
p.Val83Ter,-0.066270325,-0.154351508,-1.150837915,-0.13439418,0.908738664,0.199493317
p.Val83Ala,-0.724398113,-0.60731855,-0.562915829,-0.310081258,-1.035975407,-1.105699523
p.Val83Cys,-1.045743169,-0.945302928,-0.863805162,-1.356395334,0.778113286,-2.841325713
p.Val83Asp,-1.61979558,-1.49205852,-0.903751982,-0.812970978,-2.248051158,-2.642145249
p.Val83Glu,-0.636182771,-0.533046344,-0.76004983,-0.37054618,-0.645790623,-0.871480881
p.Val83Phe,-0.999844737,-1.382960642,-1.165553592,-1.083115592,-0.436053097,-0.931540773
p.Val83Gly,-0.476870528,-0.779957843,-0.691524957,0.055629105,0.062160475,-1.030659416
p.Val83His,-1.64318223,-1.191417627,-1.27475096,-2.215261485,-1.256388463,-2.278092644
p.Val83Ile,-0.684058888,-0.738447699,0.035249015,-0.599754495,-0.05845248,-2.058888778
p.Val83Lys,-1.625168523,-2.089657395,-1.318913365,-1.285716019,-1.229178933,-2.202376915
p.Val83Leu,-0.363545142,0.002834003,-0.519786711,-0.512198523,-0.11404552,-0.674528962
p.Val83Met,-0.016945684,-0.101103872,-0.390642339,-0.747701915,0.532404757,0.62231495
p.Val83Asn,-1.232069887,-1.447495736,-0.467463904,-0.408520798,-1.484067456,-2.352801541
p.Val83Pro,-1.773887913,-2.003732232,-1.292462956,-2.082567978,-0.973345537,-2.517330923
p.Val83Gln,-1.690718174,-1.204621224,-1.51961326,-0.965272558,-2.139633423,-2.624450397
p.Val83Arg,-0.555076444,-0.05502695,-0.756740125,-0.22167347,-0.025687442,-1.716254239
p.Val83Ser,-0.961058369,-0.966663426,-0.75707914,0.167409586,-1.862177561,-1.386781299
p.Val83Thr,-1.194927381,-0.883196245,-0.880229112,-1.066528936,-0.678430594,-2.466252015
p.Val83Val,-0.142902376,0.201306822,0.398991373,0.202715456,-0.93618859,-0.581336939
p.Val83Trp,-0.660507526,-1.251185165,-0.152469231,0.251641765,-0.434036169,-1.716488833
p.Val83Tyr,-1.468947361,-0.964586298,-1.709686422,-1.465162752,-1.620905157,-1.58439617
p.Val85Ter,-0.300931393,0.479238743,-0.300011171,-0.476462211,0.193856897,-1.401279223
p.Val85Ala,-0.18714129,0.053151287,-0.141502524,0.149517438,-0.398570767,-0.598301881
p.Val85Cys,-0.996990192,-1.343358234,-0.283192543,-0.869102272,-1.294575092,-1.194722814
p.Val85Asp,-0.940809543,-0.292563244,-0.825120034,-0.833720987,-0.562920625,-2.189722826
p.Val85Glu,-0.462264961,-0.577573063,0.159490685,-0.501159647,-0.692343983,-0.699738797
p.Val85Phe,-1.022713515,-1.02194607,-0.205665355,-0.889433805,-1.577877477,-1.418644874
p.Val85Gly,-0.308416133,0.189049637,-0.531727933,-0.703344525,-0.14438808,-0.351669768
p.Val85His,-0.975602062,-0.66263438,-0.390012428,-1.029473537,-0.786297031,-2.00959293
p.Val85Ile,-1.496534193,-1.120768333,-1.028395957,-1.782532355,-1.690236758,-1.860737576
p.Val85Lys,-0.786925862,-0.760075594,-0.542136467,1.008481291,-1.402728782,-2.238169762
p.Val85Leu,-0.205395445,0.201479069,-0.336299587,0.068506201,-0.002730274,-0.957932632
p.Val85Met,-0.692914676,-0.682214773,-0.722103483,-0.584361819,-0.634051244,-0.841842061
p.Val85Asn,-1.099364244,-1.228074988,-1.311408321,-0.477740332,-0.922856755,-1.556740814
p.Val85Pro,-0.881108995,-0.484472509,-1.146753814,-1.209261592,0.108990213,-1.674047277
p.Val85Gln,-0.660024708,-0.100970629,-0.045250786,-0.431866363,-0.522499743,-2.199536017
p.Val85Arg,-0.382592352,0.259852729,0.364609126,0.134321317,-0.397630655,-2.274114276
p.Val85Ser,-0.37078634,-0.644428344,0.322317188,-0.645647863,0.109707036,-0.995879717
p.Val85Thr,-1.28489118,-1.093682351,-1.117753354,-1.409541117,-1.398277977,-1.405201101
p.Val85Val,-0.515904528,-0.503299444,-0.488683493,-0.334610081,-0.785414064,-0.467515554
p.Val85Trp,-0.588594215,0.344089909,-0.350728813,-0.86503667,-1.083565781,-0.987729721
p.Val85Tyr,-0.708545824,-1.5433313,-1.147656255,0.346208753,0.08719845,-1.285148769
p.Tyr98Ter,0.475426985,0.757407463,0.826853032,0.559321172,0.433452598,-0.199899341
p.Tyr98Ala,-0.3613155,0.133557431,0.204030599,-0.331554332,-0.535911774,-1.276699425
p.Tyr98Cys,0.113413908,0.729160131,-0.149287629,0.566711766,-0.354739883,-0.224774846
p.Tyr98Asp,-0.118512277,0.662263426,-0.20884353,-0.480352883,-0.506363959,-0.059264439
p.Tyr98Glu,-0.446702077,0.451790535,-0.062085338,-0.617238977,-0.217239094,-1.78873751
p.Tyr98Phe,0.164615543,0.162877849,0.252206778,0.661949744,0.083823628,-0.337780286
p.Tyr98Gly,-0.485858879,0.068752723,-0.623056858,0.000215162,-1.295186057,-0.580019364
p.Tyr98His,-0.058900199,-0.127096907,-0.217268357,0.068032486,0.395523758,-0.413691977
p.Tyr98Ile,-0.695017899,0.322631346,-0.846113971,-0.570262027,-0.620063662,-1.761281182
p.Tyr98Lys,-0.529570018,-1.191454669,-0.656346921,-0.197755388,0.569420682,-1.171713796
p.Tyr98Leu,-0.137662951,-0.088024659,-0.110374269,0.426697931,0.186051786,-1.102665543
p.Tyr98Met,-0.785259857,-0.969829219,-1.338247474,0.139150021,-0.711088898,-1.046283712
p.Tyr98Asn,0.354668577,0.303297478,0.284701958,0.548267083,0.511583084,0.125493281
p.Tyr98Pro,-0.304631604,0.401787794,-0.317939044,0.290120919,-0.185839605,-1.711288085
p.Tyr98Gln,-0.870309215,-0.552968814,-0.597467174,-0.83783029,-1.330969959,-1.032309835
p.Tyr98Arg,-0.603875925,0.331692674,-1.016007219,-0.165331571,-0.082918866,-2.086814641
p.Tyr98Ser,0.079588519,0.594178215,0.05250594,-0.252529819,0.062440909,-0.05865265
p.Tyr98Thr,0.128660132,0.282300319,-0.360245009,-0.009414241,0.259807417,0.470852173
p.Tyr98Val,-0.253935083,0.374470872,-0.723784632,-0.171242503,0.53731126,-1.286430413
p.Tyr98Trp,-0.125713215,0.102151683,-0.119729808,0.418693085,-0.284935343,-0.744745693
p.Tyr98Tyr,0.423323122,0.987736169,0.323342973,0.290277048,0.734257237,-0.218997819