,variant,lib1,lib2,r1_10b_lb,r1_10b_mm,r1_10b_ca,r1_dh5a_lb,r1_dh5a_mm,r1_dh5a_ca,r1_bl21_lb,r1_bl21_mm,r1_bl21_ca,r2_10b_lb,r2_10b_mm,r2_10b_ca,r2_dh5a_lb,r2_dh5a_mm,r2_dh5a_ca,r2_bl21_lb,r2_bl21_mm,r2_bl21_ca,r3_10b_lb,r3_10b_mm,r3_10b_ca,r3_dh5a_lb,r3_dh5a_mm,r3_dh5a_ca,r3_bl21_lb,r3_bl21_mm,r3_bl21_ca,position
1,Z0Z,73112,66609,175180,183092,167944,142841,75955,57368,43423,30223,282622,223189,230194,164288,138374,218436,243037,237362,190930,169262,226413,223276,198242,203606,237116,242409,160225,111943,228107,0Z
2,D78G,747,614,1073,29,26,1359,688,522,714,4,26,2266,2456,1906,1326,2048,2538,1893,1968,535,2160,1999,2126,1986,2885,2444,51,2168,21,78
3,L92G,632,534,7,4,5,195,106,92,2,1,2,485,500,365,303,407,640,59,26,696,464,538,373,412,470,353,2,NA,2,92
4,L92R,625,525,15,20,3182,250,176,77,5,4,25,520,620,375,354,578,661,794,30,521,746,634,472,364,525,573,18,11,25,92
5,N97G,478,412,20031,18059,20466,7812,3386,2629,1151,1634,18787,12702,12720,9611,7161,11349,13158,12394,6925,5212,12974,12919,10642,11753,12669,13064,1,12262,46,97
6,L92V,475,392,3273,58,31,162,94,59,887,17,80,480,397,322,276,363,472,65,180,606,626,565,438,435,440,374,59,70,93,92
7,N70S,395,296,11,19,535,636,368,237,2,93,9170,1179,1447,876,822,1370,1472,1247,100,1514,1163,1200,1434,1022,1354,1471,13,8,20,70
8,D77G,392,346,5835,2170,1124,2595,1205,1069,1068,1,29,4466,4446,3396,2749,4340,4830,6271,3385,6706,4443,4255,3887,4010,4870,4607,10,10934,41,77
9,L92S,385,307,1,2,NA,331,96,79,30,NA,NA,488,404,319,288,354,521,12,544,NA,338,447,421,466,524,342,NA,2,17,92
10,N97V,378,316,11805,7366,12720,5571,2720,1911,49,268,30298,9833,9890,7291,5382,8483,9917,10923,6455,4130,9997,9408,8140,7879,9298,10084,14,11867,79,97
11,L92T,371,307,2,3,NA,132,49,30,NA,NA,NA,260,189,136,117,197,256,168,NA,NA,207,141,168,186,250,254,NA,NA,NA,92
12,N97L,364,280,5280,15246,5312,6392,3312,2641,1609,462,5777,11508,11686,8549,6816,10768,12161,11470,8180,16453,10976,10834,9668,9736,11827,11553,214,19206,261,97
13,D78R,353,341,1111,3,1418,876,381,336,1092,1,2,1353,1499,1013,854,1358,1545,936,826,1759,1422,1447,1119,1297,1302,1440,3,15613,5,78
14,L92C,343,237,1,1,NA,175,49,59,1,NA,NA,235,149,138,154,220,237,455,1399,3,196,136,247,258,236,248,3,NA,7,92
15,N97S,322,234,5310,6157,12365,5808,3103,2245,4322,1397,20852,9501,9569,7011,5346,8585,9032,9372,7396,4355,8958,9181,8316,7889,9369,9695,84,875,1603,97
16,D77V,316,224,1875,7956,402,2609,1264,1110,2195,57,11600,4076,4418,3205,2790,3975,5034,3499,2219,7190,4424,4145,3891,3731,4914,4591,318,1561,26788,77
17,L92H,297,208,1,6,1,115,26,80,1,NA,1,101,177,120,128,126,212,86,1,1,147,153,222,89,122,161,2,NA,4,92
18,L92I,297,209,37,240,8,61,39,20,2,2,14,218,232,188,171,138,266,13,855,5,190,184,198,149,282,149,12,8,39,92
19,L92A,293,219,1,NA,1,79,33,29,NA,NA,NA,183,219,159,95,127,259,856,945,NA,112,130,103,254,245,251,NA,NA,NA,92
20,M75R,275,195,5367,311,9648,2840,1829,1188,2677,1180,10137,5741,5705,4512,3543,5743,6594,11134,4973,4086,6509,5788,5943,5211,6871,7119,782,161,239,75
21,L92L,270,191,114,168,162,356,225,213,125,80,214,472,520,348,335,537,579,195,924,153,360,419,404,469,552,461,132,674,289,92
22,D77A,266,194,1088,7458,2153,1762,930,684,463,1204,4231,3648,3623,2331,2075,3230,3777,2883,876,1245,4186,3440,3491,3087,3850,3727,27,34,72,77
23,M75L,259,204,3872,4596,765,3044,1760,1216,203,85,12525,5394,5485,3764,3666,5124,5824,4005,2303,3545,5720,6038,5315,5425,5652,6023,552,11511,438,75
24,D78E,240,198,1459,70,60,479,321,191,30,7,86,818,865,681,508,825,1018,342,2556,482,708,885,762,822,992,943,54,49,74,78
25,N97R,238,196,2835,11460,17455,3737,2017,1587,51,592,18866,7836,7441,5628,4227,6544,7777,11199,6964,7159,6656,7218,5920,6095,6914,7492,5,37,28,97
26,L92Y,234,190,5,34,4,79,104,33,NA,NA,2,241,309,191,115,330,292,776,1181,2,209,327,195,262,305,229,12,21,18320,92
27,D78A,232,194,16,10,14,628,180,152,4,2,17,854,773,630,398,743,869,1856,396,98,815,884,836,715,730,769,8,18,6,78
28,D78S,228,190,286,83,390,562,304,244,98,2,8,854,985,733,506,725,906,2624,47,931,973,664,678,775,880,940,6,15,16,78
29,D77R,227,192,458,13,2151,946,469,352,36,NA,3,1854,1930,1299,1086,1889,2188,4675,2628,754,1975,2040,1614,1496,2007,2209,1,10,47,77
30,L92M,224,232,67,4162,82,217,140,125,73,57,99,283,260,207,173,244,260,70,70,62,343,316,181,242,311,242,62,91,118,92
31,M75G,207,194,33794,1294,8174,1940,1073,870,10,5,21798,4193,4333,2908,2556,3927,4367,5335,3507,2301,4189,4113,3407,3861,4049,4190,4,4,1,75
32,M75S,194,166,168,1224,3249,2826,1324,1052,3077,3001,9267,4425,4400,3193,2944,4826,5297,6941,2835,3744,4607,4587,3656,3840,5477,5341,41,10878,37,75
33,L92_,189,133,5,7,8,47,73,53,2,1,7,170,221,88,87,133,200,9,9,5,237,58,207,178,120,135,6,25487,98,92
34,L92K,183,148,3,29,8,130,49,30,1,NA,4,142,132,128,80,175,145,2,3,5,215,145,191,130,176,176,4,34,13,92
35,D77T,180,147,1222,11,58,1358,727,382,1,351,5,2105,1850,1462,1287,1812,2018,149,2067,3240,2206,2215,1735,1899,2094,2275,5,2,28695,77
36,D78V,176,155,177,85,84,273,257,114,96,22,165,559,587,402,371,592,635,314,199,529,584,647,564,599,723,689,52094,393,244,78
37,L92N,175,123,913,6356,5,71,73,37,2,NA,NA,208,142,122,86,127,163,4,NA,NA,65,127,77,131,143,128,3,NA,14,92
38,D78W,171,137,10,NA,1381,446,175,102,6,NA,NA,626,535,468,333,421,657,14,21,776,551,638,610,600,648,731,1,29,1,78
39,L92Q,171,139,37,47,30,105,45,57,12,13,74,195,223,158,128,225,238,55,346,37,204,317,122,187,253,190,43,36,58,92
40,D78N,160,132,24,45,21,369,179,165,24,NA,3429,542,634,473,413,624,675,995,1418,39,660,535,434,391,625,610,23,13,43,78
41,L92P,154,103,14,33,30,134,66,33,5,5,53,134,121,112,87,167,213,46,31,27,214,170,86,147,249,202,24,14,42,92
42,D78L,150,119,69,22,66,366,158,205,39,1,16,804,951,518,558,776,918,1738,82,1012,578,899,772,667,831,925,35,877,49,78
43,N97K,149,115,2034,600,5233,2296,1144,1045,72,1617,459,4343,4197,3197,2415,3730,4037,1249,2028,2526,4120,4113,3325,3407,4118,4227,487,16249,1492,97
44,D77E,146,136,183,1208,114,1265,682,563,60,54,499,1905,1877,1374,1095,1869,2282,1909,303,2007,1718,1945,1671,1828,2148,2037,107,70,179,77
45,N97A,143,110,3719,7125,6672,1737,896,582,865,659,14709,3493,3541,2458,1897,3077,3359,2432,1660,1640,3538,3270,2698,2483,3293,3473,6,12049,22389,97
46,D77S,140,144,183,3089,575,1175,824,491,616,268,111,1823,1711,1468,1125,2102,1983,203,687,3116,1931,2262,1657,1642,2133,2393,30,26,1585,77
47,L92W,140,103,NA,3,2,38,50,26,255,NA,NA,203,170,107,112,127,270,302,23,13,127,152,52,155,162,190,NA,8,NA,92
48,N97Q,133,101,17649,10409,1714,1778,999,659,4,668,4226,3655,3684,2817,1871,3490,3589,2876,700,693,3070,3159,3038,3295,3717,3827,15,317,29304,97
49,M75V,131,115,1306,217,4186,1381,742,691,1381,8,1253,2423,2479,1760,1749,2568,3040,2312,3858,2023,2956,2955,2372,2329,2910,2694,22,55,19,75
50,N97W,131,106,715,779,577,2776,1241,990,53,2103,11447,4711,5054,3536,2548,4287,4883,6367,1017,6597,4252,4758,4059,3903,4911,4991,8,513,4,97
51,L92F,130,91,5,4,NA,82,22,51,4,2,11,55,184,94,75,128,139,21,40,7,136,100,134,155,101,222,28,8,480,92
52,N97Y,129,112,8767,8624,6044,4023,2073,1589,483,331,3821,6016,5994,4356,3761,5734,6121,6204,3103,6165,5582,5850,5519,5408,6100,6177,1766,1234,2261,97
53,L92E,128,125,11,288,2,115,16,34,2,1,5,72,144,89,73,134,113,30,15,21,104,118,121,143,140,100,7,22,8,92
54,L92D,124,112,1,4,NA,33,9,18,NA,NA,NA,132,95,146,85,125,109,2,4,1410,212,165,132,72,176,72,1,1,NA,92
55,D77L,120,81,21,50,338,719,344,323,113,105,99,1325,1390,889,862,1336,1657,1321,292,1181,1375,1296,1119,1111,1612,1512,7,14,27,77
56,N97D,117,109,78,108,1353,1807,1049,660,153,641,152,3491,3376,2643,1967,3199,3516,5731,2660,3699,3545,3604,2850,2944,3165,3282,24,76,78,97
57,N97_,113,76,1837,4953,6524,2065,1352,912,53,468,726,3893,4110,2894,2094,3841,4212,2789,3445,1480,3541,3516,3171,3140,4236,4429,28824,438,372,97
58,D78Y,111,75,597,2536,664,857,623,466,254,155,1165,1130,1222,889,914,1261,1439,1791,746,587,1347,1141,1177,1280,1467,1282,566,401,1558,78
59,M75A,105,77,526,548,12,973,451,412,1,5,29,1949,2152,1502,1227,1959,2254,4063,1997,2353,2536,1854,1803,1777,1940,2299,12,24,NA,75
60,D78T,105,79,2310,864,3405,178,104,63,168,NA,NA,263,362,224,148,303,383,21,3,1270,215,136,257,215,359,259,1,NA,3,78
61,D78I,105,87,3,NA,NA,256,118,127,1,NA,8,484,533,358,318,371,499,931,650,2,692,555,391,588,437,517,6,3,32,78
62,N97M,99,92,205,485,5834,2018,1297,825,25,47,360,3623,3857,2820,2185,3560,3590,760,2640,2848,3388,3819,3389,3092,3629,4022,89,200,88,97
63,N97E,96,81,1081,76,7411,1290,602,597,3,8,9828,3007,2964,2305,1576,2562,2974,711,1248,2829,2382,2960,2459,2327,3049,2803,19,111,313,97
64,N70R,92,67,1,66,33,489,195,139,7,501,320,708,778,520,444,730,856,1150,258,2,820,936,640,588,787,885,NA,NA,NA,70
65,M75E,90,68,4833,11,14,1404,791,494,6,2,3857,2119,2083,1395,1164,2048,2038,2412,2253,2918,2025,2376,1532,1912,2273,2290,3,10598,6,75
66,N97I,90,79,3079,20907,2717,3100,1658,1516,1136,796,2178,4931,5511,3984,3263,5017,5543,3037,1731,4465,4919,4664,4245,4958,5030,5492,31491,671,1240,97
67,M75W,88,51,2596,4908,505,1049,716,480,35,51,1344,1941,1949,1323,1183,1956,2285,2782,1248,1483,1967,2011,1717,1704,2334,2265,22,131,28,75
68,N70A,85,92,1,1,7742,563,315,248,2,NA,NA,1430,1234,772,776,1226,1372,581,1112,795,1352,1166,1403,1484,1597,1592,NA,NA,NA,70
69,D77F,85,96,208,177,43,942,573,337,396,6,4560,1558,1663,1112,1116,1653,1915,108,1481,1138,1808,1737,1475,1272,1848,1656,38,18,256,77
70,D77W,83,47,107,718,31,384,271,176,1199,NA,NA,1128,1321,743,713,1217,1317,1263,1630,571,980,1312,1020,956,1107,1037,NA,274,2,77
71,D78K,83,70,23,1,26,198,132,77,10,NA,2,401,466,255,211,387,396,142,202,884,460,370,332,328,379,461,NA,NA,1,78
72,N97F,81,79,2030,10913,4574,2745,1637,1178,713,1463,8763,4816,4678,3395,2795,4386,4547,5830,3864,3111,4394,4079,3959,3537,4671,4840,727,1085,656,97
73,M75K,77,57,226,138,3633,1953,971,682,684,981,7216,2750,2883,2341,1819,3139,3139,1230,997,1712,2834,3089,3054,2742,3210,3197,236,119,171,75
74,N97T,76,47,255,58,253,1095,696,513,40,207,401,2075,2403,1607,1300,1747,2269,4320,865,830,1914,2146,1985,1813,2683,2300,103,14041,28892,97
75,D77H,74,55,41,18,30,470,173,184,22,28,62,838,699,622,521,722,778,302,1425,1643,660,754,683,675,806,764,14,6,26,77
76,D77Y,74,48,975,8618,905,1401,745,701,668,203,6509,1933,1900,1475,1193,1875,1875,1201,1427,999,1844,1644,1667,1706,1917,2159,938,590,1461,77
77,D77Q,74,53,401,1,37,589,232,212,380,604,3254,1073,1059,693,621,910,1183,1352,824,1450,965,1153,1002,959,913,1173,NA,2,1,77
78,D78P,72,66,1,NA,8,66,15,39,9,NA,1,200,152,159,146,158,176,173,1,564,116,211,137,222,169,257,NA,20,1,78
79,D78_,72,61,36,5,3256,196,64,42,2,NA,5,214,216,210,96,265,227,35,73,76,140,128,218,190,440,172,1,4,8,78
80,D78Q,69,76,1,2,NA,159,60,42,NA,NA,NA,189,289,163,168,168,260,188,4,877,331,294,149,267,380,261,NA,8,NA,78
81,D77P,69,57,3700,3,2022,502,214,164,2,8,6,937,903,705,492,823,1083,809,377,3,1050,1004,754,737,944,929,1,1,5,77
82,N70G,68,82,NA,1,6,536,336,179,608,2,NA,785,948,736,619,1143,1189,586,501,NA,976,950,809,692,1070,1154,NA,NA,NA,70
83,M75I,68,69,358,439,484,893,473,501,256,119,10978,1433,1564,1285,902,1575,1721,653,1985,1406,1649,1519,1483,1424,1941,1715,334,225,403,75
84,N97C,65,71,587,6707,2836,1446,723,588,18,203,4203,2287,2523,1731,1479,2375,2570,1417,1651,2532,2093,2319,1779,2070,2752,2401,5,28,29,97
85,M75T,65,48,21,49,54,758,407,314,82,37,3596,1170,1328,917,816,1340,1519,956,1691,103,1826,1289,1199,1233,1614,1401,550,153,54,75
86,D77N,60,39,46,58,30,59,70,61,21,17,94,174,117,81,76,231,159,44,61,61,90,183,102,83,243,239,30,37,110,77
87,M75P,59,56,6,2,583,813,360,278,1132,NA,3099,1337,1469,978,799,1214,1502,3550,1610,17,1524,1062,1178,1398,1247,1744,20984,41,17,75
88,M75Y,57,40,115,40,7970,626,312,306,1044,1,17,1075,1201,895,646,1184,1334,609,294,61,1273,1041,900,1095,1371,1373,NA,4,7,75
89,N97H,50,39,80,3727,62,942,429,373,479,564,90,1187,1193,882,630,1105,1198,1319,847,725,1067,1342,984,1052,1166,1205,13,17,205,97
90,M75Q,49,32,1924,4,11,332,217,112,1,323,49,619,559,521,377,637,743,31,232,1161,630,794,699,607,758,820,184,92,7,75
91,N70K,48,20,132,151,142,333,179,172,42,57,266,612,574,413,501,614,644,2059,383,455,691,607,601,559,635,650,88,73,146,70
92,N70V,45,60,1,3352,2442,311,121,118,4,2,NA,647,795,427,403,671,755,599,625,41,752,578,585,524,700,791,NA,NA,NA,70
93,N70W,43,42,NA,1,NA,294,145,91,NA,NA,2,438,419,341,301,500,621,1,6,1,448,513,398,534,469,425,NA,NA,NA,70
94,D78F,41,43,11,13,28,32,53,46,6,6,33,151,189,60,102,147,192,125,61,50,126,176,113,117,102,193,359,30,29486,78
95,M75C,40,43,8,108,11,310,320,243,5,1,36,901,1022,783,710,946,1071,216,4130,735,928,903,903,919,934,1097,1,NA,3,75
96,M75N,40,28,13,1264,200,854,449,340,1007,3,43,1453,1500,930,713,1304,1603,427,23,383,1550,1157,1252,1391,1535,1514,5,5,10,75
97,M75_,39,53,2591,52,60,1164,421,452,43,49,264,1597,1636,985,990,1603,1744,1806,1035,1636,1441,1805,1442,1425,1725,1773,34,676,53,75
98,N70P,38,31,468,NA,7,506,146,81,NA,3,1,488,579,382,331,500,582,944,254,2,562,394,669,573,586,758,NA,1,NA,70
99,N70L,38,50,NA,47,19,436,251,156,1,747,1380,726,951,704,662,968,1003,755,21,781,1150,980,893,727,888,1048,1,NA,1,70
100,N70M,37,24,43,3,1,369,112,133,NA,11,NA,620,645,481,449,629,635,719,468,NA,733,520,678,494,642,840,NA,1,1,70
101,M75F,37,20,24,25,52,338,167,91,139,1,7802,573,652,515,412,542,837,292,500,20,601,641,575,537,628,736,12,6,12,75
102,D77I,37,22,1088,87,32,316,219,143,11,3,4014,402,368,398,263,400,419,9,1486,48,460,623,367,350,496,463,4,3,14,77
103,D78C,36,31,7,5,56,132,34,26,4,1,2,137,131,127,84,116,145,93,30,43,87,98,105,127,244,125,10,10,33,78
104,D77M,35,19,21,NA,35,238,231,128,145,5,9,469,515,429,228,502,612,10,25,19,421,424,575,386,551,475,NA,NA,23,77
105,N70T,32,22,20,2,20,140,133,48,1,2,323,270,332,217,185,367,288,61,15,360,313,326,325,282,378,281,3,4,3,70
106,N97P,30,33,4016,16,3868,711,315,294,173,4,6424,1062,1183,776,592,1107,1340,1707,34,560,906,1514,1081,1078,1099,1038,5,19,24335,97
107,D77C,29,33,3067,104,8,421,245,118,78,2,3,597,628,468,366,536,787,139,220,125,593,637,551,537,645,630,1,17,7,77
108,M75H,27,16,16,4,7,268,119,63,5,6,2,394,348,271,218,329,420,1232,3,14,323,440,419,371,469,444,NA,NA,NA,75
109,N70E,25,27,NA,72,154,265,121,113,NA,NA,2,457,362,360,297,588,490,1104,619,31,600,387,497,373,515,520,NA,NA,2,70
110,D78H,24,21,115,1581,25,185,111,71,1186,11,46,385,271,201,116,261,282,34,15,55,238,374,176,255,216,236,13,35,49,78
111,M75D,24,12,1873,760,1559,529,141,201,NA,NA,5,861,630,546,385,555,673,163,472,634,928,555,573,651,482,730,NA,13,NA,75
112,D78M,21,21,2,NA,2,20,50,9,1,NA,NA,108,74,89,61,123,101,417,5,12,69,110,63,65,90,112,NA,2,NA,78
113,N70N,21,7,25,32,25,136,52,69,8,3,36,170,172,83,139,201,148,28,23,20,83,185,169,128,187,181,7,11,30,70
114,N70Q,20,9,13,15,14,117,88,41,1,21,18,280,320,185,200,254,300,32,21,44,262,380,219,420,383,328,NA,1,2,70
115,N70I,19,19,28,91,51,179,111,62,9,13,89,299,335,208,216,230,300,83,89,79,178,278,299,286,260,292,43,30,35,70
116,N70D,18,17,19,69,108,83,32,19,7,1,36,197,124,155,82,150,173,39,878,954,156,149,92,121,145,167,15,15,20,70
117,D77_,17,14,19,21,5,106,101,84,407,3,19,291,312,221,146,186,271,16,17,25,451,287,184,219,244,367,6,9,95,77
118,N70C,17,22,NA,NA,1959,123,113,87,9,NA,NA,223,331,241,200,358,315,1694,1,1,295,322,315,285,391,363,NA,NA,NA,70
119,N70F,16,12,NA,1297,8,39,26,63,NA,NA,2,176,166,132,83,171,144,1,529,438,160,216,155,83,163,172,NA,NA,NA,70
120,D78D,13,7,20,21,30,19,10,7,5,4,46,29,40,18,26,33,30,30,25,17,35,25,24,29,30,34,17,12,28,78
121,N70Y,12,13,12,65,28,113,50,28,6,2,34,164,195,138,185,155,212,23,24,56,214,199,226,173,210,192,5,4,16,70
122,D77D,6,7,22,18,20,17,12,10,4,5,38,31,33,16,20,27,41,27,27,21,24,37,25,23,23,38,19,8,24,77
123,D77K,5,1,9,NA,2,19,26,10,7,25,21,16,85,26,14,40,41,8,14,8,23,27,37,33,58,80,1,NA,141,77
124,N97N,2,2,16,11,9,9,5,6,4,7,28,23,16,8,12,14,16,16,11,19,18,21,13,20,21,16,13,7,20,97
125,N70_,1,NA,2,10,82,49,18,24,5,6,193,70,49,36,41,64,62,41,27,38,63,82,78,53,70,91,3,4,5,70