"","variant","r1tp1","r1tp2","r1tp3","r2tp1","r2tp2","r2tp3","r4tp1","r4tp2","r4tp3","r5tp1","r5tp2","r5tp3","r6tp1","r6tp2","r6tp3"
"1","Z0Z",36920,517729,1026943,3052799,746819,2377655,1519704,1899659,606361,1134274,1181248,870783,2159009,4101903,2470747
"2","S88V",2616,23336,32467,79573,18774,471,46500,59509,7012,67253,78550,109811,50945,116776,20
"3","S88R",1373,22174,49602,104951,23704,20078,47388,96436,21508,44707,25032,9982,5559,3406,1139
"4","L63L",1911,2333,6443,101045,923,1441,17266,24706,2525,497,26594,543,1016,2181,904
"5","S88G",848,5689,5183,5799,11894,771,31582,34583,13425,31320,15803,30742,43174,8325,475
"6","H72L",910,5659,13774,922,8480,127379,35897,15729,3275,17732,14157,1496,50952,2175,629
"7","V85G",1299,10069,22784,86494,2795,1275,976,7918,2944,12010,17488,6646,111384,42516,191
"8","D84G",142,8907,4260,2180,5671,44404,683,13708,1348,1647,7230,5207,1902,133843,355
"9","E90G",1636,13583,23645,123193,20859,2598,29302,82028,17377,50792,31219,13836,58525,86918,382
"10","E86R",274,11295,16554,54096,6972,68,14519,68509,3819,19567,10160,25288,17,NA,5
"11","L63S",821,3176,16,65138,12574,56284,60785,19527,1020,19956,7995,2,13051,326,1
"12","D84V",507,6920,552,6315,6440,1723,890,9136,2759,16809,25920,28043,988,56520,643
"13","E86G",396,15374,10896,646,1205,20228,15410,20811,4020,9810,12097,8402,356,634,369
"14","A67G",1399,6370,20535,99333,9961,1593,22566,14626,7680,12205,25293,30698,44979,551,244
"15","D78G",150,88,112,390,2115,243,137,314,2353,248,246,6046,746,488,238
"16","N80G",467,5502,5666,531,2444,314,13625,9031,1046,24900,16499,21573,225,2,5
"17","V85R",972,4923,40514,561,15754,58928,11878,34515,7213,13356,32803,221,1976,39,8
"18","V83G",144,6507,170,2055,7221,637,59082,13819,2275,35998,1136,61351,66900,470,114
"19","S88L",1370,10429,22328,92107,16817,2709,38573,37229,5631,20447,57266,22716,370,55493,103
"20","D84S",241,114,262,4764,2737,57,14239,24543,710,5835,4901,740,541,1818,18
"21","N80S",414,12809,4669,763,13149,86436,798,37565,10004,18205,8958,45655,849,28722,303
"22","L92R",279,4620,5808,70,362,57,26,368,794,15,5794,30,37,90,46
"23","F91S",252,1291,136,397,1488,323,216,2171,469,6656,7606,106,49874,720,337
"24","N80V",136,868,53,23685,9271,109160,14940,90,591,6825,8804,124,48158,20,17
"25","H72R",160,2169,3831,46652,1314,31331,15490,508,5438,13557,8026,180,941,53041,482
"26","S88W",871,4524,20342,44276,8549,3628,24259,8672,3230,16315,23135,1401,123738,967,92
"27","E66R",715,5412,4486,33210,3566,102,24639,6265,705,13719,2742,1326,5,64,7
"28","V68V",237,18128,38544,1756,6652,1233,1661,4691,1493,10250,7066,18083,1494,3752,1145
"29","V83R",369,4324,10005,179,5145,149,44376,2314,1785,7607,16662,7230,43,54460,9
"30","F91G",125,3647,10701,62413,1546,6,5,60,1188,NA,3627,4,8,4,2
"31","L96G",271,6343,5,107,3858,9,10,6415,245,48,1174,3144,47738,44,4
"32","S88S",946,5311,6119,1404,12094,17875,29050,11699,3129,24395,6193,9117,138500,1972,536
"33","E87S",754,6380,29,163042,19723,17787,59931,7865,4879,15149,10446,34775,53929,55,21
"34","S88Y",292,8666,17982,100242,6598,30511,14557,21528,634,13094,16461,8490,29271,1244,56
"35","L63V",25,3831,1087,9647,2628,3116,3010,11640,2827,2834,1104,47942,3119,3873,4220
"36","N80L",308,32,2902,300,5709,105,11237,5540,43,13967,12489,348,57671,27,21
"37","F91L",186,371,672,2647,6228,91500,15428,9457,303,384,8869,575,1026,1553,765
"38","H72G",124,2236,2103,107,1168,67,11410,109,216,9805,73,8,22657,99,7
"39","E66A",140,8985,6409,44815,20977,35829,7827,9456,1076,3991,8639,45652,144,9119,66
"40","E90R",1052,12092,28918,327,3478,127931,15582,35460,5124,17179,28430,928,63,144,46
"41","A79S",320,12684,12858,904,11020,60365,10621,43995,7345,17437,18754,24759,6941,53310,459
"42","A67R",161,4280,25369,39008,4649,79692,14429,28423,4696,12222,14743,145,46179,72,9
"43","V83L",509,4540,6141,48965,2076,820,22234,1607,411,10764,19632,1404,5698,5243,561
"44","A79G",158,8565,17747,839,9561,2612,17525,10433,2692,670,21117,14744,47901,4339,341
"45","N80R",190,3401,6065,15635,3416,75,417,25373,3599,52,14764,34,12143,58,9
"46","D84L",158,1579,5309,112788,733,56,389,9580,285,6410,18662,786,24,358,14
"47","D76G",156,256,5832,1279,209,711,29669,433,385,9177,366,2188,717,1035,756
"48","A79A",339,7427,17963,98908,1855,8605,34863,57969,9468,2609,2187,40661,140634,60708,1878
"49","L92V",153,7014,161,252,42,132,76,5934,41,61,100,85,139,269,124
"50","V85A",126,6460,28572,3584,1143,95011,19858,13538,6111,13797,11903,293,893,72128,510
"51","N97G",710,24451,25045,117268,4682,62718,14746,36493,12870,25354,13685,1687,30300,69303,16
"52","H72A",359,172,20,30,1103,40,6909,1329,277,4554,659,10,25,13220,NA
"53","L96R",96,4963,4936,89526,1149,555,152,4480,2904,7253,794,143,2141,848,105
"54","D89G",1253,13621,20999,60754,18712,212421,50052,52482,5391,48666,37012,27634,32223,110775,503
"55","V68G",5,836,79,669,222,265,30567,2197,1647,245,11090,2394,465,178,75
"56","L96L",195,3009,29069,11068,5767,1134,4722,7602,2604,1043,10939,9359,36879,2057,909
"57","E66G",262,5009,9541,36198,1269,630,25131,1192,834,20552,285,904,2361,1664,381
"58","D84R",NA,2231,12,39147,5206,129,24917,14049,1505,14210,3411,1,13,28,1
"59","A79V",321,2635,17244,23346,4175,193059,16462,13838,1492,911,10614,1288,1198,86957,1074
"60","L74R",323,6995,20931,178,4388,25833,450,23588,4126,107,7434,322,191,201,79
"61","L96V",27,5114,164,745,1703,182,6119,611,72,8441,11694,114,1626,344,169
"62","E90V",1260,14264,6566,49103,8707,54616,9966,64063,6913,17377,6072,94343,1909,2311,810
"63","E86V",213,1165,1764,52908,6069,3204,27611,27746,5039,18202,8440,9844,1141,1802,1292
"64","L63P",198,3284,7962,448,1664,17000,420,17854,1839,4449,13059,138,329,1147,654
"65","V68S",1,2033,52,174,4283,101,14024,7079,1118,29818,8033,23792,33990,96548,3
"66","V68A",11,4745,290,70757,17041,31050,407,823,3713,3563,3168,182,886,631,390
"67","Y98R",416,18416,16066,25188,3360,18,1655,15258,5712,6921,24234,1962,62,64,219
"68","F91V",121,68,5598,930,2196,57,74,124,15,2111,17472,12,46,5827,26
"69","F91R",365,4620,3,49,881,8,3,16,297,4,90,7023,675,8,NA
"70","D95G",90,2375,15324,1133,7804,244,2060,14800,1144,3343,154,156,196,386,206
"71","E86E",545,4996,5872,64799,2575,31239,605,13987,847,8148,9577,1832,30036,14699,502
"72","A67V",331,128,5390,36377,1644,2209,521,12755,419,12368,4951,6777,25758,39050,502
"73","A67A",164,2489,6634,2593,3624,4179,22283,35260,2752,8530,26397,34707,53481,2876,880
"74","E90A",479,8265,9548,1375,1641,99575,658,68101,6242,18746,4110,242,597,2624,242
"75","L63G",186,566,12502,2751,4574,1739,18702,1591,349,18479,15940,279,1628,1980,2205
"76","Y98G",253,4160,17674,186412,17886,78,13671,16980,1812,21676,37,88,55281,48417,10
"77","H72V",156,2286,5889,47,10133,126,6964,9730,4755,1072,42,5,126,24,4
"78","H72S",5,6708,11127,28,623,1013,42,8606,889,15946,8794,192,9,536,174
"79","L63C",328,2988,7561,83,3405,2713,18735,11677,5680,10371,NA,101,3,NA,NA
"80","L63R",215,2430,51,98,3588,11140,115,5566,1961,79,6732,24,70,166,88
"81","L63F",190,14311,15347,417,7487,321,208,5027,3338,8370,80,110,237,462,211
"82","S88D",377,8163,112,201,1290,19092,22260,1132,1230,12754,7747,675,59332,66,17
"83","V85L",304,10576,10962,92846,2193,2907,15660,11888,2743,13066,13590,2270,1121,2197,605
"84","L92S",77,2037,12,3,2,4,19,561,3371,2,2,NA,NA,5,2
"85","H72E",404,6336,178,83046,3876,2550,856,123,2654,140,14076,3968,289,170,23
"86","N70S",463,218,5554,330,3230,323,180,16454,1053,142,9302,11358,27933,89109,299
"87","D95V",496,2452,685,2464,12388,762,3223,3624,626,15729,355,8644,542,963,607
"88","D84C",104,1991,16270,263,3088,719,210,4591,658,23480,81,1098,21742,81,3
"89","V68L",143,7125,6058,527,6323,179,12582,6664,990,81,9260,55,608,97124,106
"90","D77G",541,10098,11763,85693,4688,118729,15676,29086,1832,7553,29636,8085,1867,54293,303
"91","E86S",3,6505,13177,2210,1801,78,17056,2982,3364,114,7168,255,3,13,14
"92","G81V",4,1975,5823,204,121,176,611,176,83,155,303,286,227,360,148
"93","A67S",242,4001,6775,1679,5391,1292,13522,772,1421,23324,13806,282,955,32563,238
"94","E94G",11,6563,5832,507,148,433,286,1779,607,219,4398,563,384,635,496
"95","V68R",356,5857,10207,66698,3118,74,19996,5647,6422,12642,7932,57,72774,258,7
"96","E86A",2,15464,37418,76754,1271,261,21504,10493,2109,10283,71,15954,61,89,47
"97","S88A",640,9637,30066,125,17689,9159,15782,9161,4960,29724,19525,47009,19406,108983,27
"98","N97V",700,10029,22811,775,5505,427,13410,12991,612,7115,42,9495,153,421,3
"99","S88F",337,779,25263,1547,30238,424,42452,16846,3123,47653,4860,2486,369,887,41
"100","N97L",1198,2670,6349,53385,6478,1511,5150,6646,5760,8504,93,447,21040,625,20
"101","D95R",285,33,5723,61040,17466,58,13263,6028,1527,7717,10134,9567,12,4,41
"102","L92T",NA,1,2,1,1,1,NA,2,1,2,2,12,1,1,NA
"103","N80T",113,3940,85,21092,4058,12087,223,214,1111,75,133,364,24611,75545,100
"104","N80D",322,4245,6254,199280,1270,18952,15360,2616,826,12308,334,11029,577,612,341
"105","S88M",242,1265,11424,1545,4477,656,16455,7167,5362,11651,12646,987,80,1791,294
"106","E66V",84,127,292,519,5695,314,4503,21226,260,6578,7738,139,430,657,340
"107","N80K",13,2595,463,1188,1462,834,30840,10690,1223,318,9561,150,803,2022,383
"108","D78R",1,3,NA,1,922,2,NA,2121,1,1,1,1,192,3,3
"109","F65L",137,1304,5686,1280,9273,807,7841,7581,518,7823,23283,7521,929,1576,804
"110","N80Y",159,4797,843,9961,869,4123,18544,1518,466,9450,10427,3779,1959,2232,1206
"111","V83S",330,2613,9,63,5790,39,10960,18807,3451,166,82,55,47365,88,13
"112","E87G",769,6092,11794,253337,17549,422,15546,421,17148,6076,26795,612,57763,502,314
"113","E86L",771,6188,22961,1942,371,246,15597,4005,1467,622,298,4409,103,130,101
"114","A79L",459,5153,23414,55,11996,211,7272,6757,3451,3205,19291,3685,176,102806,18
"115","D89V",638,13618,8324,31545,19605,34890,2928,39624,1351,6884,14582,59569,2035,82908,837
"116","L92C",NA,2110,5878,2,1123,2,1,2,3,NA,2,2,1,NA,NA
"117","S64G",14,252,434,1892,2176,58125,1036,702,239,639,601,3220,1051,2373,986
"118","A79D",150,8243,11625,16886,24263,2679,8156,29387,3010,30793,21261,292,55506,2498,539
"119","N80A",NA,1956,5466,53,3192,71,6635,27414,212,14,8660,3024,1208,34,3
"120","S88C",218,3123,1379,4444,2061,3760,20219,5418,3054,8474,2228,1012,6096,2556,1017
"121","A79R",448,3350,16305,12,3068,297,79,21872,1495,4646,7781,432,263,57108,12
"122","E94R",1,2206,4954,1,NA,2,NA,11,501,297,NA,1,9,2,NA
"123","L96S",3,2818,13383,95,2249,28040,13740,3919,94,8023,29,274,37,141,7
"124","S88H",390,9170,2972,44398,16921,91856,121,1629,7988,14695,23685,3010,93,8,19
"125","N97S",1004,24025,5636,5186,8136,150617,671,15605,5565,336,23767,695,540,3012,298
"126","D84Y",12,212,396,993,176,499,6928,9869,3484,6654,333,161,52233,1587,402
"127","V83A",295,592,384,503,1970,354,13786,618,2227,264,5707,108,1477,526,351
"128","L74S",2,2134,78,9,1339,4319,37,10128,2917,7,17,31,5,30,1
"129","E87V",578,671,963,18043,7115,1882,15661,19037,6724,12480,2071,9001,4119,3899,1122
"130","V85S",374,2757,49,103,2577,94051,103,8610,2051,28571,28457,533,322,45141,39
"131","H72P",7,6330,27639,239,2263,3663,14629,128,1094,13115,16871,51,2998,285,45
"132","D89S",1230,20713,31882,44977,24269,14879,16982,3031,7447,22947,21413,59693,45921,241,16
"133","N80C",316,88,156,17261,1078,176,22421,15133,99,265,1449,131,892,26,25
"134","D89R",594,10784,6366,70917,16542,252,6788,8542,6514,10071,10264,52969,38926,53083,35
"135","G81S",95,167,489,468,101,4419,360,336,75,8291,151,123,53884,91840,361
"136","D77V",540,12483,6210,4349,4070,3995,2289,5529,2827,32016,11006,568,1513,2739,789
"137","S88E",285,952,6162,107,5401,91,64,147,1568,7202,13358,5069,141,401,NA
"138","G81R",230,14,125,139,1560,112,269,87,24,8382,17354,3930,252,206,81
"139","Y98L",1060,3443,420,57659,10596,264,20302,27911,3438,17190,989,28066,4578,370,104
"140","L74L",28,2204,6718,2590,3128,6874,1553,3791,6505,18548,949,844,2205,5954,1439
"141","F91M",13,49,24,43,17,20112,6251,18,122,26,21,6975,296,11,7
"142","F91W",138,2231,281,3246,81,5,7,11,369,NA,148,14,88,1,1
"143","Y98S",1237,7117,19957,64678,6893,1103,836,5490,4007,9738,4701,4569,8168,69184,435
"144","L74A",288,6,5,391,4232,21,21,7226,3273,123,19421,10577,4,24,2
"145","E90S",576,1055,16804,229,14489,28560,328,33153,2109,35015,11559,4158,25,728,26
"146","D84A",282,67,107,177,5067,170,64,8402,48,422,275,13643,49857,1030,104
"147","N80F",269,56,93,791,1843,1817,637,315,758,8026,303,3497,1686,106,85
"148","S64R",5,103,96,47136,93,739,278,18599,134,8399,141,1380,366,624,326
"149","R93G",11,151,5562,397,198,42371,260,527,602,194,198,379,351,651,326
"150","L63I",208,2829,12812,131,36,138,76,9126,60,11775,85,41,95,187,84
"151","F91D",NA,3257,NA,4,5,28,NA,60,NA,1,2,NA,1613,1,NA
"152","D82G",NA,98,529,303,643,247,143,647,1660,694,5956,146,613,395,231
"153","A67L",158,3047,8449,75,3680,265055,10307,13601,6107,3359,3278,4597,14,45342,4
"154","L74T",234,4,11,108,9,108,28468,8263,1443,5293,2016,106,1,20,3
"155","N80I",26,1423,447,1069,2437,1429,558,973,1879,7202,9509,446,62939,762,565
"156","S88P",606,7403,7838,211,3032,87958,32,40,3868,170,7776,6384,67,99,6
"157","D95W",184,3980,6287,40,2208,3,328,3407,2776,135,17,6,9,NA,1
"158","N80M",143,2486,12118,73,7434,27,131,712,48,7685,16593,158,729,60,5
"159","L92I",5,26,20,34,10,34,7142,2189,232,11,3,49,8,13,4
"160","L74V",157,275,151,418,670,84362,29948,18477,1065,8084,4608,379,199,919,94
"161","D95S",524,4442,43,1347,35,39,127,628,2706,12441,21516,28,20359,109,9
"162","S88_",515,14816,77,1165,8301,19951,30528,23347,4494,1161,11907,48188,313,88030,8
"163","S64S",192,2018,110,61697,71,383,13865,275,84,9191,116,96,274,571,506
"164","S88K",106,4773,4853,114,9139,39831,15832,9982,8755,9734,7322,647,156,696,18
"165","V83E",39,6386,246,9278,1848,400,658,19560,531,425,511,6069,1272,1353,437
"166","H72_",246,5063,14850,78,1117,751,167,12026,2471,21376,6055,22,46335,1004,26
"167","M75R",165,2012,4764,665,4127,143,16447,1563,433,16183,863,2810,723,81,55
"168","D77A",594,7672,8920,58429,3010,3599,2239,9722,595,16047,8891,1846,3144,20855,162
"169","D89L",607,8085,4928,276,5107,26556,6012,39628,4345,726,32523,324,12196,58605,32
"170","H72Q",173,1507,724,2645,2330,2411,2077,8582,955,945,500,227,2503,1779,522
"171","V85W",401,8312,11806,54,11766,155,332,6423,158,263,20309,18,541,44506,21
"172","K73T",178,147,12205,595,5834,136,661,1095,552,281,108,299,367,41597,112
"173","E87F",988,4495,13799,119074,2507,62,654,14657,5493,464,13810,11147,172,536,18
"174","E87D",508,4714,535,9424,1539,18685,1529,4254,1394,1512,691,459,1715,1491,756
"175","Y98A",485,2033,5286,1630,2380,16585,333,3242,7053,1706,18981,74,398,2447,40
"176","G81G",17,197,788,1046,272,802,853,650,1734,417,575,397,765,1714,828
"177","L92L",139,280,412,1574,319,1187,956,1379,329,464,470,455,1269,2365,1168
"178","F91C",5,123,396,673,55,63,40,83,125,22,162,23,980,75,41
"179","Y98V",359,7616,11572,1126,8410,12,126,38070,5522,23333,11913,16432,43611,160,6
"180","A79C",138,5813,41,130,5362,698,28783,11320,1890,119,25609,140,56,137921,24
"181","E86W",252,168,6533,762,1861,85,15140,1099,44,4000,12181,16,59,NA,NA
"182","D84T",29,4256,16187,10,1143,6,48,12728,92,5,5828,5,545,106037,8
"183","L63Y",490,1934,13204,50208,202,6,414,21722,946,11138,NA,1121,1,6573,NA
"184","D84E",60,2420,545,847,1406,350,397,2760,639,915,912,318,364,628,320
"185","M75L",253,6764,10499,746,3022,445,694,19273,4214,4547,8822,1703,1197,1308,423
"186","E66T",1,2186,6,34,2654,9,12,16,814,4007,9030,2291,6,8,3
"187","G81C",157,125,252,1493,121,10392,514,24837,113,255,387,222,1814,1872,400
"188","D84I",8,63,5377,2251,2670,47,6007,4165,2032,6757,18,102,18,257,1
"189","E66L",43,1129,4132,286,6336,40,14316,125,3360,6326,42,205,93,406,4
"190","L96A",172,6917,9,24766,18,7,225,16297,823,10,7,4,6,2,3
"191","N80E",139,3356,14,71,1389,15,148,278,8,27163,75,21,556,5,7
"192","E87L",310,1849,122,2881,12976,189,475,1419,13013,527,19216,27872,4595,120158,46
"193","N80_",298,6241,5145,119,82,72,13797,201,165,1603,6984,20,562,21,37
"194","A79P",149,157,290,428,1118,917,37692,533,1093,4217,269,567,338,1484,209
"195","D78E",12,109,142,499,640,390,239,4916,257,1113,261,167,375,594,391
"196","A79F",236,8728,14820,100,9336,86,11818,33194,1115,15480,16093,104,31,81338,15
"197","E90T",1419,5885,6182,196,5623,55108,25738,41520,8060,498,8858,609,33,90958,19
"198","L74P",115,1324,9035,632,4529,520,16796,28713,525,635,508,230,470,66805,420
"199","F91T",NA,3,2,5,4,11,NA,5,68,2,NA,NA,47907,25,8
"200","E86T",NA,41,5457,232,3734,5,19,13668,15,68,5,1701,2,NA,NA
"201","A67E",4,6425,5727,694,5454,649,10984,868,2727,456,208,638,937,1355,364
"202","H72D",174,2413,10911,1125,4094,216,282,1268,740,226,7395,91,232,693,147
"203","H72W",121,2027,18,1684,7342,12,11,6933,791,3771,44,19,80,162,2
"204","S64V",NA,2499,7,24700,6,29,5,366,265,NA,1,82,13,83084,NA
"205","N80W",2,1950,8480,20,2011,14,120,10590,15,312,5304,104,54384,29,11
"206","D78A",290,21,34,58,39,46,30,10235,16,25,23,82,172,82031,66
"207","V68W",NA,6128,13,2,3382,1,34,18,5122,8,1,1,76,1,4
"208","N97R",1102,6720,8601,114033,6817,374,14840,30931,6871,18491,4877,59,72,106617,36
"209","A79T",15,21224,17374,1291,2740,52395,14572,1811,3064,7454,16780,525,794,1709,904
"210","L74G",256,4316,21,55,37697,21732,14146,13910,46601,2,11,7771,4,14,2
"211","V83W",172,93,15,45,2241,2779,5766,18425,2644,3168,392,2561,116,755,14
"212","V68C",127,4074,6,196,1124,121,35672,36250,1991,12219,7,30,47,122,14
"213","E90L",247,4386,12065,805,8027,1903,892,9493,427,9898,12299,17665,68,115,40
"214","E86K",10,76,141,104890,2158,775,16234,4340,3511,180,19310,130,35642,717,364
"215","E86_",246,3048,11016,7549,4704,1856,2407,8655,530,625,6351,12675,2310,1640,1015
"216","K73G",1,4113,35110,65534,1127,41,561,1807,923,37,7856,7169,7,40,85
"217","R93L",NA,2,19,1,1,3,1,45,NA,NA,42,6,1,2,3
"218","V83C",189,3031,5,3,6007,10,51,360,331,14584,13082,104147,4,4,NA
"219","H72T",3,3904,53,32,887,65089,2154,1022,44,49,4642,5,4,36,2
"220","S88I",19,224,984,2585,3718,1480,18280,2155,2147,9207,17090,363,1043,1030,356
"221","D84K",1,2098,25,513,15,32,14258,9362,327,34,35,18,7431,3,2
"222","F91Y",5,2498,125,361,2911,607,177,3187,112,186,304,97,347,476,314
"223","L92M",212,2652,6322,468,5949,413,277,3065,120,7794,196,67981,423,790,381
"224","D78S",148,1,1,14,4,9,4,6459,2,NA,NA,1,58130,782,15
"225","E66M",3,2212,3,106,2550,89,27146,460,2838,9,9663,4,21924,7,3
"226","E66S",3,26,12587,235,1892,345,71,3397,3,5900,54,187,5,471,2
"227","E86D",52,745,7717,12081,1357,3301,2242,2339,577,1155,948,1434,32433,2304,1355
"228","L74Q",25,2394,6403,663,701,42006,1103,1027,1731,248,727,364,1130,3014,538
"229","H72F",106,2154,2699,50,14,169,10868,701,564,20108,6128,3,NA,85,5
"230","E90M",128,2945,23112,175,1652,803,25111,18116,1005,159,12280,44,22,49,12
"231","D84F",119,2067,85,406,1209,29,135,360,655,8539,135,48,109,148,5
"232","R93S",5,86,150,487,97,424,257,534,107,197,272,151,475,864,400
"233","R93V",NA,937,1,1,1116,49,NA,2097,NA,1,26,3044,NA,NA,NA
"234","D77R",121,2426,5234,200,1104,1593,15,11137,208,9353,19357,12,52,79827,5
"235","D89N",859,5868,16445,58173,1576,4109,975,14718,2821,15810,9567,1166,55699,46084,408
"236","D84N",149,4682,5367,744,107,315,7721,8399,378,12926,120,116,27563,1315,269
"237","D89E",246,16643,55602,1867,7087,50388,16105,31281,3144,20792,41635,18099,828,1932,562
"238","D89C",375,2223,5898,639,2444,78153,160,31960,6522,7243,13860,1141,53262,193,15
"239","E66K",281,4054,199,677,3761,519,607,484,354,8761,299,155,761,985,521
"240","F91K",147,3,5754,3,644,25,2,2,NA,8018,NA,2,383,4,2
"241","E66Q",144,99,6262,10030,1138,924,482,298,108,252,22745,190,140,326,135
"242","K73V",205,3148,4874,119,7,3,18,16851,3063,2,1368,15,13,96874,4
"243","E94V",300,214,5588,526,276,387,1660,606,134,152,994,136,301,671,423
"244","V85V",23,267,6754,2677,3051,1476,8981,1465,367,597,632,734,2035,2720,1220
"245","F91P",72,2446,3,1,1,8,NA,9,744,NA,3,NA,7,6557,1
"246","G81L",1,4422,1,48,1790,39,14432,2,63,4,7343,3188,NA,30,2
"247","F91A",NA,13,52,119,5,NA,2,16131,3,52,2,NA,21,3,1
"248","D89I",295,7736,12226,480,8654,164916,32552,15560,2205,20623,9223,732,56,39327,12
"249","E86C",154,2308,6647,414,547,105,31321,640,218,6368,4226,388,5,3,2
"250","D84W",1,4554,3846,12678,12,2,69,82,7,2917,8236,2,1,30,NA
"251","E90W",162,131,102,57644,5765,23977,364,8074,4366,9912,9799,75,59,79,8
"252","K73L",458,6152,11684,72660,4601,17,33,21681,4108,8857,9041,908,3,345,11
"253","V68K",NA,3,5,4,2,4,5,200,2375,1988,15791,4,61586,19,13
"254","D82V",NA,56,305,397,1312,946,205,1859,139,170,175,531,492,515,323
"255","E66P",358,2219,6,46182,20,50,6308,4889,740,51,10119,5299,1,8,NA
"256","E87C",397,4231,5,2315,8126,16,670,6033,2970,119,7662,994,32,3,79
"257","Y98P",183,8401,10441,387,9531,144,26017,4229,2449,6591,16022,123,119,374,21
"258","F91H",128,21,14,18,5,49563,NA,1,411,1,NA,3,14,7,1
"259","R93R",4,2564,186,508,1210,505,292,8285,753,422,154,152,379,689,323
"260","L63M",1,2212,2,9,1273,2,1,24168,576,NA,20915,2,NA,NA,NA
"261","D89Y",478,5686,14492,123267,7266,2714,1288,20767,4741,9080,5434,724,2417,3264,503
"262","E86H",142,172,107,1179,47,45,60,297,2774,163,138,43,44759,32,13
"263","D84M",232,3260,6,80445,1762,5,64,5470,162,5843,16,4385,2,NA,NA
"264","Y98T",120,11796,6128,475,6740,286,3991,22670,464,3427,38228,2657,89142,183526,248
"265","L96F",261,2290,796,631,4289,338,417,325,109,7907,386,5697,332,2498,273
"266","M75G",132,2209,5202,33362,8930,22,39,1045,1515,4913,29519,472,47853,13,28
"267","E90_",708,2452,18037,79002,3042,1696,27980,29826,460,13912,13018,33062,1359,1831,376
"268","A67Q",28,8510,8708,8814,6255,573,14982,8814,2884,8597,52,23,6,408,3
"269","D76E",6,72,147,577,89,802,572,8116,132,1063,130,147,550,1181,318
"270","L96C",154,22,5053,42,3254,69,9654,2858,1290,66,23500,7,88,142664,25
"271","N80H",3,25,169,395,2235,216,216,4012,66,49,123,29,209,101,59
"272","V83V",242,3954,5536,1191,8811,21972,13643,13204,1078,443,421,515,2311,1619,808
"273","E87_",561,9852,21366,65946,7878,2740,1873,18627,3536,6712,8625,1180,1142,20719,496
"274","D89F",463,5358,31452,261,3798,51190,24675,494,1592,11290,252,29837,339,80551,21
"275","H72H",11,2925,970,3055,12931,3838,22730,6848,992,8750,602,176,559,1664,503
"276","A79W",2,2175,83,7,971,34,18,28,2367,15165,3758,10,1955,207,1
"277","L74K",153,39,13,81,591,78,13159,9034,141,127,5474,2297,146,47,9
"278","V85P",NA,1513,5646,34124,1759,113,12,7852,98,8267,7982,1628,4,1124,109
"279","M75S",245,2161,814,136,1665,43,13822,6766,1391,7341,5549,58,20,5,2
"280","F91E",NA,27,4,24,454,1,NA,4062,NA,NA,1,NA,12,NA,1
"281","L63T",NA,3,2,11,1427,6467,9,14,1408,1,5,NA,1,11421,NA
"282","K73A",1,2283,51,104,1208,6,14,14329,6,7826,11563,11,4333,101,9
"283","L96W",NA,63,11442,24,5,NA,23,14,84,4129,5,NA,NA,22,NA
"284","L74M",269,6298,6340,21497,3655,22921,641,4873,976,3575,338,157,352,857,248
"285","V83T",167,1916,1,3,2285,2,15,14161,101,11285,5972,6,27,43,2
"286","I71R",NA,5,2,668,5,21,27,19,674,8810,9176,NA,3,3,2
"287","L63H",222,1457,111,436,80,33436,192,4188,1540,131,5344,118,249,60708,308
"288","A79I",389,17012,6037,49,2193,70,39,29195,458,236,1150,6287,4,337,6
"289","A67_",1,1067,29,99,15,1288,18432,13876,354,8330,28,408,6,38,7
"290","D76V",113,2296,242,605,155,389,947,9041,100,243,184,149,322,635,382
"291","A79Y",339,367,518,125,4196,1468,336,22441,2215,13852,153,1856,738,351,51
"292","D95C",438,1261,42,17,19,3,70,1096,169,240,231,3,3,2,1
"293","Y98C",169,14121,38967,2259,3329,864,16765,16101,4072,13900,269,653,26984,1736,347
"294","E66N",149,6,1,49,NA,1563,13504,11253,459,7409,4,375,2124,2,5
"295","D95D",841,2462,178,568,349,375,360,626,1053,957,487,262,352,1622,367
"296","L63Q",NA,2,5,82,3,132,12298,31,NA,NA,14,7,1,40,NA
"297","K73R",272,11449,11855,990,2832,334,541,15864,1515,3049,185,227,337,559,330
"298","Y98_",486,13210,18866,52925,10143,89611,27704,17228,2345,11697,2769,18702,3748,9548,578
"299","A67K",NA,2,3,54,1722,58,7040,5817,26,7569,6946,159,69,5,6
"300","D76S",NA,2298,NA,50302,2,48,10,116,8,1,NA,3,1,1,1
"301","E87T",368,3531,2,188,3881,22,45,12265,2805,29166,13,24,30,2,1
"302","E90D",827,2041,15950,3221,7797,1141,309,23134,863,693,9054,267,481,44024,218
"303","I71L",6,2144,2822,229,30,44,31,39,120,54,118,6,27,48,23
"304","D76L",129,4,1,73,1018,1,2,39,247,1,NA,3,1,1,2
"305","D77T",259,7179,10225,149792,4228,2395,23,32,3795,51,4377,107,53,20,2
"306","A79H",1,2130,4839,50,23,16763,8624,10072,501,7487,104,28,11,259,5
"307","D78V",9,60,132,825,110,334,209,249,91,7959,313,154,359,534,308
"308","D76R",NA,18,3,534,NA,3,7,3,NA,NA,NA,1,2,NA,NA
"309","L63N",1,3,15,113741,1304,88,12533,5549,729,9659,2,14,NA,34,NA
"310","D84_",221,27,9904,279,9,63,217,10426,1987,15373,8851,14,124,2,1
"311","I71G",222,2209,8,36,1131,31,6086,2906,276,5,2,89,NA,1,2
"312","D89A",728,859,7129,1237,16415,49113,666,1728,340,1192,1209,2757,5245,752,200
"313","G81A",2,44,120,87,20,73,52,59,38,404,40,4819,79,1380,77
"314","K73D",7,2189,84,95,1273,48,13472,6900,684,9068,80,8727,12,91037,10
"315","L63W",NA,NA,3,4,70,6,15,12,339,5998,143,NA,2,NA,1
"316","V83M",756,2101,140,597,234,384,345,1639,164,12024,4212,16368,80373,106043,491
"317","G81D",4,124,122,452,95,373,261,604,165,8535,169,109,331,680,332
"318","L92Q",8,48,136,338,98,261,181,256,75,127,180,119,338,520,304
"319","E86P",NA,5,9,97364,525,8,67,91,3,6209,1,2811,5,NA,NA
"320","D82A",NA,11,14,33,138,24,10,34,7,27,16,203,30,29,29
"321","N80Q",165,1482,11550,43,11,15,121,396,19,10,7468,1,19,13,2
"322","F65Y",155,57,129,392,4736,282,259,705,355,2104,349,88,244,419,299
"323","V85E",155,185,557,747,3143,12036,1134,734,1181,2052,640,258,1495,1270,460
"324","A67T",270,178,416,6442,1274,862,14118,565,2131,499,819,427,42182,1330,766
"325","H72Y",253,223,393,622,2359,702,13782,4204,2326,12808,478,205,921,98413,488
"326","Y98E",607,4295,7038,112,4549,431,25,5286,3129,8055,22836,46,207,523,2
"327","D78W",NA,NA,NA,NA,NA,NA,NA,NA,1,NA,NA,NA,NA,NA,NA
"328","D95T",136,7,5,39060,517,9,11,9,2553,32,14,13,5,28,2
"329","E66W",351,7519,18,32,3,89,11,424,734,4402,7302,5,1,71669,1
"330","F65F",5,3752,10877,519,1125,417,279,372,164,8990,8619,167,401,730,405
"331","G81E",NA,4149,NA,1,NA,NA,4,NA,NA,119,1,10,NA,1,NA
"332","L96P",178,1219,559,712,1876,393,295,18715,907,253,317,3717,404,988,551
"333","D95A",848,4550,255,2446,531,289,7512,10946,69216,75,9920,13196,810,86522,156
"334","N97K",586,4269,11852,5415,11199,1937,15362,17727,608,10488,472,275,2429,1190,550
"335","V68Q",289,2231,2,3,6778,1,2,96,667,7576,9946,1599,191,21,NA
"336","S64C",2,37,77,292,956,1275,116,103,48,2550,49,34,150,349,136
"337","L96I",363,119,248,730,4174,908,6033,1659,246,182,259,176,460,907,314
"338","N80P",167,5,1,43,1043,21,6357,20,1827,3,7515,5,20,14,5
"339","D89M",612,2827,10990,139,6577,59260,7,195,832,4062,8975,15594,9,23,3
"340","D76T",NA,5,3,66,3,3,NA,9785,264,1,NA,NA,2,NA,1
"341","D78N",3,62,76,1273,149,406,22886,1769,99,180,185,116,4231,591,300
"342","S64W",NA,1,6,34,3,12,6,412,1405,6784,NA,648,11,40689,16
"343","E86M",266,3029,5776,31447,3802,12,262,185,3035,7468,110,4,14,NA,NA
"344","D82E",5,71,128,378,82,332,315,17176,892,165,432,139,291,516,337
"345","R93W",66,2261,209,495,609,1297,232,703,101,139,192,130,357,596,359
"346","E86N",NA,2184,39,2071,71,18526,12477,147,1612,8,239,8,628,10,4
"347","E87R",464,2302,5,2603,2297,2382,424,67,95,541,8495,4103,43,13,2
"348","E90P",5,21,4596,29,57,323,71,204,30,23,4590,7,28,92258,13
"349","E90H",1,2295,5778,90515,1730,59,998,4082,8,13555,102,9941,15,15,3
"350","V85C",137,32,12,112,5052,260,519,142,686,21,16448,10,23899,191,4
"351","L74E",4,79,5417,27,1205,24,123,2323,335,45,9872,11516,23689,94212,41
"352","V83I",239,2276,5,10,2775,1939,287,189,4745,8592,601,2707,88,105,4
"353","H72C",196,9,2544,20,609,7,974,56,512,26,8545,5137,11,57240,1
"354","E87Y",15,741,167,1996,3780,2466,28382,455,277,543,7766,344,413,301,34
"355","H72I",1,8,9,6,7065,161,55,42,8,41,8551,NA,8,24931,1
"356","V68M",79,26,5335,60,6,40,14097,12,502,16,10039,2,335,70,14
"357","L74_",295,2525,22,53,6551,76,12897,3462,87,8720,8713,6,79,96,3
"358","E87I",2,2248,10,3194,12879,191,22945,1755,2780,8439,8067,60634,25,8,3
"359","D77E",67,2187,298,3423,17214,47539,466,22722,850,574,9057,239,1218,999,508
"360","Y98K",6,90,187,100,6301,243,12685,1281,216,3246,10063,27779,729,2243,9
"361","V83K",NA,3,1,6,1528,1,91,37,517,40,5931,14,53,50,2
"362","E94A",4,2264,35,34,15,25,17,10097,10,75,19,11,17,30,22
"363","E90Q",150,115,11326,1477,173,34991,432,9828,1515,16191,308,308,438,2117,227
"364","D77S",8,2479,377,63749,4141,83781,72,104,1555,871,36948,1319,93344,350,31
"365","V68E",3,35,85,877,1384,414,26,118,1358,104,160,1149,313,255,19
"366","D78L",137,NA,2,225,6,3,3,21,NA,NA,8294,2,41,2,1
"367","V83D",316,8,1,6,544,4,63,1588,655,93,2,6,1,NA,NA
"368","D82R",NA,NA,1,2,1,2,2,3,1,7226,NA,2,48523,8,1
"369","L92P",107,92,214,574,133,1773,267,467,148,231,8442,200,1584,862,467
"370","D84H",319,47,5464,1138,38,95,132,377,33,71,66,28,140,258,66
"371","A79N",1,2015,30,69,2308,294,13231,327,1428,3323,7806,21,17,6,2
"372","G81I",2,37,35,31,10,30,7296,1,14,5,NA,7,153,2,2
"373","F91_",112,2390,59,7,3468,92,3,531,2139,77,1,2,63,10,4
"374","L74H",3,78,6064,17,873,43,103,129,687,1817,9124,14,114,586,17
"375","L63D",NA,8104,12,207,1,13,61,36,6,56,1,10,NA,21,NA
"376","D76C",NA,21,1,395,2,1,6,1,NA,1,NA,448,NA,NA,1
"377","A79_",440,7098,39774,53,81,88114,84,7902,1895,11992,48,52,39792,583,22
"378","A67P",7,80,12759,323,1206,343,347,5347,459,5886,100,4993,727,81475,135
"379","G81W",1,4,31,3,NA,3,6,195,1,50,6124,4,6,901,3
"380","Y98W",155,4413,1051,16221,1000,2261,6239,11021,3380,8639,7914,34,49403,666,8
"381","E66_",24,129,195,496,5472,350,682,406,1191,158,191,294,367,1502,394
"382","E86Q",2,466,5154,1280,1819,136,144,164,1181,7908,9264,105,573,213,127
"383","L63A",1,2508,5,350,25,86,20482,18728,468,63,21,5,151,7,2
"384","N97A",132,79,29,178,1186,34001,11534,35,2200,6359,17,1661,39,96551,4
"385","E87A",14,2353,10063,919,2719,1013,30172,992,4356,3970,17617,857,40539,114,104
"386","V83_",1,2152,10780,16,2555,21,47,20017,4571,7009,32826,32509,77251,69902,28
"387","D84P",111,28,18,44,8,NA,7,13929,6,3,8,4,60,84,2
"388","R93P",NA,NA,NA,1,605,NA,1,16,NA,NA,2,NA,3,1,NA
"389","V83Q",4,4494,3,7,596,1,25,893,1113,74,26,5,14,16,NA
"390","H72N",724,2550,225,476,1332,17962,427,410,5143,397,366,104,658,1912,308
"391","E86Y",9,2706,379,77388,858,1015,1163,476,186,167,382,249,930,166,144
"392","E87E",10,213,6403,1880,4572,431,419,12576,2833,15037,13684,4726,595,1396,384
"393","A79M",303,7422,16906,5,1042,60,11,6654,3,9915,8904,5,1,21,NA
"394","N97W",686,6884,5621,2909,8659,22347,9785,6199,239,303,1499,7670,116,1329,17
"395","E87K",314,759,71,78117,2491,1820,305,13423,671,11078,16217,16604,282,13286,213
"396","I71V",452,4497,4926,392,136,4320,359,6466,93,129,7868,124,275,560,326
"397","L96E",72,1975,5562,572,3,53,13044,8,14,3041,1,2,5610,3,2
"398","K73S",302,1866,13604,18150,34,38,11494,14173,41,12888,30,11,111,56,4
"399","S64A",NA,NA,NA,172,3,53,19166,NA,1,1,NA,NA,3,5,1
"400","D89W",NA,7405,5350,271,19637,63,16,22326,3327,7258,1607,57,30,7544,4
"401","D95E",26,167,5717,2932,261,518,11044,539,1421,199,458,534,1112,963,421
"402","V85M",85,119,423,696,164,526,806,865,438,273,2634,389,434,895,465
"403","F65G",1,3,3,58188,7,25,2717,11536,218,3,29,22,6,5,4
"404","H72M",96,1,11,5,1922,72,136,23,12,11,30,4,291,25,NA
"405","E94M",NA,2229,1,1,5,NA,8,19638,3,3,1,NA,1,NA,2
"406","F91F",6,230,26283,424,102,641,214,320,91,140,333,96,362,603,272
"407","N97Q",100,1477,10654,18848,1191,59,30,23860,396,15633,8746,9758,44775,94,53
"408","A79E",122,4246,6113,1094,3467,59226,655,13957,1228,231,8094,91,1085,313,47
"409","F65W",237,1,2,167,48,2156,NA,36,6,3,40,NA,1,2,2
"410","E66D",11,86,302,29979,1088,491,625,3054,3652,230,368,151,524,984,721
"411","S64L",NA,2,29,95,1004,64400,NA,55,5,2,NA,1,33,22,NA
"412","V68F",2,47,58,308,8620,390,459,4357,3048,61,309,95,704,793,135
"413","D76I",NA,4,NA,214,NA,NA,2,525,NA,2,NA,1,NA,NA,NA
"414","F65R",NA,42,NA,7,3060,NA,1,6993,382,1,2,1,1,NA,NA
"415","L63_",NA,19,8045,91,5387,73,141,33103,19,22,6,29,35,2,NA
"416","N97Y",214,8930,12047,4430,4695,32218,3109,32341,1207,9993,1750,2555,3005,7533,2255
"417","K73E",9,4818,3372,981,170,363,715,822,236,9803,248,591,601,6331,427
"418","L92F",154,2154,121,15,13,7,6,12,12,4,NA,2,1,4,2
"419","R93A",NA,NA,NA,1,3,9,NA,4239,184,1,17,1,NA,NA,NA
"420","V85D",157,34,5995,144,70,166,27428,112,9,166,7629,183,46,30,6
"421","G81M",132,NA,4,1,NA,NA,11,1,7,26,3,1,NA,NA,NA
"422","M75V",174,142,7050,1280,7314,336,7833,17914,8033,8202,25948,165,1899,106969,373
"423","L63E",1,11,35,39301,23,3,14,277,597,1,2,994,NA,NA,NA
"424","D95_",98,157,6446,38,94,130,14,10640,2899,306,964,737,331,47,20
"425","D76A",1,10,167,122,36,11658,58,133,35,7889,21,19,21,34,35
"426","V85Q",NA,4444,7356,167,13756,7883,33,12711,1280,116,9182,348,78,24,5
"427","F91I",4,2254,137,341,114,768,305,235,354,165,196,173,866,434,306
"428","Y98D",118,4450,21361,728,2420,216,131,3856,301,621,667,396,1200,63074,129
"429","D76_",NA,3,NA,32,14,2,4,27,360,4,NA,1,1,NA,NA
"430","F65I",2,62,82,443,76,202,128,181,73,81,104,80,200,408,235
"431","L96T",134,158,10,9,1,4,7,44,9,1,8,76,2,1,NA
"432","E86F",382,132,505,1845,157,186,15287,283,275,6605,9332,57,57,62,52
"433","K73_",111,119,3250,1146,108,225,16213,508,199,1592,254,133,199,558,156
"434","K73W",1,2413,11488,200,3217,3,3,7,7365,4,15,148,1,2,1
"435","L74I",3,2159,23503,808,202,98119,443,120,120,310,454,5179,277,3533,66
"436","V68T",NA,1,18771,10,6,6,6,1,16,6,8953,51,46,29,NA
"437","R69A",266,1958,9062,20,330,18,14,25191,631,81,8733,2,51321,55,34
"438","D78Y",4,51,121,1626,81,566,929,699,106,8940,203,151,815,992,365
"439","E94E",7,6203,6332,496,100,359,449,541,101,225,223,144,392,670,416
"440","D76W",NA,1160,NA,13,1,NA,28,NA,NA,NA,NA,1,NA,1,NA
"441","N97D",12,8562,691,563,4463,560,14438,10321,398,25980,14425,358,396,857,394
"442","D77L",348,57,87,2393,38,71,9564,978,499,123,190,39,439,826,7
"443","V83P",NA,7,1,20,1113,NA,20,47,2,593,3821,NA,4,NA,NA
"444","A67W",NA,44,10,77,NA,81,3440,3871,3,5,16,3,50,5,1
"445","L74D",197,5209,13972,12,6,26,3026,2356,159,4,7,7,90,114,1
"446","D84Q",128,2182,20,36,2,1,37,52,3,31,4607,1,12,3,NA
"447","G81Y",142,47,57,3,13,3,4,8,1,1,5,656,2,7,NA
"448","G81N",NA,4255,5205,1,1047,2,15,3,14,2,NA,2,7,NA,NA
"449","L74F",106,2069,81,20323,3067,126,13590,21,670,4810,5552,14730,875,132138,11
"450","V85_",402,2200,5869,45,2790,48,608,5928,71,5796,6968,839,58,3247,8
"451","L96M",207,63,11398,30,247,12,12,86,323,32,7613,10,39,4,1
"452","D82S",NA,8,5,3,1,2,2,9,539,204,3,4318,1780,6,3
"453","L74C",227,5,5445,8,8,53,3,1154,71,2,1,5,1,NA,NA
"454","E87N",274,2273,27,537,13128,92647,205,4941,1550,22615,14671,392,10,60,1
"455","L74Y",1,1947,6544,13,1196,7,31,9,861,7,11,6,25327,57,2
"456","D89_",4,1253,11136,70,6001,305,45,22927,1398,4391,53537,29,73,311,6
"457","V83F",11,111,8,39,120,75,185,130,117,266,3277,364,50963,29,19
"458","F65E",NA,4565,2,65,9,51,13297,2,144,1,8157,1,1,2,NA
"459","R69S",7,2275,292,1592,2553,1365,11776,17677,175,7974,238,186,107045,1793,513
"460","V85T",1,2053,14,26,1169,47,1247,84,5,17,8257,3,9,51332,4
"461","K73K",14,4721,545,1798,1446,479,16256,18575,970,7728,665,223,420,1576,372
"462","L74N",NA,2193,95,5,3345,26,44,36,110,9371,20113,NA,381,7,5
"463","F65V",NA,56,53,468,70,4280,144,139,36,70,120,81,130,220,142
"464","R93Q",NA,1,NA,NA,NA,NA,1,3074,NA,NA,23,NA,NA,NA,NA
"465","D76N",4,62,96,600,79,335,237,332,69,99,104,119,323,636,340
"466","N97_",152,4579,143,1078,3225,42504,20666,16565,813,2009,14624,47,42564,3140,87
"467","S88Q",295,8,39,104,1411,88915,17,23,225,6737,22,25,9,16,1
"468","G81F",208,102,36,19,2070,34,184,77,2358,18,11981,19455,7,12,6
"469","D89H",193,2531,10613,1181,391,624,251,729,832,17271,318,189,689,933,184
"470","D95Y",11,230,5291,1001,5232,411,367,1496,681,273,159,5980,411,1083,259
"471","S88T",135,269,441,1062,508,3345,973,3750,1130,550,10249,428,45092,935,316
"472","V85F",106,10,228,156,5543,261,3329,227,29,84,138,21,246,288,28
"473","D82L",NA,2,6449,6,2,1,NA,56,2,7,2,3,60,1,2
"474","E90K",19,1783,395,976,182,15307,13389,9836,432,3062,12615,169,27956,1543,383
"475","K73M",2,124,84,1468,1105,16,9,1661,47,138,12320,2566,3,248,2
"476","S64I",5,48,61,375,68,312,113,1425,373,102,103,124,291,717,190
"477","F91Q",2,2072,1,5,1,356,NA,3,8,2,1,5,NA,7,NA
"478","V68P",NA,2345,70,36,1118,5,4,6,17,16534,63,3,19,28,29
"479","N97E",1,5664,21,154,9145,88,6692,53,297,7356,22464,151,73,78929,4
"480","D76K",NA,1,NA,14,1167,4,NA,122,4,NA,NA,NA,NA,NA,1
"481","D78I",2,1,NA,51996,1,10,18,2,142,NA,NA,1,151,2,2
"482","G81T",NA,4327,15961,1,5,2,5,2,4,8236,NA,2,16,20,NA
"483","D78T",NA,1,2,9,NA,2,1,1,NA,NA,7,2,88,25,2
"484","V68H",1,2206,3,21,35,9,1,909,148,3307,7491,164,12,6,2
"485","R69L",8,59,5477,452,3707,418,292,605,170,17283,853,140,635,1489,360
"486","E94D",189,206,244,396,134,306,409,439,80,174,207,96,233,491,300
"487","Y98Q",12,46,5619,422,42,10216,290,128,424,64,112,94,49,71752,3
"488","E87W",1,2809,1,195,14,38,21,5158,24,7243,4030,26,101,30,1
"489","R69R",15,255,6822,1019,317,1231,517,673,579,569,904,337,813,12461,991
"490","M75A",122,614,5,75,1018,54,16206,14,2552,8,314,1,23,17,1
"491","F65N",NA,4,1,4,547,5335,NA,1,2,NA,8,358,NA,NA,6
"492","D89T",292,4033,9764,211,1170,65,47,9102,1248,6481,21500,7564,33,11,5
"493","L96Y",2,4,7,3,9,NA,8,16,5,23,3806,2492,17,26,NA
"494","N97M",798,4846,65,1249,12992,86,190,364,498,96,32,12,167,687,26
"495","S88N",181,2241,439,3005,562,3477,15776,1753,604,750,619,319,896,824,340
"496","R93E",NA,NA,NA,2,1,NA,NA,2,NA,NA,7637,1,NA,NA,NA
"497","M75I",12,152,492,59600,319,813,805,845,244,9506,381,333,947,1921,752
"498","L96D",138,2305,77,118,1,5,231,114,1,6122,4,6,116,5,3
"499","E66C",153,NA,5943,4,3,22411,6,17,2,6,3,NA,2,92,1
"500","N97I",841,2666,12721,3010,588,2723,1003,1304,850,459,2851,256,937,2412,844
"501","G81_",NA,1,NA,1,1,1,6,6,12,NA,1,NA,NA,290,NA
"502","Y98N",763,2444,439,1004,2799,761,25509,10190,621,592,14408,18965,1492,41863,488
"503","D95M",2,129,5931,6,7148,2,117,49,2451,13399,10,4,1,17,1
"504","S64K",NA,2423,15,46,11,NA,NA,4,2,NA,13,NA,NA,NA,NA
"505","R93C",2,2,1,3,NA,149,NA,4597,2,NA,118,4,1,NA,1
"506","L96_",164,4,68,8,31,4,157,1233,73,9,90,15,9,647,4
"507","D76M",NA,1,NA,29,NA,1,NA,7,NA,NA,NA,NA,NA,NA,NA
"508","S64_",NA,1364,22311,47,2,2,NA,1029,NA,3,NA,NA,1,21,NA
"509","D95L",3,47,238,1159,2021,40,150,121,123,332,110,139,24,58,14
"510","K73N",9,206,394,2955,193,362,572,589,203,226,499,848,302,1592,369
"511","I71A",2,6,4608,3,3297,26,2,1085,486,2,3,NA,2,2,NA
"512","S64E",2,4,16,156783,6814,2,20,3,1,NA,NA,NA,2,1,NA
"513","N97F",121,4935,6408,2897,4106,1387,1094,1149,2472,489,8931,585,1256,62069,341
"514","R93F",129,2,NA,NA,1,NA,NA,28,NA,NA,7942,3,NA,NA,NA
"515","F65D",NA,28,NA,10,543,2,210,6,243,1,44,NA,NA,2,1
"516","S64T",NA,9,12,79,18,50,57,42,21,30,23,30,93,110,65
"517","E94L",1,58,35,57,9,42,14166,294,11,2,20,NA,NA,2,2
"518","V83N",143,2,NA,41,2161,38,12221,5079,3,5561,4,2,NA,NA,8
"519","E94W",NA,1441,NA,NA,1,NA,6,13650,NA,2,1,NA,NA,NA,1
"520","M75E",5,4,9,6,7,9,111,104,1065,1,7032,2,14,6,NA
"521","R93T",1,24,30,95,30,83,49,8540,29,45,55,26,81,143,94
"522","Y98M",14,141,74,283,146,3,390,17908,1612,85,185,2601,34768,77,1
"523","L74W",2,2,99,4,10,38708,13,32,44,4363,1,341,19,1,NA
"524","D82N",245,611,3091,374,64,280,503,238,92,115,7624,95,303,527,245
"525","M75W",140,122,20,104,25,3,14,12,3,14,8052,4204,114,3,3
"526","L96H",5,1891,153,370,137,314,247,276,100,108,131,108,46595,548,284
"527","F91N",1,1,111,4,1041,156,NA,3,2,134,3,1,36,3,NA
"528","D77F",2,23,31,619,4235,41,21,4626,133,7841,30,11,1110,26,13
"529","E94S",129,NA,5,4,NA,NA,4,200,NA,3,2,NA,1,1,NA
"530","A67H",NA,2390,16,18,11,21,32,36,1756,8,5665,77,NA,6,2
"531","D78K",NA,NA,NA,2,NA,NA,161,NA,NA,5636,4109,NA,NA,1,NA
"532","D82T",NA,288,NA,2,NA,1,NA,1,2,NA,1,NA,11,NA,NA
"533","V68Y",422,2,5450,10,3813,53951,26,14,200,5183,2,8,55858,47,4
"534","S64M",NA,6,NA,4,NA,2,NA,NA,878,1,NA,NA,NA,NA,NA
"535","G81K",NA,2,NA,4,NA,1,545,116,931,NA,NA,NA,NA,NA,NA
"536","N70A",NA,NA,2,1,NA,1,8,1,2440,7,8730,7864,2,1,NA
"537","A67M",268,NA,10,52,2,8000,13,30,4,4,8,2,120,43,NA
"538","D95I",211,2385,5477,14,2173,3,37,9930,20,7264,39,2,2,38677,1
"539","E90I",137,2245,19,34,4944,57,26,2712,2340,24834,3134,5,1,3063,3
"540","D82W",NA,NA,NA,NA,3,3,NA,1,179,44,4,NA,587,NA,1
"541","D77H",4,4457,5496,515,983,232,31702,253,1445,56,258,58,163,575,122
"542","V68D",11,74,3066,553,1372,1681,267,2979,695,9185,9537,159,1534,42298,399
"543","D77W",1,6400,8607,92,3078,7,3,19380,1588,16179,4630,5,49523,44,3
"544","D76Q",1,11,4,3,23,1,1,4823,15,NA,NA,37,1,NA,1
"545","S64N",2,34,64,288,4184,246,140,239,88,72,6547,85,213,504,222
"546","D76P",NA,38,5730,6,757,7,NA,25,485,14,NA,NA,NA,1,2
"547","K73I",6,2519,312,507,125,158,176,615,250,84,15988,33094,144,371,151
"548","E87M",NA,4792,1,165,6,63,4,3961,155,14640,12,96,2,39,NA
"549","Y98F",540,415,877,1434,3525,432,11276,5994,3317,10695,294,1697,1369,1118,514
"550","F65S",1,3503,105,345,158,230,158,361,89,104,308,93,208,419,281
"551","R69H",10,179,6501,990,683,720,487,941,231,268,414,329,755,1400,899
"552","E87P",1,5,1,14,8,1,82,10,242,18,68,4,82,NA,NA
"553","K73C",156,2346,73,19,2,1,NA,1119,23,1901,4,1,NA,2,NA
"554","K73Q",4,91,119,4033,105,114,125,418,260,238,5639,462,98,497,63
"555","L96K",NA,21,2,4,9811,1,6,3,8,NA,7,4,1,NA,1
"556","E94P",124,NA,6,NA,NA,NA,NA,23,1,6022,NA,NA,NA,NA,NA
"557","A79K",219,1057,31,3,1188,137,467,6365,1293,12867,33,71,5,1,2
"558","E94Q",242,2256,47,125,33,97,78,125,30,109,55,38,105,191,86
"559","M75K",164,3675,16341,813,1394,33378,15178,13953,1887,6728,8580,143,484,662,511
"560","S64Q",NA,1,1,19,1237,1,NA,1,324,9,NA,2,NA,NA,NA
"561","K73Y",6,28,127,27140,15,6,89,1315,585,58,17,16,15,269,5
"562","N97T",157,4557,4688,521,3288,526,14255,20370,65,6506,137,304,111,383,70
"563","D82Y",7,74,201,451,2125,391,401,1155,249,161,415,129,612,842,345
"564","D77Y",10,167,270,2839,379,1416,638,1093,195,438,401,604,2085,5506,689
"565","D78_",2,1,NA,NA,NA,NA,NA,3,NA,52,92,1,NA,NA,NA
"566","D78P",NA,NA,NA,NA,NA,NA,NA,9,NA,NA,NA,NA,14,66,NA
"567","V68I",6,74,110,537,86,349,321,412,117,152,180,132,364,75336,337
"568","D78Q",NA,2285,NA,NA,1,NA,NA,2,2,25,12,NA,NA,NA,NA
"569","F65C",3,25,16,193,18,77,27,10229,21,22,12791,13,27,52,42
"570","R69G",7,2341,25660,230,1062,223,76,502,895,54,177,67,569,809,158
"571","E87Q",5,24,49,385,1172,147,90,253,804,82,57,60,196,221,101
"572","V68_",NA,16,13,9,21,145,156,1770,121,58,17,9,238,46,1
"573","L96N",NA,6,56,NA,3113,6,3,2,2219,1,3,466,64,NA,NA
"574","E86I",93,126,162,1461,586,30,450,109,136,187,157,12,8,12,6
"575","R69W",293,2452,12261,8,5,4,1,135,1315,1723,43,2,45,13,1
"576","R69V",134,1,6,NA,1,1,1,1167,7,554,9486,1,30,35613,41
"577","D77Q",58,6,7,113,2318,6,74,2830,5034,8,14244,4,2,1,NA
"578","D95F",14,2488,4784,28,86,10,82,6056,513,225,43,20,14,840,12
"579","V83H",256,1,1,1,2,NA,9,8,1,8182,1,NA,NA,NA,NA
"580","N97C",303,319,292,597,4517,595,13691,840,1091,8982,10688,47,14095,225,28
"581","G81Q",NA,NA,1,NA,NA,NA,1,1,1,NA,4,NA,NA,NA,NA
"582","E66Y",2,NA,8466,53,20,80,10670,41,3,26,185,1,9,8,3
"583","D77P",96,84,14,337,2725,32,12,8333,60,2,9406,2,29,74,2
"584","F65_",1,55,2,62,53,8,119,176,4,23,197,4,3,NA,3
"585","D95Q",1,2377,5809,1504,2158,22,11,420,1240,64,9164,1881,14453,12,5
"586","F65M",NA,3,NA,1,21,2,1,2454,3,NA,NA,NA,NA,NA,NA
"587","D82C",NA,1080,8433,9,1,7,1,8844,14,7912,4,741,414,8,11
"588","K73P",NA,16,4108,89,532,49,14324,37,731,502,1320,2,33,83353,9
"589","I71T",268,83,163,439,3261,365,189,279,6093,8067,187,134,334,557,407
"590","E90C",2,14,13,124,42,138,14353,18894,10,2596,8989,6,1,5,1
"591","R93K",4,43,151,442,86,333,223,339,76,104,144,113,293,602,305
"592","L96Q",1,25,3518,49,46,7,8,298,35,13,1,30,217,10,3
"593","V83Y",2,2207,1,1,15,2,149,108,2,61,9,59,196,141,NA
"594","A67I",117,2159,1,47,NA,51,9528,44,29,31,1,NA,3,NA,NA
"595","M75T",17,114,274,349,230,273,714,467,190,3915,287,1870,1377,436,283
"596","A79Q",113,3928,18,56,3,104,12569,38,442,28,13069,4144,11,43,2
"597","G81H",NA,NA,NA,NA,NA,NA,3,NA,NA,2,2,NA,1,NA,NA
"598","D76D",15,416,368,1118,222,787,533,675,191,503,2604,635,821,1512,869
"599","S64Y",NA,6,14,36,NA,NA,9,7878,NA,NA,NA,NA,3,NA,NA
"600","D89P",113,1859,24,30,11,36,8,3883,1837,1510,210,39,96,69,4
"601","F65Q",NA,1,NA,NA,4,NA,NA,NA,NA,1,1189,1000,NA,NA,NA
"602","Y98Y",402,10022,6117,2740,2613,538,1591,1378,3299,1610,11433,10895,558,3409,395
"603","I71D",NA,3,22,12,23,6436,3,117,6,1,8,4,1,1,5
"604","E66I",NA,2,2,NA,1,1,43,2,864,7375,9,1,37,NA,NA
"605","D77N",23,96,230,2128,132,508,367,445,151,163,311,14554,1281,117856,490
"606","A67C",NA,NA,15,6,5,57053,15,19,4,6,8,9697,3,NA,1
"607","H72K",132,60,63,82,110,389,308,105,119,89,60,10,188,413,13
"608","I71S",1,147,19,2189,25,875,58,26,39,229,198,21,35,42,35
"609","G81P",155,83,29,2,NA,1,5,NA,1,11,2,7,1,26,NA
"610","D89Q",141,4335,18,15,12976,59,10,243,15,5580,5674,341,4,3,2
"611","K73H",3,67,105,56794,70,9,113,298,97,8,3,16,5,535,1
"612","I71I",6,215,363,1466,198,739,517,590,568,330,9029,219,731,3398,604
"613","D89K",378,29,4089,98,69,465,2,87,21,238,9229,118,10,10,NA
"614","E94_",7,83,114,459,107,362,528,479,91,240,184,115,399,728,385
"615","R93M",4,71,123,356,75,288,240,305,64,136,183,95,362,670,332
"616","M75P",376,3,5606,85,2969,69,13389,6,286,5810,4,3941,49023,14,6
"617","F65K",142,1862,1,NA,4,83,4,2,1,NA,4,5,NA,NA,1
"618","Y98H",17,155,5795,628,1375,791,655,1815,1795,4681,8375,675,337,2280,349
"619","R69E",NA,NA,9,1,NA,NA,NA,9,829,NA,NA,NA,NA,NA,NA
"620","F65P",NA,NA,NA,NA,2358,NA,NA,1,NA,NA,1,NA,NA,NA,NA
"621","I71P",NA,559,NA,NA,NA,NA,NA,NA,1,NA,3,NA,NA,NA,NA
"622","V85K",NA,1903,11,61,2730,78,18817,14574,2492,5,687,15,3,10,2
"623","M75Y",NA,4,4,1,3784,NA,21,16,2,1614,2,NA,NA,NA,NA
"624","D76Y",2,64,84,499,74,310,238,297,54,123,152,91,327,627,278
"625","A67F",NA,2,6,15,NA,149,30,150,3,5266,7797,7,5,NA,NA
"626","K73F",141,6,5926,32,630,1,NA,2502,4759,1,7,8,1,49,6
"627","A67D",2,2789,2837,237,37,44,45,100,562,11,2948,42,155,31,6
"628","D82P",NA,1,1,NA,NA,NA,NA,NA,NA,NA,NA,NA,1,NA,NA
"629","F65T",NA,NA,NA,NA,2272,2,NA,91,740,1,10432,NA,1,NA,NA
"630","D95K",3,4444,5789,20,1156,2990,7,4315,31,42,3,10124,45,11,2
"631","D82_",NA,NA,3,2,1,2,277,15,1,5,11180,16,29,1,4
"632","L63K",NA,2,6684,149,5,6650,56,18,7,8,5,6847,NA,NA,NA
"633","R69K",252,2453,27211,NA,4644,NA,1,413,302,NA,NA,1,NA,6,NA
"634","N70K",6,40,85,434,4495,320,13083,339,237,1420,7451,161,344,726,857
"635","S64D",NA,NA,NA,370,15,12,1,1,1,NA,11,NA,3,23,NA
"636","F65A",NA,1,NA,2,3,1,2,270,74,NA,3,NA,NA,NA,NA
"637","E66H",NA,NA,1,8,NA,1,41,44,3,5,5,2,3,NA,1
"638","V68N",NA,2187,2,1,2,13,NA,38,3,1006,20,4,157,44,NA
"639","E90N",4,39,8,32769,76,48,6957,66,330,7306,82,12,15,56,NA
"640","N97H",6,1164,177,209,49,80,120,171,2305,1338,59,73,279,93,59
"641","D95N",2,2210,164,511,109,296,204,379,73,148,71,2724,226,799,232
"642","D95P",1,1,3,86336,1034,11,14,3,12,8,5,8381,9,13,1
"643","M75Q",NA,5,14,3,11,NA,56,4014,384,76,8,10,154,2,1
"644","V85I",128,8,1,2,8,28,6,30,14,3,46,19,NA,69,7
"645","D82H",1,10,52,79,16,63,46,78,17,2171,34,18,68,126,70
"646","A67Y",NA,7,2,1,486,41,41,1095,60,25,36,1,NA,NA,NA
"647","I71E",NA,9,14,11,1030,32568,3,13408,17,NA,1005,NA,2,1,1
"648","V85Y",NA,4,4,63,10,145,13914,2568,88,3995,6531,26,452,76,2
"649","M75C",NA,3932,7,40,4,NA,2,4,NA,2,23,3,NA,NA,NA
"650","D82I",NA,NA,7,NA,1,2,NA,77,2,17,1,NA,149,3,3
"651","D82F",NA,NA,10,5,4,4,1,43,1,11,2,1,90,1,8
"652","S64H",NA,NA,NA,2,5,6,NA,NA,98,NA,NA,NA,NA,NA,NA
"653","E87H",5,7,NA,68,1217,59,16,22,8,21,7,17,3,5,1
"654","N70W",NA,NA,1,NA,NA,NA,NA,7,16,NA,NA,2,NA,NA,NA
"655","I71F",9,2114,142,1685,92,347,245,271,59,160,182,122,297,589,329
"656","D78F",NA,1,1,826,NA,2,8,18,NA,5,90,NA,34,5,NA
"657","I71N",5,70,4752,335,176,589,210,280,926,146,286,92,239,463,273
"658","Y98I",7,3419,5857,37,1113,3,202,268,197,10429,18,52,305,8,4
"659","M75N",1,NA,1,10193,657,12,13,1030,5,8461,2,NA,1,1,3
"660","M75_",135,4639,19957,58,66,64,14642,99,992,37,10563,4,1,7,1
"661","I71W",NA,2,NA,103,NA,NA,216,3,254,NA,1,NA,NA,NA,NA
"662","M75F",NA,20,5386,19,43,NA,17,5,20,20,33,1,3,225,NA
"663","E90F",1,2037,2,13,27,7,38,92,15,72,16,1,NA,5,1
"664","N70T",2,13,38,42,27,33,20,112,6,16236,35,73,162,330,40
"665","E94T",NA,NA,NA,NA,NA,NA,NA,5,NA,1,NA,NA,NA,NA,NA
"666","I71M",2,30,47,140,2234,116,79,109,93,39,75,630,78,171,66
"667","D77I",289,7,38,1857,15,18,10,2,285,26,31,30,52021,59,5
"668","D82Q",NA,NA,NA,1,NA,1,23,NA,NA,NA,2,NA,2,NA,NA
"669","D82K",NA,NA,NA,45,NA,50,13437,18,NA,11,2,NA,32,2,NA
"670","S64F",NA,162,10443,23,2,10,NA,4,226,1,NA,308,18756,32,1
"671","D78C",3,1,NA,6,4,6,1,4741,NA,NA,1,1,749,6,6
"672","E94K",6,2234,246,830,178,742,13293,658,188,8629,254,243,632,1246,646
"673","D82M",NA,3,NA,NA,NA,1,2,2808,NA,7,NA,NA,115,NA,NA
"674","E90Y",181,4496,31,626,44,29,131,2160,433,141,26,13,7,67,12
"675","F65H",NA,NA,NA,1,1156,NA,NA,1,NA,108,2,102,NA,NA,NA
"676","R93_",NA,NA,5281,1,NA,2,NA,3,NA,NA,40,NA,NA,NA,NA
"677","R93I",3,1,NA,3,1,1,1,4,NA,2,53,1,7,5,1
"678","I71C",2,71,1,115384,4,20,28,2,167,3,3,1,4,1,4
"679","D77M",154,4,2730,109780,6,12,26,6,87,789,1,1860,74,NA,NA
"680","S64P",NA,NA,NA,21,NA,15,7,5,NA,1,NA,NA,NA,NA,NA
"681","E66F",NA,NA,3,NA,663,58,14,NA,1,4,10908,NA,NA,4,2
"682","N97P",2,8,6,58,4,60,16,26,79,9,8,5,11,117,10
"683","D77C",NA,112,134,17,1261,111,14,272,38,3782,215,3,739,47,4
"684","I71H",NA,2,NA,NA,11,2,NA,2,1,14,4,NA,NA,NA,1
"685","V85H",NA,2214,2,6,6152,35,15,81,153,3,7,26117,1,4,NA
"686","D78H",1,44,24,252,3403,85,119,102,25,52,51,43,156,155,84
"687","E94C",NA,1,3,NA,NA,NA,NA,66,1,NA,1,NA,NA,1,NA
"688","M75H",2,NA,1,NA,NA,NA,NA,16,NA,3035,NA,NA,NA,NA,NA
"689","R69T",NA,3,6,13,534,1,34,44,2,10,4,1,140,56,4
"690","R69C",13,154,352,74139,241,91926,520,600,511,313,297,276,692,1266,735
"691","R69_",NA,2,23,16,2,19,NA,4,1,6,NA,NA,27,NA,NA
"692","D76F",NA,NA,1,33,NA,2,NA,1,NA,NA,NA,1,1,1,NA
"693","R69P",NA,29,93,42415,115,130,119,1047,136,54,93,44,684,105174,212
"694","M75D",293,NA,3,9,4,NA,NA,3040,967,2,1,47,NA,20,NA
"695","D76H",1,2539,118,172,47,81,76,184,32,53,52,12789,83,221,117
"696","N70E",NA,NA,1,NA,12,3,153,2,334,4,39,14,NA,NA,NA
"697","R93N",NA,NA,NA,NA,NA,NA,NA,1,NA,NA,NA,NA,NA,1,NA
"698","I71_",229,5,2715,576,1110,78,8,40,9,1,7754,4,1,NA,1
"699","D95H",2,30,61,196,54,93,86,3972,429,71,54,59,130,244,91
"700","N70I",8,67,111,559,83,343,13744,257,88,123,122,113,272,501,305
"701","I71K",2,5,64,12,77,128,3,44,67,7,36,2,5,8,2
"702","N70N",3,49,100,411,66,305,331,270,107,104,122,129,319,584,305
"703","I71Q",NA,NA,1,NA,1673,2,NA,2,NA,NA,2,NA,NA,NA,NA
"704","D77_",1,23,52,1711,22,71,34,4400,14,27,79,16,583,13,14
"705","N70D",8,73,131,735,111,370,508,263,161,212,173,167,309,626,359
"706","R69I",NA,595,5481,4,2,2,NA,2352,1,1,NA,4,22,18,NA
"707","E94H",2,20,2,2,NA,1,13,8,1,27,1,1,NA,1,1
"708","R69F",NA,NA,5,21,9,17,1,2,NA,28,1,1,3,60,NA
"709","V85N",NA,1,1,NA,2,2,33,31,1175,3,4,1356,2,56,NA
"710","I71Y",NA,1983,17,39,9,31,NA,4,3,1,28,NA,3,3,NA
"711","D78D",5,72,177,448,105,362,204,310,91,182,185,119,348,580,416
"712","N70Y",3,23,39,129,46,117,88,117,125,45,86,38,284,855,124
"713","A67N",NA,3,NA,NA,NA,1,21,5,NA,5,8,NA,NA,NA,NA
"714","R69D",130,1,1,3,1,NA,NA,NA,13,2,2,NA,106,16,NA
"715","D89D",6,78,164,453,90,342,268,262,91,191,186,134,323,702,341
"716","D77D",4,74,165,435,102,321,203,264,69,184,159,124,295,590,350
"717","E90E",1,37,59,342,54,239,168,210,107,939,78,84,247,487,220
"718","D77K",2,35,68,1808,15,26,5,6004,8,9,13,9,5,15,1
"719","D84D",8,53,99,308,59,280,155,201,55,140,144,87,259,420,242
"720","R69Q",NA,9,141,1,18,NA,1,1,8,1,NA,NA,NA,5,NA
"721","R69N",NA,17,125,7,23,NA,NA,7,3,2,1,2,12,5,NA
"722","R69M",1,5,48,1,24,NA,NA,NA,NA,18,2,1,1,NA,NA
"723","D82D",3,52,121,284,74,267,167,211,79,115,118,126,260,453,281
"724","E66E",9,74,124,500,84,380,285,348,120,253,134,128,361,707,361
"725","N97N",1,58,63,212,65,162,126,138,54,79,76,64,175,297,165
"726","N70H",NA,10,10,31,14,52,24,23,9,9,13,15,19,26,16
"727","N70_",4,3,103,6,41,2,21,340,46,NA,17,177,28,67,7
"728","N80N",2,33,90,314,61,375,153,190,53,117,106,90,215,377,247
