variant,lib_1,lib_2,r1tp1,r1tp2,r1tp3,r2tp1,r2tp2,r2tp3,r3tp1,r3tp2,r3tp3
Z0Z,128738,150479,307961,368509,219687,165946,1219115,1782250,210965,234698,274759
L74P,52210,50242,735,1102,661,441,4117,5871,631,771,1238
D84G,43384,57171,2465,3169,1419,1381,10197,13238,2005,2109,2327
D82_,22203,118973,121,208,57,405,1471,4076,539,402,817
E66_,21985,79433,1799,2207,983,1018,7251,10417,1605,1444,1677
D76_,19398,48984,4,16,7,34,102,14,2,NA,6
E90_,17672,195677,1632,2167,1072,1174,8778,12919,1598,1944,2137
N80T,15975,40770,1659,1948,1042,1113,7144,7900,1027,1072,1666
D77M,12553,35111,140,117,108,307,1134,940,254,334,570
E66C,9095,24435,470,572,284,310,1944,1541,424,456,537
D89I,8321,21720,3231,4634,2260,2277,17406,22680,2721,3460,2936
Y98N,7907,17744,860,876,476,588,3526,7382,785,886,842
V85N,7535,21116,316,411,173,194,1961,3564,470,494,326