,variant,endo_ratio,sko_ratio,bac_ratio,endo_ssv_ratio,sko_ssv_ratio,lb_10b,lb_dh5a,lb_bl21,mm_10b,mm_dh5a,mm_bl21,ca_10b,ca_dh5a,ca_bl21
1,WT,NA,NA,NA,NA,NA,-0.201573583,-0.180916798,-0.183156419,-0.205967008,-0.182150796,-0.219401055,-0.213425235,-0.183268863,-0.212916681
2,D78G,0.040403136,0.309747342,0.203623315,NA,NA,-0.264139043,-0.184885736,-0.629954215,-0.799672791,-0.164393572,-0.70323109,-0.772177767,-0.176461735,-1.724019585
3,L92G,0.000865949,0.460683807,0.007501352,NA,NA,-1.371842264,-0.840726341,-2.231394333,-1.440266433,-0.865133611,-2.224590803,-1.435458382,-0.840686688,-2.089366889
4,L92R,0.028127345,0.275497776,0.024401717,NA,NA,-1.1765742,-0.794060101,-1.552014719,-1.146257369,-0.718823545,-2.001029741,-0.456781628,-0.785542414,-1.635570987
5,N97G,1.234967673,1.204424996,2.860157161,NA,NA,0.852221305,0.753410334,-0.521410345,0.82356599,0.711962585,0.754538663,0.844125929,0.722051301,-0.144413239
6,L92V,0.030571558,1.423424464,0.011452435,NA,NA,-0.310901663,-0.744074045,-0.869776239,-0.950308879,-0.779497941,-1.17042651,-1.037079061,-0.81157299,-1.132098559
7,N70S,0.395429953,0.982592257,0.70340322,NA,NA,-0.814614685,-0.163406452,-1.34122964,-0.7145513,-0.125885874,-1.222463252,-0.207128505,-0.146326483,-0.434559908
8,D77G,1.249587796,0.941967769,2.233422762,NA,NA,0.448198531,0.380582417,-0.369561128,0.284853813,0.365817009,-0.125916563,0.208615313,0.376794911,-0.980756522
9,L92S,0.00647159,0.518578029,0.023693794,NA,NA,-1.293105855,-0.525819411,-1.94320878,-1.282613197,-0.656101446,-1.556552671,-1.260378522,-0.669274268,-2.436328749
10,N97V,0.260386391,1.381482365,2.708648089,NA,NA,0.809452117,0.713804551,-0.659050154,0.719977641,0.701909375,0.586491392,0.805056982,0.706030149,0.077950353
11,L92T,0.00157593,NA,0.006622835,NA,NA,-1.447193388,-0.914220555,-1.844035552,-1.580730108,-0.937392525,-2.293558851,-1.508743309,-0.947329519,-2.636275934
12,N97L,0.402332726,1.378198344,3.214225084,NA,NA,0.763730567,0.832997272,0.282698641,0.904332479,0.834233129,0.8037712,0.761053853,0.836542758,0.245609043
13,D78R,0.003601122,0.09309091,0.218929242,NA,NA,-0.103793075,-0.083352549,-0.790074025,-0.955875426,-0.13412312,-0.2526238,-0.087212403,-0.098192814,-1.700452441
14,L92C,0.005934049,NA,0.006625236,NA,NA,-1.396498399,-0.713017066,-1.620532188,-1.517989448,-0.856514799,-1.338534747,-1.377599116,-0.790808909,-2.489214648
15,N97S,0.835769084,1.30698102,3.225487034,NA,NA,0.772990085,0.819101317,0.326713515,0.785764678,0.823865419,0.567821428,0.898440543,0.810175142,0.567363361
16,D77V,0.800571017,1.043087035,2.09419038,NA,NA,0.411216955,0.514278302,0.292284916,0.609439434,0.502535082,0.027800976,0.192751107,0.528941921,0.976284266
17,L92H,0.002024004,NA,0.01299579,NA,NA,-1.500782133,-0.895032612,-1.808126245,-1.345212599,-1.064845805,-2.160712601,-1.353668381,-0.765797673,-2.503429684
18,L92I,0.009239849,1.114303248,0.015530426,NA,NA,-1.008146445,-0.871335955,-1.875965007,-0.746353707,-0.872724255,-1.200614061,-1.187466807,-0.945890423,-1.966187726
19,L92A,0.001985937,NA,0.007544045,NA,NA,-1.462351307,-0.848983055,-1.483713782,-1.417403319,-0.93649844,-1.343964683,-1.432347647,-0.827670396,-2.51167566
20,M75R,0.286475395,0.875444885,2.844240453,NA,NA,0.729228469,0.669797878,0.679135732,0.285756511,0.71810335,0.314715301,0.823933938,0.70163945,0.25206101
21,L92L,0.177900554,1.423444934,0.131492862,NA,NA,-0.600647799,-0.312364675,-0.599041777,-0.521764372,-0.284837093,-0.102767775,-0.519359806,-0.287083891,-0.745988124
22,D77A,0.943671251,1.134362953,2.464134497,NA,NA,0.37698695,0.45578987,-0.249427947,0.613000012,0.461369896,-0.150515007,0.442517253,0.455707454,-0.211817299
23,M75L,0.608280243,0.898435707,2.764485929,NA,NA,0.657450124,0.693825326,0.110531517,0.679276932,0.670972527,0.443767179,0.417820026,0.666052613,0.353033822
24,D78E,0.082734111,0.777129568,0.231316432,NA,NA,-0.036323281,-0.110136527,-0.835940572,-0.448827099,-0.068618486,-0.669863054,-0.45634022,-0.099812292,-0.891303053
25,N97R,0.84378848,1.658910766,2.972088881,NA,NA,0.715371404,0.788037846,-0.594526102,0.908586396,0.782339186,0.081001056,0.971462254,0.805107395,0.143022987
26,L92Y,0.002385814,NA,0.011159146,NA,NA,-1.197105968,-0.737164646,-1.211525579,-0.832064369,-0.520706177,-0.941676392,-1.215261854,-0.725212327,-1.21318841
27,D78A,0.04270536,1.289892674,0.278908804,NA,NA,-0.651232053,-0.114650596,-1.146644043,-0.735175627,-0.200120619,-1.124837021,-0.653073018,-0.173519979,-1.708493349
28,D78S,0.014490759,0.106211554,0.183006317,NA,NA,-0.199864326,-0.076003371,-0.667579901,-0.426858113,-0.092449958,-1.451462579,-0.171531247,-0.061600621,-1.341414914
29,D77R,0.212333377,0.976751524,1.499541463,NA,NA,0.081684877,0.203831984,-0.836645565,-0.436694623,0.22698336,-0.928969817,0.282734373,0.24146,-1.278106988
30,L92M,0.342483381,0.905226967,0.062914957,NA,NA,-0.760315232,-0.577149592,-0.936279868,-0.199955189,-0.552445739,-0.8169064,-0.811033526,-0.575106782,-1.119688945
31,M75G,0.248283689,0.642772802,3.232572684,NA,NA,0.949106553,0.586746098,-0.937503962,0.465666498,0.572112941,-0.998940611,0.71859457,0.582947762,-0.248073144
32,M75S,0.162415584,0.926524795,2.70547806,NA,NA,0.250759664,0.708803495,0.314806827,0.523558013,0.724047285,1.089124635,0.656710248,0.721462832,0.067080093
33,L92_,0.00317296,NA,0.017556954,NA,NA,-1.105599982,-0.784866343,-1.833247308,-1.23592531,-0.714708628,-0.495817707,-1.094628836,-0.664081867,-1.736849256
34,L92K,0.003056785,NA,0.019180876,NA,NA,-1.235906066,-0.711419497,-2.026695533,-0.988317782,-0.693444625,-1.629337739,-1.068231743,-0.77082745,-2.08698513
35,D77T,0.135529064,0.837257882,2.353608054,NA,NA,0.366515668,0.423650849,-1.464464668,-0.346723561,0.398924353,-0.419726908,-0.104389753,0.354222033,-0.037311746
36,D78V,0.07498648,0.836576107,0.129155393,NA,NA,-0.304155226,-0.162323048,0.435391283,-0.401676437,-0.074128295,-0.451742575,-0.406980484,-0.167761273,-0.490269609
37,L92N,0.003428859,NA,0.012703318,NA,NA,-0.476154773,-0.73751754,-2.018456956,-0.166787618,-0.662321195,-1.931774289,-1.224851175,-0.719743503,-2.094607739
38,D78W,0.003286722,0.187775977,0.220972176,NA,NA,-0.679115378,-0.07360355,-1.802441971,-0.839010126,-0.16189711,-1.339167302,0.064745002,-0.137302389,-1.494345233
39,L92Q,0.053316073,0.570727668,0.084928448,NA,NA,-0.805548971,-0.593313822,-1.115684055,-0.70092615,-0.588504092,-0.763941299,-0.882945846,-0.566742007,-1.169508883
40,D78N,0.105874341,1.200709278,0.227758764,NA,NA,-0.524594485,-0.109351223,-0.661108967,-0.454536462,-0.084378232,-0.82298849,-0.566476684,-0.067446129,-0.624237348
41,L92P,0.211359685,0.787924021,0.276664456,NA,NA,-0.905795787,-0.560920502,-1.26488201,-0.843004252,-0.490696209,-1.300402222,-0.895552845,-0.565235691,-1.222339905
42,D78L,0.011172194,0.15769493,0.28279096,NA,NA,-0.297307134,0.046872604,-0.412774365,-0.387772837,0.006883679,-0.589396022,-0.267641893,0.105288626,-0.874444159
43,N97K,1.233504876,1.307980842,2.763735722,NA,NA,0.729904927,0.769756338,0.018183181,0.534732899,0.761327857,1.146216321,0.849166504,0.784322019,0.247272324
44,D77E,0.62857062,1.026159397,1.980359074,NA,NA,0.103344845,0.446825738,-0.198181626,0.379129699,0.460192948,-0.441677567,0.041357014,0.474520783,-0.112902806
45,N97A,0.255560286,1.241066313,2.538850422,NA,NA,0.782264153,0.667194937,-0.143336781,0.853713798,0.684307563,0.96257398,0.834609144,0.663109873,1.097332296
46,D77S,0.381567273,1.319734008,1.978476239,NA,NA,0.11059573,0.421220592,-0.372861992,0.520200219,0.500267841,-0.237933465,0.280673757,0.454398682,0.045614061
47,L92W,0.004189273,0.597506269,0.027979927,NA,NA,-1.104967854,-0.678426849,-0.70964365,-1.136419398,-0.612056871,-1.407058083,-1.264456819,-0.553590748,-1.980942314
48,N97Q,0.630882675,1.453086437,3.026443275,NA,NA,1.027996429,0.743811822,-0.729681632,0.943598222,0.770104164,0.347181587,0.709055522,0.739014249,0.865319463
49,M75V,1.360406468,0.977977237,2.060108494,NA,NA,0.561183422,0.622344433,0.114534099,0.291371991,0.622308916,-0.324756096,0.709504509,0.646126817,-0.24320829
50,N97W,0.939023034,1.230407131,3.127156387,NA,NA,0.64054987,0.870328574,-0.339537741,0.666169108,0.864405998,0.629760789,0.619094012,0.873742893,0.04175928
51,L92F,0.014550445,NA,0.017135484,NA,NA,-1.185700855,-0.582145426,-1.323921769,-1.100941124,-0.755178185,-1.283957107,-1.103184718,-0.486651411,-1.229038958
52,N97Y,2.189989408,2.157593802,3.379145371,NA,NA,1.069580006,1.019004158,0.749283277,1.060215228,1.003554588,0.642027949,1.025200592,0.99719907,0.780442453
53,L92E,0.003977052,NA,0.022158015,NA,NA,-1.136972834,-0.614329737,-1.538542065,-0.558922352,-0.812946207,-1.345070072,-1.191438095,-0.756345894,-1.842424136
54,L92D,0.004268757,NA,0.015472851,NA,NA,-1.084935067,-0.841620058,-1.929339646,-1.15897203,-0.842435278,-1.802752609,-1.076447488,-0.87044771,-1.294354284
55,D77L,0.142915134,0.367857263,2.18736401,NA,NA,-0.139752859,0.413428281,-0.399489428,-0.029044553,0.426073026,-0.428642898,0.232729935,0.459720786,-0.542540754
56,N97D,0.686940934,1.556409128,2.996741203,NA,NA,0.268581701,0.748371935,-0.023777882,0.299989456,0.752577813,0.339001745,0.667620645,0.725299257,-0.220589246
57,N97_,1.457352171,1.599192187,3.290494682,NA,NA,0.827394795,0.871940784,0.83086413,0.964565631,0.943842478,0.670313885,1.009803774,0.92751192,0.185177167
58,D78Y,0.160484768,0.492666032,0.410104482,NA,NA,0.352448986,0.501464883,0.431373727,0.535901889,0.523681807,0.282836351,0.371436865,0.502114435,0.333861132
59,M75A,0.064729189,0.517053872,2.678160594,NA,NA,0.510976582,0.616319607,-0.601719161,0.472662817,0.587493736,-0.473030069,-0.065544159,0.640151665,-0.855464899
60,D78T,0.006490113,0.174579736,0.126261123,NA,NA,0.072428184,-0.247090128,-1.03590873,-0.103229144,-0.144888544,-1.732487195,0.189038109,-0.209933522,-1.197581089
61,D78I,0.008186166,0.108329184,0.262088629,NA,NA,-0.653162389,0.040938536,-0.941875804,-0.655224153,-0.089778979,-0.966190799,-0.698437577,0.008972305,-1.727977185
62,N97M,0.191245505,0.667475412,3.597894655,NA,NA,0.480378005,0.859770527,-0.315679705,0.618194145,0.891676982,0.172822588,0.986731075,0.863146954,-0.043060365
63,N97E,0.287503077,1.49622591,3.115798178,NA,NA,0.677423151,0.740880651,-0.779058897,0.309208352,0.7420624,-0.24287877,0.98007085,0.771129649,0.652712111
64,N70R,0.00640752,NA,0.023738728,NA,NA,-0.469567422,0.268369745,-0.852009416,-0.021072877,0.251508932,-0.353093356,-0.163685344,0.263407608,-1.408091841
65,M75E,0.020209156,0.64165436,3.095787034,NA,NA,0.872049532,0.732838289,-0.759508505,-0.00147427,0.758655758,0.483437931,-0.017041823,0.71174147,0.001329108
66,N97I,1.086027755,1.361087656,4.734621925,NA,NA,1.024973354,1.102104971,1.340718995,1.297417401,1.077926916,0.750332924,1.012507639,1.112985047,0.719374967
67,M75W,0.056186011,0.511155453,3.416306385,NA,NA,0.832519421,0.743661525,-0.12775987,0.915275041,0.808763996,0.168615767,0.5781943,0.789900436,0.041082486
68,N70A,0.022483503,NA,0.021075864,NA,NA,-0.347084277,0.451942638,-1.082760502,-0.392475414,0.446761449,-0.863354533,0.745586221,0.44884122,-1.252588468
69,D77F,0.064472453,0.969635052,2.27821669,NA,NA,0.293265642,0.547500332,-0.297560296,0.260302009,0.58852758,-0.533561969,0.04462356,0.537969569,0.370146704
70,D77W,0.360810382,0.770794495,2.895387986,NA,NA,0.221885993,0.471649582,0.005476142,0.549324368,0.521877367,0.00521002,0.04574247,0.482232735,-1.149483407
71,D78K,0.019118074,0.246376022,0.211426436,NA,NA,-0.346377069,-0.041869561,-1.090335346,-0.635102127,0.010216148,-1.045757028,-0.383523977,-0.015264143,-1.172711446
72,N97F,1.399659348,1.629164176,3.623885618,NA,NA,0.967792451,1.036075027,0.84502538,1.183055281,1.068782515,1.047137845,1.07753131,1.052377458,0.799305592
73,M75K,2.249546062,1.333693297,4.235017726,NA,NA,0.587265186,0.969629349,0.532758885,0.521923066,0.972318581,0.555077758,1.034676043,0.941451629,0.571958768
74,N97T,0.924084896,1.343810659,3.381858756,NA,NA,0.551878663,0.822074042,0.228321866,0.362073413,0.85804806,1.044629278,0.576856796,0.850299151,0.836087058
75,D77H,0.341867094,0.702269791,1.902061429,NA,NA,-0.026438951,0.395893922,-0.560627381,-0.165831552,0.326171755,-0.324132317,-0.052006205,0.359028032,-0.378920245
76,D77Y,0.450350431,1.13213969,2.315434227,NA,NA,0.731596967,0.837727398,0.771588228,1.014709467,0.830686253,0.656644368,0.724902473,0.859949143,0.835549606
77,D77Q,0.073590688,0.598600265,2.807080578,NA,NA,0.402504325,0.512866048,-0.152177093,-0.266388646,0.428242436,-0.05974693,0.057527317,0.510314055,-0.085123473
78,D78P,0.008074841,0.334923563,0.1282079,NA,NA,-0.879194031,-0.267076952,-1.033352073,-0.834939476,-0.507563687,-1.320459568,-0.707022105,-0.272073106,-1.194119316
79,D78_,0.010250014,0.597999103,0.182205192,NA,NA,-0.483882079,-0.175626189,-1.364190987,-0.794527947,-0.067042145,-1.082051609,0.287469114,-0.26553499,-1.375497212
80,D78Q,0.011543883,0.285444332,0.24756189,NA,NA,-0.756986552,-0.114147444,-1.159327895,-0.715292891,-0.20208712,-1.440629409,-0.831476613,-0.224015315,-1.151605611
81,D77P,0.089332939,0.531600331,2.721577731,NA,NA,0.716182548,0.417294804,-0.885594969,-0.339255757,0.406229407,-0.799532713,0.597432117,0.425995677,-1.86107171
82,N70G,0.006736896,NA,0.024959011,NA,NA,-0.407640035,0.375103804,-0.281571045,-0.386860676,0.461424558,-0.905334892,-0.304488635,0.407780493,-1.981181174
83,M75I,0.419379171,1.005349929,2.113479965,NA,NA,0.466605273,0.645455002,0.334604806,0.48366599,0.681039589,0.427107834,0.53696443,0.705143549,0.713801622
84,N97C,0.936437378,1.431744524,3.047889721,NA,NA,0.643972962,0.844561093,-0.542231129,1.01242156,0.85606044,0.179671367,0.865987447,0.838676661,0.28259727
85,M75T,0.391588322,0.750461371,2.558337788,NA,NA,0.130058996,0.674974858,0.385784785,0.207397038,0.697786461,0.267558463,0.228463681,0.678759533,-0.028517648
86,D77N,0.606692985,1.590491149,0.416395951,NA,NA,-0.405590415,-0.366415355,-0.615692916,-0.339994303,-0.023172985,-0.468990929,-0.502192229,-0.078704664,-0.466448378
87,M75P,0.3874941,0.423144613,2.724310784,NA,NA,-0.070596494,0.687806155,1.470451604,-0.193681189,0.615938707,-0.235498169,0.567211099,0.678762028,-0.49060412
88,M75Y,0.026155816,0.623361107,2.738698445,NA,NA,0.379845129,0.664384242,-0.003538221,0.200642463,0.685876673,-0.738013044,0.974554084,0.721410152,-1.107132398
89,N97H,0.196468819,1.205097529,2.733940244,NA,NA,0.350052053,0.7480631,0.247807852,0.926825456,0.732484913,0.345810012,0.31628137,0.749561904,0.01530358
90,M75Q,0.046878462,1.202634725,1.865009089,NA,NA,0.687240043,0.490494354,-0.556168362,-0.201316952,0.539079274,0.369443255,-0.012423616,0.497862178,-0.446088156
91,N70K,0.788595904,0.872613598,0.291744392,NA,NA,0.417633167,0.626706981,0.390644424,0.395815538,0.586792272,0.263953386,0.408915558,0.612168585,0.209489106
92,N70V,0.009681427,NA,0.035867976,NA,NA,-0.315892985,0.351395034,-0.847422111,0.660109754,0.332516274,-0.715841295,0.597108137,0.38451491,-1.450861398
93,N70W,0.0125677,NA,0.043856087,NA,NA,-0.360026642,0.39107083,-1.486378665,-0.349458351,0.345474256,-1.301094541,-0.350916285,0.316010079,-1.736378665
94,D78F,0.014269062,NA,0.069790345,NA,NA,-0.523045113,-0.30120281,-0.225090315,-0.431228238,-0.193065518,-0.588635204,-0.479316696,-0.061725722,0.224116539
95,M75C,0.020146616,0.476263921,2.528867503,NA,NA,-0.016142322,0.61215897,-0.865633032,0.361681888,0.662694619,-0.344566958,0.063530061,0.684964878,-0.656532472
96,M75N,0.04752698,0.642621206,4.944752687,NA,NA,0.29073886,0.912627174,0.174184042,0.90237353,0.923264605,-0.920224459,0.648776965,0.931765404,-0.500843842
97,M75_,0.289695795,1.098903793,3.5980508,NA,NA,0.927309515,0.875408783,0.070868738,0.384343022,0.827660847,0.541647643,0.370194227,0.87498929,0.080426887
98,N70P,0.014657119,NA,0.054302036,NA,NA,0.493729002,0.586416407,-0.601464483,-0.248057657,0.471497026,-0.666080825,-0.06702992,0.466314735,-1.643592437
99,N70L,0.011541027,NA,0.042757466,NA,NA,-0.161417124,0.595860838,-0.73761032,0.221049993,0.60194006,-0.402844687,0.104029324,0.583080448,-0.141498289
100,N70M,0.016881645,NA,0.062543513,NA,NA,0.282615874,0.624738078,-0.579512689,-0.160053068,0.540924261,-0.398974822,-0.069851455,0.626956712,-1.582226275
101,M75F,0.056615453,0.155911488,2.568065871,NA,NA,0.197631902,0.651258216,0.04922771,0.218324662,0.613605453,-0.358090169,0.345557164,0.632460673,-0.058934038
102,D77I,0.135158216,0.476755249,2.066085346,NA,NA,0.639059708,0.493869431,-1.00142987,0.291231481,0.554012571,-0.321446908,0.152267721,0.509926459,-0.026787229
103,D78C,0.027443762,0.705683772,0.09082273,NA,NA,-0.556885161,-0.013001776,-0.744892953,-0.608084328,-0.066060341,-0.78063974,-0.181758197,-0.148553332,-0.948104479
104,D77M,0.139797112,0.298912862,2.888864796,0.149277034,0.023187743,0.120981572,0.490233555,-0.616631549,-0.130229735,0.653741122,-0.874422004,0.285000456,0.596335822,-0.928293414
105,N70T,0.128831453,NA,0.070242899,NA,NA,-0.02130598,0.325341303,-0.880191138,-0.244211042,0.461546351,-0.913583973,0.010351586,0.25685533,-0.248249517
106,N97P,0.029665531,0.54135144,3.210474081,NA,NA,1.024365526,0.849063767,0.146582883,0.301184581,0.826663871,-0.643588152,1.056920581,0.856927208,1.434466799
107,D77C,0.163243943,0.813779848,2.492212003,NA,NA,0.847959281,0.610067862,-0.404429562,0.36251348,0.61550374,-0.382013495,-0.001279938,0.582804772,-0.984719798
108,M75H,0.037425284,0.260910096,1.985256499,NA,NA,0.111698686,0.588857867,-0.313558363,-0.075452592,0.566892873,-1.06129889,0.033365463,0.523110707,-1.208473329
109,N70E,0.040029263,NA,0.071735953,NA,NA,-0.097881213,0.535863174,-0.457878032,0.233190768,0.570000934,-0.416207755,0.449754869,0.555969047,-1.190305456
110,D78H,0.195006645,0.636767126,0.648738325,NA,NA,0.316197558,0.356119373,0.143270988,0.69696763,0.377586656,-0.4097411,0.015347861,0.357786196,-0.368566975
111,M75D,0.126813874,0.524777975,5.243217823,NA,NA,1.155167708,0.939080895,-0.549849545,0.891711442,0.75915298,-0.049582521,1.050715101,0.919343394,-0.575641352
112,D78M,0.023955319,0.451467648,0.211751133,NA,NA,-0.527380156,-0.227850224,-0.506389779,-0.517221101,0.055482759,-1.021348712,-0.506079005,-0.168763682,-1.235266347
113,N70N,0.628577485,1.530615101,0.342684206,NA,NA,0.09199799,0.505540567,-0.430559378,0.232216694,0.476684514,-0.365133221,0.14898982,0.489466104,-0.353964657
114,N70Q,0.037496005,NA,0.138916075,NA,NA,0.191998956,0.664463472,-0.683468763,0.272630669,0.646531647,-0.408137908,0.174625259,0.558485043,-0.674359387
115,N70I,0.565106592,NA,0.169662915,NA,NA,0.105497123,0.530415346,-0.188506645,0.343882041,0.458583966,-0.077645224,0.272694851,0.450406642,-0.196849127
116,N70D,0.603438018,1.485869015,0.372135351,NA,NA,0.005755079,0.190309734,-0.450792141,0.105550279,0.168005212,0.047819818,0.204000599,0.154506323,-0.012357663
117,D77_,0.174158126,0.442821397,2.704476688,NA,NA,0.270486882,0.449690475,-0.069682661,0.21638876,0.495449082,-0.542572729,-0.034548226,0.603211379,-0.351939981
118,N70C,0.026012701,NA,0.096372462,NA,NA,-0.176311985,0.456768863,-0.151060557,-0.109084453,0.576606454,-1.05173851,0.822031761,0.530337987,-1.394455593
119,N70F,0.036305351,NA,0.134504911,NA,NA,-0.154358208,0.129367658,-0.999670406,0.727441968,0.275064586,-0.165951475,-0.01930519,0.406954859,-0.533933379
120,D78D,0.950311235,1.704020147,0.669655665,NA,NA,-0.2171877,-0.132867705,-0.256023366,-0.225522287,-0.184312786,-0.236328339,-0.224305477,-0.210759648,-0.247856342
121,N70Y,0.356354931,NA,0.228892189,NA,NA,0.10475164,0.550814468,-0.562295332,0.350630026,0.437274212,-0.518319949,0.268166438,0.406564385,-0.317090564
122,D77D,1.283697343,1.744675548,0.985706449,NA,NA,-0.080458456,-0.052611052,-0.118807362,-0.051036612,-0.057537518,-0.112859888,-0.126247764,0.070092817,-0.099343841
123,D77K,NA,0.610246025,NA,NA,NA,NA,NA,NA,NA,NA,NA,NA,NA,NA
124,N97N,NA,NA,NA,NA,NA,NA,NA,NA,NA,NA,NA,NA,NA,NA
125,N70_,NA,NA,NA,NA,NA,NA,NA,NA,NA,NA,NA,NA,NA,NA