"","variant","bax_delta_cq","rep","bcl2_delta_cq","bax_bcl2_ratio","mean","sd","se"
"1","WT",0.000166153,1,0.000221049,0.751656872,0.520845599355034,0.212475230323487,0.086742649545479
"2","WT",0.000155981,1,0.000244535,0.63786779,0.520845599355034,0.212475230323487,0.086742649545479
"3","D84G",0.000259517,1,0.00028252,0.918579216,0.624068455596057,0.238572251541972,0.0973967138441248
"4","D84G",0.000220265,1,0.000275649,0.799077813,0.624068455596057,0.238572251541972,0.0973967138441248
"5","L74P",0.000300799,1,0.00020875,1.440953293,0.435808907178102,0.544511712744891,0.222295975865652
"6","L74P",NA,1,0.000331283,NA,0.435808907178102,0.544511712744891,0.222295975865652
"7","WT",0.000111524,2,0.00015367,0.725736969,0.520845599355034,0.212475230323487,0.086742649545479
"8","WT",0.000101115,2,0.000150715,0.670902034,0.520845599355034,0.212475230323487,0.086742649545479
"9","D84G",NA,2,NA,NA,0.624068455596057,0.238572251541972,0.0973967138441248
"10","D84G",NA,2,NA,NA,0.624068455596057,0.238572251541972,0.0973967138441248
"11","L74P",0.000161445,2,0.000267565,0.603386093,0.435808907178102,0.544511712744891,0.222295975865652
"12","L74P",0.000240309,2,0.00025117,0.956758371,0.435808907178102,0.544511712744891,0.222295975865652
"13","R304W",0.000133217,2,0.000510705,0.260849218,0.570264080805243,0.342575008328222,0.171287504164111
"14","R304W",0.000204099,2,0.000410169,0.497597332,0.570264080805243,0.342575008328222,0.171287504164111
"15","R429C",0.000136241,2,0.000259446,0.525122762,0.431883890214734,0.272220553823213,0.136110276911606
"16","R429C",6.64e-05,2,7.8e-05,0.851282051,0.431883890214734,0.272220553823213,0.136110276911606
"17","WT",0.000131202,3,0.0004578,0.286592398,0.520845599355034,0.212475230323487,0.086742649545479
"18","WT",0.00014889,3,0.000498959,0.298401271,0.520845599355034,0.212475230323487,0.086742649545479
"19","D84G",0.00016316,3,0.000369511,0.441556544,0.624068455596057,0.238572251541972,0.0973967138441248
"20","D84G",0.000218186,3,0.000466219,0.467990365,0.624068455596057,0.238572251541972,0.0973967138441248
"21","L74P",3.27e-05,3,0.000520422,0.062833623,0.435808907178102,0.544511712744891,0.222295975865652
"22","L74P",0.000155621,3,0.000517401,0.300774448,0.435808907178102,0.544511712744891,0.222295975865652
"23","R304W",0.000143387,3,0.000185237,0.774073214,0.570264080805243,0.342575008328222,0.171287504164111
"24","R304W",0.000162476,3,0.00015436,1.052578388,0.570264080805243,0.342575008328222,0.171287504164111
"25","R429C",0.000126824,3,0.000374309,0.338821669,0.431883890214734,0.272220553823213,0.136110276911606
"26","R429C",5.13e-05,3,0.000223334,0.229700807,0.431883890214734,0.272220553823213,0.136110276911606
