variant,Well,Fluor,Target,Content,Cq,Cq Mean,replicate,delta_cq
vif,A01,SYBR,chop,Unkn,29.26183019,29.26183019,1,0.001488855
vif,A02,SYBR,chop,Unkn,28.02085639,28.02085639,1,0.003519028
WT,A03,SYBR,chop,Unkn,27.59571596,27.59571596,1,0.00472501
WT,A04,SYBR,chop,Unkn,28.04850879,28.04850879,1,0.003452221
D84G,A05,SYBR,chop,Unkn,27.03506548,27.03506548,1,0.006969079
D84G,A06,SYBR,chop,Unkn,27.28771568,27.28771568,1,0.005849518
L74P,A07,SYBR,chop,Unkn,26.28901118,26.28901118,1,0.011688536
L74P,A08,SYBR,chop,Unkn,26.11379127,26.11379127,1,0.013197952
vif,B01,SYBR,chop,Unkn,31.32110338,31.32110338,2,0.000357231
vif,B02,SYBR,chop,Unkn,29.88916998,29.88916998,2,0.000963839
WT,B03,SYBR,chop,Unkn,28.88179901,28.88179901,2,0.001937551
WT,B04,SYBR,chop,Unkn,29.04724848,29.04724848,2,0.001727619
D84G,B05,SYBR,chop,NTC,NaN,0,2,
D84G,B06,SYBR,chop,NTC,NaN,0,2,
L74P,B07,SYBR,chop,Unkn,28.61640246,28.61640246,2,0.002328871
L74P,B08,SYBR,chop,Unkn,28.29970563,28.29970563,2,0.002900553
R304W,B09,SYBR,chop,Unkn,28.94373523,28.94373523,2,0.001856131
R304W,B10,SYBR,chop,Unkn,28.74137854,28.74137854,2,0.00213562
R429C,B11,SYBR,chop,Unkn,29.13082268,29.13082268,2,0.001630383
R429C,B12,SYBR,chop,Unkn,30.3040676,30.3040676,2,0.000722949
vif,C01,SYBR,chop,Unkn,28.61537383,28.61537383,3,0.002330533
vif,C02,SYBR,chop,Unkn,27.6713917,27.6713917,3,0.004483551
WT,C03,SYBR,chop,Unkn,27.19514611,27.19514611,3,0.006237152
WT,C04,SYBR,chop,Unkn,27.00053494,27.00053494,3,0.007137894
D84G,C05,SYBR,chop,Unkn,26.7681071,26.7681071,3,0.008385672
D84G,C06,SYBR,chop,Unkn,26.61860596,26.61860596,3,0.009301269
L74P,C07,SYBR,chop,Unkn,27.811173,27.811173,3,0.004069525
L74P,C08,SYBR,chop,Unkn,27.76033829,27.76033829,3,0.004215475
R304W,C09,SYBR,chop,Unkn,28.73753029,28.73753029,3,0.002141324
R304W,C10,SYBR,chop,Unkn,28.06857889,28.06857889,3,0.003404528
R429C,C11,SYBR,chop,Unkn,28.09061766,28.09061766,3,0.003352915
R429C,C12,SYBR,chop,Unkn,29.22626487,29.22626487,3,0.001526014
vif,D01,SYBR,bip,Unkn,25.22999692,25.22999692,1,0.024353151
vif,D02,SYBR,bip,Unkn,23.27293036,23.27293036,1,0.094556395
WT,D03,SYBR,bip,Unkn,23.8398172,23.8398172,1,0.063832369
WT,D04,SYBR,bip,Unkn,23.51396159,23.51396159,1,0.080007975
D84G,D05,SYBR,bip,Unkn,23.23432991,23.23432991,1,0.097120476
D84G,D06,SYBR,bip,Unkn,23.23718659,23.23718659,1,0.096928358
L74P,D07,SYBR,bip,Unkn,22.63401389,22.63401389,1,0.147239363
L74P,D08,SYBR,bip,Unkn,23.09344438,23.09344438,1,0.107083257
vif,E01,SYBR,bip,Unkn,26.60906769,26.60906769,2,0.009362967
vif,E02,SYBR,bip,Unkn,25.63973716,25.63973716,2,0.018332051
WT,E03,SYBR,bip,Unkn,24.95660399,24.95660399,2,0.029434363
WT,E04,SYBR,bip,Unkn,25.04975838,25.04975838,2,0.027593855
D84G,E05,SYBR,bip,NTC,NaN,0,2,
D84G,E06,SYBR,bip,NTC,NaN,0,2,
L74P,E07,SYBR,bip,Unkn,24.26767195,24.26767195,2,0.047450834
L74P,E08,SYBR,bip,Unkn,24.32056653,24.32056653,2,0.045742616
R304W,E09,SYBR,bip,Unkn,24.97149933,24.97149933,2,0.029132027
R304W,E10,SYBR,bip,Unkn,24.87423495,24.87423495,2,0.031163785
R429C,E11,SYBR,bip,Unkn,24.83824097,24.83824097,2,0.031951074
R429C,E12,SYBR,bip,Unkn,26.15699264,26.15699264,2,0.0128086
vif,F01,SYBR,bip,Unkn,25.28169581,25.28169581,3,0.023495909
vif,F02,SYBR,bip,Unkn,24.10039062,24.10039062,3,0.053284458
WT,F03,SYBR,bip,Unkn,23.74715328,23.74715328,3,0.068066839
WT,F04,SYBR,bip,Unkn,24.17931988,24.17931988,3,0.050447596
D84G,F05,SYBR,bip,Unkn,23.48196988,23.48196988,3,0.081801966
D84G,F06,SYBR,bip,Unkn,23.5665741,23.5665741,3,0.077142789
L74P,F07,SYBR,bip,Unkn,24.00193873,24.00193873,3,0.057047619
L74P,F08,SYBR,bip,Unkn,24.15005454,24.15005454,3,0.051481385
R304W,F09,SYBR,bip,Unkn,24.60342979,24.60342979,3,0.037598513
R304W,F10,SYBR,bip,Unkn,24.69948036,24.69948036,3,0.035176819
R429C,F11,SYBR,bip,Unkn,24.57305919,24.57305919,3,0.0383984
R429C,F12,SYBR,bip,Unkn,26.13896289,26.13896289,3,0.012969677
,G01,SYBR,Actin,Unkn,20.44965805,20.44965805,,
,G02,SYBR,Actin,Unkn,19.29084037,19.29084037,,