"","variant","Target","Content","Cq","mean_cq","delta_cq","rep","mean","geom_mean","sd","se"
"1","WT","chop","Unkn",31.65797788,31.78784693,0.009001814,1,0.0068469545,0.00665428731361354,0.00168669607542921,0.000688590789326082
"2","WT","chop","Unkn",31.91771598,NA,0.007518671,1,0.0068469545,0.00665428731361354,0.00168669607542921,0.000688590789326082
"3","D84G","chop","Unkn",31.24192683,31.25742555,0.012010854,1,0.00969188616666667,0.00951165241932128,0.00203928169442472,0.000832533265523143
"4","D84G","chop","Unkn",31.27292427,NA,0.011755544,1,0.00969188616666667,0.00951165241932128,0.00203928169442472,0.000832533265523143
"5","L74P","chop","Unkn",30.50364345,31.04251215,0.020036383,1,0.0088947865,0.0076035928719276,0.00589628487711623,0.00240714822117063
"6","L74P","chop","Unkn",31.58138084,NA,0.009492662,1,0.0088947865,0.0076035928719276,0.00589628487711623,0.00240714822117063
"7","WT","bip","Unkn",28.67023308,28.46627738,0.071405363,1,0.0792830228333333,0.07569234234416,0.025300984598691,0.0103290837094681
"8","WT","bip","Unkn",28.26232168,NA,0.09473804,1,0.0792830228333333,0.07569234234416,0.025300984598691,0.0103290837094681
"9","D84G","bip","Unkn",27.7723597,27.87370739,0.133050849,1,0.0840009188333333,0.0751707466153054,0.0390056156590813,0.0159239759113104
"10","D84G","bip","Unkn",27.97505509,NA,0.115611293,1,0.0840009188333333,0.0751707466153054,0.0390056156590813,0.0159239759113104
"11","L74P","bip","Unkn",27.40213972,28.04697617,0.171974862,1,0.0904973291666667,0.081941619444541,0.0459863905179181,0.0187738653135437
"12","L74P","bip","Unkn",28.69181262,NA,0.070345244,1,0.0904973291666667,0.081941619444541,0.0459863905179181,0.0187738653135437
"13","WT","bip","Unkn",29.51174842,29.44211802,0.098970916,2,0.0792830228333333,0.07569234234416,0.025300984598691,0.0103290837094681
"14","D84G","bip","Unkn",29.61565214,29.66620189,0.092093601,2,0.0840009188333333,0.0751707466153054,0.0390056156590813,0.0159239759113104
"15","L74P","bip","Unkn",29.41587764,29.49737624,0.105771234,2,0.0904973291666667,0.081941619444541,0.0459863905179181,0.0187738653135437
"16","R429C","bip","Unkn",30.79693399,30.69152188,0.040609551,2,0.04573800075,0.0454464532282892,0.00606898685613397,0.00303449342806699
"17","R304W","bip","Unkn",30.30450816,30.38988185,0.057129856,2,0.05157916925,0.0514746833318362,0.00385778247680014,0.00192889123840007
"18","WT","bip","Unkn",29.37248762,NA,0.109000695,2,0.0792830228333333,0.07569234234416,0.025300984598691,0.0103290837094681
"19","D84G","bip","Unkn",29.71675164,NA,0.085860907,2,0.0840009188333333,0.0751707466153054,0.0390056156590813,0.0159239759113104
"20","L74P","bip","Unkn",29.57887485,NA,0.094471437,2,0.0904973291666667,0.081941619444541,0.0459863905179181,0.0187738653135437
"21","R429C","bip","Unkn",30.58610977,NA,0.046999431,2,0.04573800075,0.0454464532282892,0.00606898685613397,0.00303449342806699
"22","R304W","bip","Unkn",30.47525554,NA,0.050753155,2,0.05157916925,0.0514746833318362,0.00385778247680014,0.00192889123840007
"23","WT","chop","Unkn",34.06971311,33.6253778,0.004201685,2,0.0068469545,0.00665428731361354,0.00168669607542921,0.000688590789326082
"24","D84G","chop","Unkn",33.08293581,32.90331333,0.008326703,2,0.00969188616666667,0.00951165241932128,0.00203928169442472,0.000832533265523143
"25","L74P","chop","Unkn",33.42561343,33.21835796,0.006566241,2,0.0088947865,0.0076035928719276,0.00589628487711623,0.00240714822117063
"26","R429C","chop","Unkn",33.91548809,33.79994626,0.004675735,2,0.00527563825,0.00526322929285019,0.000407740748548531,0.000203870374274266
"27","R304W","chop","Unkn",33.78402273,33.76238765,0.005121827,2,0.00518682825,0.00518634579917001,8.17365341340701e-05,4.08682670670351e-05
"28","WT","chop","Unkn",33.18104249,NA,0.007779291,2,0.0068469545,0.00665428731361354,0.00168669607542921,0.000688590789326082
"29","D84G","chop","Unkn",32.72369085,NA,0.010681115,2,0.00969188616666667,0.00951165241932128,0.00203928169442472,0.000832533265523143
"30","L74P","chop","Unkn",33.0111025,NA,0.008751793,2,0.0088947865,0.0076035928719276,0.00589628487711623,0.00240714822117063
"31","R429C","chop","Unkn",33.68440443,NA,0.005487986,2,0.00527563825,0.00526322929285019,0.000407740748548531,0.000203870374274266
"32","R304W","chop","Unkn",33.74075258,NA,0.00527777,2,0.00518682825,0.00518634579917001,8.17365341340701e-05,4.08682670670351e-05
"33","WT","bip","Unkn",28.53604119,28.48890373,0.049132629,3,0.0792830228333333,0.07569234234416,0.025300984598691,0.0103290837094681
"34","D84G","bip","Unkn",29.0266863,28.8873179,0.034968025,3,0.0840009188333333,0.0751707466153054,0.0390056156590813,0.0159239759113104
"35","L74P","bip","Unkn",28.39100617,28.50959957,0.054328773,3,0.0904973291666667,0.081941619444541,0.0459863905179181,0.0187738653135437
"36","R429C","bip","Unkn",28.40510343,28.59161841,0.053800486,3,0.04573800075,0.0454464532282892,0.00606898685613397,0.00303449342806699
"37","R304W","bip","Unkn",28.56313908,28.53386773,0.048218392,3,0.05157916925,0.0514746833318362,0.00385778247680014,0.00192889123840007
"38","WT","bip","Unkn",28.44176628,NA,0.052450494,3,0.0792830228333333,0.07569234234416,0.025300984598691,0.0103290837094681
"39","D84G","bip","Unkn",28.7479495,NA,0.042420838,3,0.0840009188333333,0.0751707466153054,0.0390056156590813,0.0159239759113104
"40","L74P","bip","Unkn",28.62819297,NA,0.046092425,3,0.0904973291666667,0.081941619444541,0.0459863905179181,0.0187738653135437
"41","R429C","bip","Unkn",28.77813338,NA,0.041542535,3,0.04573800075,0.0454464532282892,0.00606898685613397,0.00303449342806699
"42","R304W","bip","Unkn",28.50459637,NA,0.050215274,3,0.05157916925,0.0514746833318362,0.00385778247680014,0.00192889123840007
"43","WT","chop","Unkn",31.63788056,31.50744828,0.005722994,3,0.0068469545,0.00665428731361354,0.00168669607542921,0.000688590789326082
"44","D84G","chop","Unkn",31.28496755,31.21369868,0.007309046,3,0.00969188616666667,0.00951165241932128,0.00203928169442472,0.000832533265523143
"45","L74P","chop","Unkn",32.31783659,32.0826114,0.003572203,3,0.0088947865,0.0076035928719276,0.00589628487711623,0.00240714822117063
"46","R429C","chop","Unkn",31.72898569,31.70348914,0.005372766,3,0.00527563825,0.00526322929285019,0.000407740748548531,0.000203870374274266
"47","R304W","chop","Unkn",31.76676388,31.78350739,0.005233902,3,0.00518682825,0.00518634579917001,8.17365341340701e-05,4.08682670670351e-05
"48","WT","chop","Unkn",31.377016,NA,0.006857272,3,0.0068469545,0.00665428731361354,0.00168669607542921,0.000688590789326082
"49","D84G","chop","Unkn",31.14242981,NA,0.008068055,3,0.00969188616666667,0.00951165241932128,0.00203928169442472,0.000832533265523143
"50","L74P","chop","Unkn",31.8473862,NA,0.004949437,3,0.0088947865,0.0076035928719276,0.00589628487711623,0.00240714822117063
"51","R429C","chop","Unkn",31.67799259,NA,0.005566066,3,0.00527563825,0.00526322929285019,0.000407740748548531,0.000203870374274266
"52","R304W","chop","Unkn",31.8002509,NA,0.005113814,3,0.00518682825,0.00518634579917001,8.17365341340701e-05,4.08682670670351e-05
"53","WT","bcl2","Unkn",31.54687981,31.47404264,0.000221049,1,0.000287788,0.000256676416125047,0.000152708108997525,6.23428244382089e-05
"54","WT","bcl2","Unkn",31.40120546,NA,0.000244535,1,0.000287788,0.000256676416125047,0.000152708108997525,6.23428244382089e-05
"55","D84G","bcl2","Unkn",31.19289396,31.21065607,0.00028252,1,231166.616098983,0.43147199866981,358121.781200339,146202.604952912
"56","D84G","bcl2","Unkn",31.22841817,NA,0.000275649,1,231166.616098983,0.43147199866981,358121.781200339,146202.604952912
"57","L74P","bcl2","Unkn",31.62946957,31.29632627,0.00020875,1,0.000349431833333333,0.000328272323466233,0.000137061739897634,5.59552210012117e-05
"58","L74P","bcl2","Unkn",30.96318297,NA,0.000331283,1,0.000349431833333333,0.000328272323466233,0.000137061739897634,5.59552210012117e-05
"59","WT","bcl2","Unkn",32.07141531,32.08542274,0.00015367,2,0.000287788,0.000256676416125047,0.000152708108997525,6.23428244382089e-05
"60","WT","bcl2","Unkn",32.09943017,NA,0.000150715,2,0.000287788,0.000256676416125047,0.000152708108997525,6.23428244382089e-05
"61","D84G","bcl2","Unkn",NA,NA,693499.8476,2,231166.616098983,0.43147199866981,358121.781200339,146202.604952912
"62","D84G","bcl2","Unkn",NA,NA,693499.8476,2,231166.616098983,0.43147199866981,358121.781200339,146202.604952912
"63","L74P","bcl2","Unkn",31.27135863,31.31697194,0.000267565,2,0.000349431833333333,0.000328272323466233,0.000137061739897634,5.59552210012117e-05
"64","L74P","bcl2","Unkn",31.36258525,NA,0.00025117,2,0.000349431833333333,0.000328272323466233,0.000137061739897634,5.59552210012117e-05
"65","R304W","bcl2","Unkn",30.33875937,30.49689539,0.000510705,2,0.00031511775,0.000278194707223558,0.000173206212258443,8.66031061292213e-05
"66","R304W","bcl2","Unkn",30.6550314,NA,0.000410169,2,0.00031511775,0.000278194707223558,0.000173206212258443,8.66031061292213e-05
"67","R429C","bcl2","Unkn",31.31581629,32.18239807,0.000259446,2,0.000233782025,0.000202831819434664,0.000122163128956609,6.10815644783047e-05
"68","R429C","bcl2","Unkn",33.04897985,NA,7.80391e-05,2,0.000233782025,0.000202831819434664,0.000122163128956609,6.10815644783047e-05
"69","WT","bcl2","Unkn",30.49653046,30.43442918,0.0004578,3,0.000287788,0.000256676416125047,0.000152708108997525,6.23428244382089e-05
"70","WT","bcl2","Unkn",30.37232789,NA,0.000498959,3,0.000287788,0.000256676416125047,0.000152708108997525,6.23428244382089e-05
"71","D84G","bcl2","Unkn",30.80562973,30.6379356,0.000369511,3,231166.616098983,0.43147199866981,358121.781200339,146202.604952912
"72","D84G","bcl2","Unkn",30.47024147,NA,0.000466219,3,231166.616098983,0.43147199866981,358121.781200339,146202.604952912
"73","L74P","bcl2","Unkn",30.31156684,30.3157669,0.000520422,3,0.000349431833333333,0.000328272323466233,0.000137061739897634,5.59552210012117e-05
"74","L74P","bcl2","Unkn",30.31996695,NA,0.000517401,3,0.000349431833333333,0.000328272323466233,0.000137061739897634,5.59552210012117e-05
"75","R304W","bcl2","Unkn",31.80187677,31.9334124,0.000185237,3,0.00031511775,0.000278194707223558,0.000173206212258443,8.66031061292213e-05
"76","R304W","bcl2","Unkn",32.06494803,NA,0.00015436,3,0.00031511775,0.000278194707223558,0.000173206212258443,8.66031061292213e-05
"77","R429C","bcl2","Unkn",30.78701857,31.15953267,0.000374309,3,0.000233782025,0.000202831819434664,0.000122163128956609,6.10815644783047e-05
"78","R429C","bcl2","Unkn",31.53204676,NA,0.000223334,3,0.000233782025,0.000202831819434664,0.000122163128956609,6.10815644783047e-05
"79","WT","bax","Unkn",31.9587394,32.00430983,0.000166153,1,0.000135810833333333,0.000133688781855982,2.57427262380399e-05,1.0509423978559e-05
"80","WT","bax","Unkn",32.04988026,NA,0.000155981,1,0.000135810833333333,0.000133688781855982,2.57427262380399e-05,1.0509423978559e-05
"81","D84G","bax","Unkn",31.31541763,31.43371418,0.000259517,1,231166.616010188,0.315094462159454,358121.78126912,146202.604980992
"82","D84G","bax","Unkn",31.55201072,NA,0.000220265,1,231166.616010188,0.315094462159454,358121.78126912,146202.604980992
"83","L74P","bax","Unkn",31.1024503,31.1024503,0.000300799,1,115583.308081814,0.00587679871346223,283120.127146909,115583.307903637
"84","L74P","bax","Unkn",NA,NA,693499.8476,1,115583.308081814,0.00587679871346223,283120.127146909,115583.307903637
"85","WT","bax","Unkn",32.53389294,32.60457125,0.000111524,2,0.000135810833333333,0.000133688781855982,2.57427262380399e-05,1.0509423978559e-05
"86","WT","bax","Unkn",32.67524955,NA,0.000101115,2,0.000135810833333333,0.000133688781855982,2.57427262380399e-05,1.0509423978559e-05
"87","D84G","bax","Unkn",NA,NA,693499.8476,2,231166.616010188,0.315094462159454,358121.78126912,146202.604980992
"88","D84G","bax","Unkn",NA,NA,693499.8476,2,231166.616010188,0.315094462159454,358121.78126912,146202.604980992
"89","L74P","bax","Unkn",32.00020958,31.71328253,0.000161445,2,115583.308081814,0.00587679871346223,283120.127146909,115583.307903637
"90","L74P","bax","Unkn",31.42635547,NA,0.000240309,2,115583.308081814,0.00587679871346223,283120.127146909,115583.307903637
"91","R304W","bax","Unkn",32.27747095,31.9697256,0.000133217,2,0.00016079475,0.000158644449045447,3.1313717573134e-05,1.5656858786567e-05
"92","R304W","bax","Unkn",31.66198024,NA,0.000204099,2,0.00016079475,0.000158644449045447,3.1313717573134e-05,1.5656858786567e-05
"93","R429C","bax","Unkn",32.2450875,32.76323508,0.000136241,2,9.52002e-05,8.76013727290153e-05,4.25785442280499e-05,2.12892721140249e-05
"94","R429C","bax","Unkn",33.28138265,NA,6.64281e-05,2,9.52002e-05,8.76013727290153e-05,4.25785442280499e-05,2.12892721140249e-05
"95","WT","bax","Unkn",32.29945323,32.20822632,0.000131202,3,0.000135810833333333,0.000133688781855982,2.57427262380399e-05,1.0509423978559e-05
"96","WT","bax","Unkn",32.11699941,NA,0.00014889,3,0.000135810833333333,0.000133688781855982,2.57427262380399e-05,1.0509423978559e-05
"97","D84G","bax","Unkn",31.98495706,31.77532268,0.00016316,3,231166.616010188,0.315094462159454,358121.78126912,146202.604980992
"98","D84G","bax","Unkn",31.56568829,NA,0.000218186,3,231166.616010188,0.315094462159454,358121.78126912,146202.604980992
"99","L74P","bax","Unkn",34.30351515,33.17836534,3.27084e-05,3,115583.308081814,0.00587679871346223,283120.127146909,115583.307903637
"100","L74P","bax","Unkn",32.05321552,NA,0.000155621,3,115583.308081814,0.00587679871346223,283120.127146909,115583.307903637
"101","R304W","bax","Unkn",32.17133404,32.08117662,0.000143387,3,0.00016079475,0.000158644449045447,3.1313717573134e-05,1.5656858786567e-05
"102","R304W","bax","Unkn",31.99101919,NA,0.000162476,3,0.00016079475,0.000158644449045447,3.1313717573134e-05,1.5656858786567e-05
"103","R429C","bax","Unkn",32.34841717,33.00120942,0.000126824,3,9.52002e-05,8.76013727290153e-05,4.25785442280499e-05,2.12892721140249e-05
"104","R429C","bax","Unkn",33.65400167,NA,5.13077e-05,3,9.52002e-05,8.76013727290153e-05,4.25785442280499e-05,2.12892721140249e-05
