"","variant","endo_ratio","sko_ratio","bac_ratio","endo_ssv_ratio","sko_ssv_ratio","lb_10b","lb_dh5a","lb_bl21","mm_10b","mm_dh5a","mm_bl21","ca_10b","ca_dh5a","ca_bl21"
"1","L63_",0.0448500188120527,1.82699870012722,0.823523725767814,NA,NA,NA,NA,NA,NA,NA,NA,NA,NA,NA
"2","L63C",0.121911673073543,2.96982533335129,0.618895547617225,NA,NA,NA,NA,NA,NA,NA,NA,NA,NA,NA
"3","L63D",0.0122007143065672,0.908818082330265,0.643549919299775,NA,NA,NA,NA,NA,NA,NA,NA,NA,NA,NA
"4","L63E",0.0144072504256308,3.06064400412417,0.608553630744552,NA,NA,NA,NA,NA,NA,NA,NA,NA,NA,NA
"5","L63F",0.205602116120234,2.63684313459166,0.76783659605726,NA,NA,NA,NA,NA,NA,NA,NA,NA,NA,NA
"6","L63G",0.416457340495777,4.4792432384426,0.559429226429744,NA,NA,NA,NA,NA,NA,NA,NA,NA,NA,NA
"7","L63H",0.331131008911745,1.77952580787787,0.699541177466756,NA,NA,NA,NA,NA,NA,NA,NA,NA,NA,NA
"8","L63I",0.107975412303722,3.47306098379027,0.79458718256795,NA,NA,NA,NA,NA,NA,NA,NA,NA,NA,NA
"9","L63K",0.0492933890841973,1.04547331636756,1.04690480944644,NA,NA,NA,NA,NA,NA,NA,NA,NA,NA,NA
"10","L63L",0.217951603799111,2.86832866497274,0.565574100489586,NA,NA,NA,NA,NA,NA,NA,NA,NA,NA,NA
"11","L63M",0.0259426408544112,1.38247651846205,0.621850593043446,NA,NA,NA,NA,NA,NA,NA,NA,NA,NA,NA
"12","L63N",0.0461548310655529,3.18789868293229,0.802901886411425,NA,NA,NA,NA,NA,NA,NA,NA,NA,NA,NA
"13","L63P",0.301117083862431,2.36693173753301,0.683390824628463,NA,NA,NA,NA,NA,NA,NA,NA,NA,NA,NA
"14","L63A",0.0437336169628243,3.16515183593843,0.57329028529958,NA,NA,NA,NA,NA,NA,NA,NA,NA,NA,NA
"15","L63R",0.0929336689015771,3.52262339741615,0.568189887953161,NA,NA,NA,NA,NA,NA,NA,NA,NA,NA,NA
"16","L63S",0.167348059249478,1.89582012577665,0.578245833065092,NA,NA,NA,NA,NA,NA,NA,NA,NA,NA,NA
"17","L63T",0.0158959785131672,0.757391589126533,0.596416558174192,NA,NA,NA,NA,NA,NA,NA,NA,NA,NA,NA
"18","L63V",0.331237951830102,3.7844235018861,0.656311973837774,NA,NA,NA,NA,NA,NA,NA,NA,NA,NA,NA
"19","L63W",0.0104329861002943,1.63787249911571,1.01437747562677,NA,NA,NA,NA,NA,NA,NA,NA,NA,NA,NA
"20","L63Y",0.135620835552013,2.05072284879038,0.710114664738327,NA,NA,NA,NA,NA,NA,NA,NA,NA,NA,NA
"21","L63Q",0.00727362554106015,0.485593287399188,0.451382362036404,NA,NA,NA,NA,NA,NA,NA,NA,NA,NA,NA
"22","S64_",0.0229959073373512,0.624630992163093,0.260212011440907,NA,NA,NA,NA,NA,NA,NA,NA,NA,NA,NA
"23","S64C",0.0623086066026346,1.41752547616667,0.447292666825229,NA,NA,NA,NA,NA,NA,NA,NA,NA,NA,NA
"24","S64D",0.0122166089707639,0.304996668051857,0.322323837934148,NA,NA,NA,NA,NA,NA,NA,NA,NA,NA,NA
"25","S64E",0.0124746222297013,1.21852581877169,0.613934589878231,NA,NA,NA,NA,NA,NA,NA,NA,NA,NA,NA
"26","S64A",0.0071567214815361,0.941523893535618,0.393836772799898,NA,NA,NA,NA,NA,NA,NA,NA,NA,NA,NA
"27","S64G",0.16061667428251,2.8973849455305,0.41097706085379,NA,NA,NA,NA,NA,NA,NA,NA,NA,NA,NA
"28","S64H",0.0193476255252061,0.487779935050705,0.474291274453306,NA,NA,NA,NA,NA,NA,NA,NA,NA,NA,NA
"29","S64I",0.101955578324267,0.896312861251268,0.558872124588782,NA,NA,NA,NA,NA,NA,NA,NA,NA,NA,NA
"30","S64K",0.0129627178321343,0.191888398261776,0.451841945338579,NA,NA,NA,NA,NA,NA,NA,NA,NA,NA,NA
"31","S64L",0.0156800158817318,1.25331730920687,0.501824990964563,NA,NA,NA,NA,NA,NA,NA,NA,NA,NA,NA
"32","S64M",0.0101657889653948,0.198080129452694,0.468055123253399,NA,NA,NA,NA,NA,NA,NA,NA,NA,NA,NA
"33","S64N",0.141853919102618,0.908605313612345,0.326779707015962,NA,NA,NA,NA,NA,NA,NA,NA,NA,NA,NA
"34","S64P",0.017068023967429,0.299474815483744,0.457717927186644,NA,NA,NA,NA,NA,NA,NA,NA,NA,NA,NA
"35","S64Q",0.0172013436840609,0.153412736508284,0.369195314642307,NA,NA,NA,NA,NA,NA,NA,NA,NA,NA,NA
"36","S64R",0.0802325867707932,1.3753144142933,0.471016357000959,NA,NA,NA,NA,NA,NA,NA,NA,NA,NA,NA
"37","S64S",0.110225600687664,1.45942629154669,0.291597561097303,NA,NA,NA,NA,NA,NA,NA,NA,NA,NA,NA
"38","S64T",0.0244520100602904,1.72876793651074,0.282934301386217,NA,NA,NA,NA,NA,NA,NA,NA,NA,NA,NA
"39","S64V",0.0130734747066832,0.534190224686893,0.268701386108451,NA,NA,NA,NA,NA,NA,NA,NA,NA,NA,NA
"40","S64W",0.025849581198427,2.24841587827095,0.478277618891658,NA,NA,NA,NA,NA,NA,NA,NA,NA,NA,NA
"41","S64Y",0.0168946864044709,0.149113192737887,0.513592228154157,NA,NA,NA,NA,NA,NA,NA,NA,NA,NA,NA
"42","S64F",0.08272736237395,0.561753794832896,0.561639893490898,NA,NA,NA,NA,NA,NA,NA,NA,NA,NA,NA
"43","F65_",0.0221609844987118,0.283892335591831,0.233130695594273,NA,NA,NA,NA,NA,NA,NA,NA,NA,NA,NA
"44","F65A",0.01398333742892,0.359720949794294,0.381772613383429,NA,NA,NA,NA,NA,NA,NA,NA,NA,NA,NA
"45","F65D",0.0155338310392974,0.433110834231961,0.464586188962308,NA,NA,NA,NA,NA,NA,NA,NA,NA,NA,NA
"46","F65E",0.0278969026156907,0.487119590200278,0.528294615307112,NA,NA,NA,NA,NA,NA,NA,NA,NA,NA,NA
"47","F65F",0.238815328433088,0.317459574173259,0.349442683776448,NA,NA,NA,NA,NA,NA,NA,NA,NA,NA,NA
"48","F65C",0.0568682902200945,0.538634742805098,0.930549852844618,NA,NA,NA,NA,NA,NA,NA,NA,NA,NA,NA
"49","F65H",0.0374707237408444,0.899141915383474,0.643916557950011,NA,NA,NA,NA,NA,NA,NA,NA,NA,NA,NA
"50","F65I",0.0542832483088139,0.745289289637476,0.400228298135481,NA,NA,NA,NA,NA,NA,NA,NA,NA,NA,NA
"51","F65K",0.0249329419760765,0.834948903074709,1.01713447360972,NA,NA,NA,NA,NA,NA,NA,NA,NA,NA,NA
"52","F65L",0.502002532198945,1.35817830236454,0.521212658708678,NA,NA,NA,NA,NA,NA,NA,NA,NA,NA,NA
"53","F65M",0.0133423919512636,0.296679529863276,0.429620946472028,NA,NA,NA,NA,NA,NA,NA,NA,NA,NA,NA
"54","F65N",0.0151015117930505,1.30646031432309,0.216472740874647,NA,NA,NA,NA,NA,NA,NA,NA,NA,NA,NA
"55","F65P",0.0160705473325758,0.634590527391087,0.474645449915149,NA,NA,NA,NA,NA,NA,NA,NA,NA,NA,NA
"56","F65Q",0.0180332839189675,0.314690593860724,0.427468694279694,NA,NA,NA,NA,NA,NA,NA,NA,NA,NA,NA
"57","F65R",0.014395766748135,0.788070585660906,0.192661837296048,NA,NA,NA,NA,NA,NA,NA,NA,NA,NA,NA
"58","F65S",0.158667064531798,0.765856728308945,0.388482578572535,NA,NA,NA,NA,NA,NA,NA,NA,NA,NA,NA
"59","F65T",0.0453748596391249,0.347685579396199,0.463408678271652,NA,NA,NA,NA,NA,NA,NA,NA,NA,NA,NA
"60","F65V",0.0734104845612407,0.751817347049873,0.3870326706372,NA,NA,NA,NA,NA,NA,NA,NA,NA,NA,NA
"61","F65G",0.0132241931527314,0.774261549684708,0.686472299217583,NA,NA,NA,NA,NA,NA,NA,NA,NA,NA,NA
"62","F65Y",0.163731935486216,0.636589086076175,0.547701597856026,NA,NA,NA,NA,NA,NA,NA,NA,NA,NA,NA
"63","F65W",0.0164942878490884,0.186480727983589,0.315137862909667,NA,NA,NA,NA,NA,NA,NA,NA,NA,NA,NA
"64","E66_",0.17213324428121,0.96906745867448,0.829447219529749,0.204195518945572,0.0758422496823355,NA,NA,NA,NA,NA,NA,NA,NA,NA
"65","E66A",0.475022446580607,1.40925379744547,0.693295962530733,NA,NA,NA,NA,NA,NA,NA,NA,NA,NA,NA
"66","E66C",0.0311831608089412,0.564467146595436,0.723472344689003,0.235319896263612,0.0576185211156193,NA,NA,NA,NA,NA,NA,NA,NA,NA
"67","E66E",NA,NA,NA,NA,NA,NA,NA,NA,NA,NA,NA,NA,NA,NA
"68","E66F",0.0527289050487029,0.757710508074599,0.934032554071658,NA,NA,NA,NA,NA,NA,NA,NA,NA,NA,NA
"69","E66G",0.260766503331778,1.08676548890593,0.779225745978391,NA,NA,NA,NA,NA,NA,NA,NA,NA,NA,NA
"70","E66H",0.0171570669723806,0.236718707607723,0.698655015358805,NA,NA,NA,NA,NA,NA,NA,NA,NA,NA,NA
"71","E66I",0.0260644473651872,0.205982259451196,0.664084820260959,NA,NA,NA,NA,NA,NA,NA,NA,NA,NA,NA
"72","E66K",0.236916905823447,1.76103580690404,0.699775178096075,NA,NA,NA,NA,NA,NA,NA,NA,NA,NA,NA
"73","E66L",0.103768494510453,1.02801707304546,0.912809038360153,NA,NA,NA,NA,NA,NA,NA,NA,NA,NA,NA
"74","E66M",0.054202621774123,1.3142774536888,0.790589114723544,NA,NA,NA,NA,NA,NA,NA,NA,NA,NA,NA
"75","E66N",0.080991776686119,0.422068368818049,0.715919041638302,NA,NA,NA,NA,NA,NA,NA,NA,NA,NA,NA
"76","E66P",0.0893015173195731,1.499018325237,0.729485791454004,NA,NA,NA,NA,NA,NA,NA,NA,NA,NA,NA
"77","E66Q",0.15836591622879,1.18832166719718,0.849401527775523,NA,NA,NA,NA,NA,NA,NA,NA,NA,NA,NA
"78","E66R",0.106019471655309,0.709625197407386,0.813504811611716,NA,NA,NA,NA,NA,NA,NA,NA,NA,NA,NA
"79","E66S",0.0373938016486222,0.919930732573602,0.823015316405343,NA,NA,NA,NA,NA,NA,NA,NA,NA,NA,NA
"80","E66T",0.0222993698760875,0.92330903549372,0.777315434988509,NA,NA,NA,NA,NA,NA,NA,NA,NA,NA,NA
"81","E66V",0.185759160189665,1.33068621540836,0.676928547029933,NA,NA,NA,NA,NA,NA,NA,NA,NA,NA,NA
"82","E66W",0.0980026616631972,0.821445138551312,0.947179358533742,NA,NA,NA,NA,NA,NA,NA,NA,NA,NA,NA
"83","E66Y",0.0389559399689267,0.314989397578698,0.759728732559151,NA,NA,NA,NA,NA,NA,NA,NA,NA,NA,NA
"84","E66D",0.208565038474652,0.93144462156132,0.689524343336016,NA,NA,NA,NA,NA,NA,NA,NA,NA,NA,NA
"85","A67A",0.916391451311406,1.12197196801757,1.16850530305457,NA,NA,NA,NA,NA,NA,NA,NA,NA,NA,NA
"86","A67C",0.0292239638635276,0.124517425459947,1.06600726973992,NA,NA,NA,NA,NA,NA,NA,NA,NA,NA,NA
"87","A67D",0.150980800283553,0.890987640163917,1.04138777826231,NA,NA,NA,NA,NA,NA,NA,NA,NA,NA,NA
"88","A67_",0.0656264117556813,0.614926248194135,1.09452473899593,NA,NA,NA,NA,NA,NA,NA,NA,NA,NA,NA
"89","A67F",0.0389323694717306,0.370857158574286,1.05141717466839,NA,NA,NA,NA,NA,NA,NA,NA,NA,NA,NA
"90","A67G",0.649448686595577,0.939017051055283,1.11885730349219,NA,NA,NA,NA,NA,NA,NA,NA,NA,NA,NA
"91","A67H",0.0348608133408326,0.875971435803774,1.00733263979743,NA,NA,NA,NA,NA,NA,NA,NA,NA,NA,NA
"92","A67I",0.0495531364986187,0.300954342957084,1.52558250575548,NA,NA,NA,NA,NA,NA,NA,NA,NA,NA,NA
"93","A67K",0.0540904960460727,1.3146476250527,1.32947271728874,NA,NA,NA,NA,NA,NA,NA,NA,NA,NA,NA
"94","A67L",0.610674834658526,1.206279942987,1.06423174559279,NA,NA,NA,NA,NA,NA,NA,NA,NA,NA,NA
"95","A67M",0.0254074827922127,0.397806550484454,0.914366441852342,NA,NA,NA,NA,NA,NA,NA,NA,NA,NA,NA
"96","A67N",0.0386998185078838,0.72600346022364,0.86509739576849,NA,NA,NA,NA,NA,NA,NA,NA,NA,NA,NA
"97","A67P",0.387778797385514,0.966723570808085,1.10746761201168,NA,NA,NA,NA,NA,NA,NA,NA,NA,NA,NA
"98","A67Q",0.194258022852115,0.797835012033584,1.18905749643505,NA,NA,NA,NA,NA,NA,NA,NA,NA,NA,NA
"99","A67R",0.458001417959266,1.08880846411445,1.2061307652251,NA,NA,NA,NA,NA,NA,NA,NA,NA,NA,NA
"100","A67S",0.496317185315558,0.826453497804397,1.04343145255427,NA,NA,NA,NA,NA,NA,NA,NA,NA,NA,NA
"101","A67E",0.25731794126325,1.21466674124478,1.23535603281601,NA,NA,NA,NA,NA,NA,NA,NA,NA,NA,NA
"102","A67V",0.440803696030484,1.17955360265323,1.17590506496267,NA,NA,NA,NA,NA,NA,NA,NA,NA,NA,NA
"103","A67W",0.0143248986308928,0.719645141327232,1.12506482091139,NA,NA,NA,NA,NA,NA,NA,NA,NA,NA,NA
"104","A67Y",0.0377032991590947,0.817096678985283,1.36383379847576,NA,NA,NA,NA,NA,NA,NA,NA,NA,NA,NA
"105","A67T",0.484890699818332,1.02924080663844,1.05584403020189,NA,NA,NA,NA,NA,NA,NA,NA,NA,NA,NA
"106","V68A",0.152461925906627,1.31304855829217,0.819249750284158,NA,NA,NA,NA,NA,NA,NA,NA,NA,NA,NA
"107","V68C",0.101358321084225,0.454586797831927,0.716747130405551,NA,NA,NA,NA,NA,NA,NA,NA,NA,NA,NA
"108","V68D",0.795853969479326,1.21273897335469,0.726332185672107,NA,NA,NA,NA,NA,NA,NA,NA,NA,NA,NA
"109","V68_",0.0335459331553671,0.874457780123915,0.681466198351906,NA,NA,NA,NA,NA,NA,NA,NA,NA,NA,NA
"110","V68F",0.14383079834751,0.342450972684593,0.594231420118383,NA,NA,NA,NA,NA,NA,NA,NA,NA,NA,NA
"111","V68G",0.0680813852372659,0.861688437338465,0.6472953183794,NA,NA,NA,NA,NA,NA,NA,NA,NA,NA,NA
"112","V68H",0.0429733113303065,0.185901348435286,0.905893596927803,NA,NA,NA,NA,NA,NA,NA,NA,NA,NA,NA
"113","V68I",0.176833475776396,0.536308508228515,0.793091661352202,NA,NA,NA,NA,NA,NA,NA,NA,NA,NA,NA
"114","V68K",0.02300150342865,0.751701126948596,0.976252646669807,NA,NA,NA,NA,NA,NA,NA,NA,NA,NA,NA
"115","V68L",0.26396780869206,0.716282529978963,0.777410186919615,NA,NA,NA,NA,NA,NA,NA,NA,NA,NA,NA
"116","V68M",0.0551418924367058,0.211160867294731,0.508329581420033,NA,NA,NA,NA,NA,NA,NA,NA,NA,NA,NA
"117","V68N",0.0317820825637355,0.798737313230994,0.728704290847336,NA,NA,NA,NA,NA,NA,NA,NA,NA,NA,NA
"118","V68P",0.0261260335226427,1.28849936149277,0.599198941357806,NA,NA,NA,NA,NA,NA,NA,NA,NA,NA,NA
"119","V68Q",0.115106040649938,1.23540066878889,0.738452311326983,NA,NA,NA,NA,NA,NA,NA,NA,NA,NA,NA
"120","V68R",0.324658209575446,1.14809780033937,0.69693436733868,NA,NA,NA,NA,NA,NA,NA,NA,NA,NA,NA
"121","V68S",0.208130670569075,1.35777197128635,0.810523017359444,NA,NA,NA,NA,NA,NA,NA,NA,NA,NA,NA
"122","V68T",0.0161048356608791,0.55200948422857,0.608177602720073,NA,NA,NA,NA,NA,NA,NA,NA,NA,NA,NA
"123","V68V",0.415755615182596,1.31923848801529,0.777420771021957,NA,NA,NA,NA,NA,NA,NA,NA,NA,NA,NA
"124","V68W",0.0135010724748607,0.732565362928702,0.642048701232598,NA,NA,NA,NA,NA,NA,NA,NA,NA,NA,NA
"125","V68Y",0.241824378201191,0.524378090603721,1.0539746953445,NA,NA,NA,NA,NA,NA,NA,NA,NA,NA,NA
"126","V68E",0.0579132244304166,0.888476315813057,0.649633764790763,NA,NA,NA,NA,NA,NA,NA,NA,NA,NA,NA
"127","R69_",0.0356750568866067,0.298410741927833,1.29817963008936,NA,NA,NA,NA,NA,NA,NA,NA,NA,NA,NA
"128","R69A",0.244745203671952,1.03261766503656,3.55882772400793,NA,NA,NA,NA,NA,NA,NA,NA,NA,NA,NA
"129","R69C",1.27627136340363,1.13782815798988,2.30622711864153,NA,NA,NA,NA,NA,NA,NA,NA,NA,NA,NA
"130","R69E",0.012575120714333,0.714302683404621,1.54500010353019,NA,NA,NA,NA,NA,NA,NA,NA,NA,NA,NA
"131","R69F",0.0361280678954688,0.360135384582831,2.60585848692592,NA,NA,NA,NA,NA,NA,NA,NA,NA,NA,NA
"132","R69G",0.269721885477299,0.754339548161091,2.41550084481501,NA,NA,NA,NA,NA,NA,NA,NA,NA,NA,NA
"133","R69D",0.109723504691294,0.674105061531328,1.50374031081089,NA,NA,NA,NA,NA,NA,NA,NA,NA,NA,NA
"134","R69I",0.129360171643652,1.09703173533127,2.70771320057404,NA,NA,NA,NA,NA,NA,NA,NA,NA,NA,NA
"135","R69K",0.129549603927656,1.426914586181,0.969732578722355,NA,NA,NA,NA,NA,NA,NA,NA,NA,NA,NA
"136","R69L",0.381553872171617,0.40683591933423,1.73901751492698,NA,NA,NA,NA,NA,NA,NA,NA,NA,NA,NA
"137","R69M",NA,1.28800951529975,NA,NA,NA,NA,NA,NA,NA,NA,NA,NA,NA,NA
"138","R69N",NA,NA,NA,NA,NA,NA,NA,NA,NA,NA,NA,NA,NA,NA
"139","R69P",0.373404952709742,1.02531493451859,5.00534693343317,NA,NA,NA,NA,NA,NA,NA,NA,NA,NA,NA
"140","R69Q",0.0905771253964209,NA,0.468823178158997,NA,NA,NA,NA,NA,NA,NA,NA,NA,NA,NA
"141","R69R",0.416485510434897,1.13103698323518,2.16213017871522,NA,NA,NA,NA,NA,NA,NA,NA,NA,NA,NA
"142","R69S",0.776356900737243,0.774459494061875,2.0087980661237,NA,NA,NA,NA,NA,NA,NA,NA,NA,NA,NA
"143","R69T",0.0540318276040923,0.239479022271649,0.98009610553154,NA,NA,NA,NA,NA,NA,NA,NA,NA,NA,NA
"144","R69V",0.0833379178707776,0.771953612326547,3.50462120343961,NA,NA,NA,NA,NA,NA,NA,NA,NA,NA,NA
"145","R69W",0.11285122799607,0.53145914069785,6.03315097191349,NA,NA,NA,NA,NA,NA,NA,NA,NA,NA,NA
"146","R69Y",NA,NA,NA,NA,NA,NA,NA,NA,NA,NA,NA,NA,NA,NA
"147","R69H",0.379312601670181,0.900696184440323,2.53310662890439,NA,NA,NA,NA,NA,NA,NA,NA,NA,NA,NA
"148","N70A",0.0224835030522386,NA,0.0210758636279529,NA,NA,-0.347084277,0.451942638,-1.082760502,-0.392475414,0.446761449,-0.863354533,0.745586221,0.44884122,-1.252588468
"149","N70C",0.0260127013560077,NA,0.0963724622883601,NA,NA,-0.176311985,0.456768863,-0.151060557,-0.109084453,0.576606454,-1.05173851,0.822031761,0.530337987,-1.394455593
"150","N70D",0.603438017886385,1.48586901476416,0.3721353505288,NA,NA,0.005755079,0.190309734,-0.450792141,0.105550279,0.168005212,0.047819818,0.204000599,0.154506323,-0.012357663
"151","N70_",NA,NA,NA,NA,NA,NA,NA,NA,NA,NA,NA,NA,NA,NA
"152","N70F",0.0363053511542333,NA,0.134504911162137,NA,NA,-0.154358208,0.129367658,-0.999670406,0.727441968,0.275064586,-0.165951475,-0.01930519,0.406954859,-0.533933379
"153","N70G",0.00673689647290334,NA,0.0249590110765454,NA,NA,-0.407640035,0.375103804,-0.281571045,-0.386860676,0.461424558,-0.905334892,-0.304488635,0.407780493,-1.981181174
"154","N70H",NA,NA,NA,NA,NA,NA,NA,NA,NA,NA,NA,NA,NA,NA
"155","N70I",0.565106592431313,NA,0.169662914791516,NA,NA,0.105497123,0.530415346,-0.188506645,0.343882041,0.458583966,-0.077645224,0.272694851,0.450406642,-0.196849127
"156","N70K",0.788595903943965,0.872613598362168,0.291744392316481,NA,NA,0.417633167,0.626706981,0.390644424,0.395815538,0.586792272,0.263953386,0.408915558,0.612168585,0.209489106
"157","N70L",0.0115410269612138,NA,0.0427574656844183,NA,NA,-0.161417124,0.595860838,-0.73761032,0.221049993,0.60194006,-0.402844687,0.104029324,0.583080448,-0.141498289
"158","N70M",0.0168816453817793,NA,0.0625435132881825,NA,NA,0.282615874,0.624738078,-0.579512689,-0.160053068,0.540924261,-0.398974822,-0.069851455,0.626956712,-1.582226275
"159","N70N",0.628577485041977,1.53061510148752,0.342684206345276,NA,NA,0.09199799,0.505540567,-0.430559378,0.232216694,0.476684514,-0.365133221,0.14898982,0.489466104,-0.353964657
"160","N70P",0.0146571188978677,NA,0.0543020357212742,NA,NA,0.493729002,0.586416407,-0.601464483,-0.248057657,0.471497026,-0.666080825,-0.06702992,0.466314735,-1.643592437
"161","N70Q",0.0374960054396154,NA,0.138916074910418,NA,NA,0.191998956,0.664463472,-0.683468763,0.272630669,0.646531647,-0.408137908,0.174625259,0.558485043,-0.674359387
"162","N70R",0.00640751956636461,NA,0.0237387278360764,NA,NA,-0.469567422,0.268369745,-0.852009416,-0.021072877,0.251508932,-0.353093356,-0.163685344,0.263407608,-1.408091841
"163","N70S",0.395429953420609,0.982592256622591,0.703403219852779,NA,NA,-0.814614685,-0.163406452,-1.34122964,-0.7145513,-0.125885874,-1.222463252,-0.207128505,-0.146326483,-0.434559908
"164","N70E",0.0400292627291384,NA,0.0717359526198064,NA,NA,-0.097881213,0.535863174,-0.457878032,0.233190768,0.570000934,-0.416207755,0.449754869,0.555969047,-1.190305456
"165","N70V",0.00968142697446222,NA,0.0358679763099032,NA,NA,-0.315892985,0.351395034,-0.847422111,0.660109754,0.332516274,-0.715841295,0.597108137,0.38451491,-1.450861398
"166","N70W",0.0125677004049684,NA,0.0438560873637342,NA,NA,-0.360026642,0.39107083,-1.486378665,-0.349458351,0.345474256,-1.301094541,-0.350916285,0.316010079,-1.736378665
"167","N70Y",0.356354930613427,NA,0.228892188972604,NA,NA,0.10475164,0.550814468,-0.562295332,0.350630026,0.437274212,-0.518319949,0.268166438,0.406564385,-0.317090564
"168","N70T",0.128831452654014,NA,0.0702428989489026,NA,NA,-0.02130598,0.325341303,-0.880191138,-0.244211042,0.461546351,-0.913583973,0.010351586,0.25685533,-0.248249517
"169","I71_",0.16257796850749,0.251944104713513,1.56167635998524,NA,NA,NA,NA,NA,NA,NA,NA,NA,NA,NA
"170","I71A",0.0268337317501423,0.725756600429754,1.41942028415179,NA,NA,NA,NA,NA,NA,NA,NA,NA,NA,NA
"171","I71D",0.0254018756772055,0.416361784211041,1.77797547050198,NA,NA,NA,NA,NA,NA,NA,NA,NA,NA,NA
"172","I71E",0.0970972830966142,1.10078024828736,1.59810893716354,NA,NA,NA,NA,NA,NA,NA,NA,NA,NA,NA
"173","I71F",0.349761642135627,0.534416341661986,1.36333260774926,NA,NA,NA,NA,NA,NA,NA,NA,NA,NA,NA
"174","I71G",0.0501644847531489,1.1648405170578,1.48719482891188,NA,NA,NA,NA,NA,NA,NA,NA,NA,NA,NA
"175","I71H",0.021747892316323,0.613112931909957,0.895342790490103,NA,NA,NA,NA,NA,NA,NA,NA,NA,NA,NA
"176","I71I",0.458209957062908,1.05789797229421,1.1358655408569,NA,NA,NA,NA,NA,NA,NA,NA,NA,NA,NA
"177","I71K",0.0517088478335542,0.558559165222889,0.737799124684441,NA,NA,NA,NA,NA,NA,NA,NA,NA,NA,NA
"178","I71L",0.0287925227276574,1.06857919070607,1.4720943721919,NA,NA,NA,NA,NA,NA,NA,NA,NA,NA,NA
"179","I71M",0.196767381036361,0.660728659176114,0.560780197894154,NA,NA,NA,NA,NA,NA,NA,NA,NA,NA,NA
"180","I71N",0.357438644078809,1.17807035579648,1.4638363530223,NA,NA,NA,NA,NA,NA,NA,NA,NA,NA,NA
"181","I71P",0.0164027995997196,0.477414273254717,1.86015402818871,NA,NA,NA,NA,NA,NA,NA,NA,NA,NA,NA
"182","I71Q",0.0382733040560703,0.452746047596678,0.713303617426998,NA,NA,NA,NA,NA,NA,NA,NA,NA,NA,NA
"183","I71C",0.0326762594556686,0.684490407780578,2.12283113197487,NA,NA,NA,NA,NA,NA,NA,NA,NA,NA,NA
"184","I71S",0.0711026286117748,1.39357368343919,0.612281572890389,NA,NA,NA,NA,NA,NA,NA,NA,NA,NA,NA
"185","I71T",0.61903526185656,1.40531523825152,1.49531659964432,NA,NA,NA,NA,NA,NA,NA,NA,NA,NA,NA
"186","I71V",0.456521196795803,1.2224998958099,1.24043565282092,NA,NA,NA,NA,NA,NA,NA,NA,NA,NA,NA
"187","I71W",0.0212388986191593,0.38171419555892,0.286916587038161,NA,NA,NA,NA,NA,NA,NA,NA,NA,NA,NA
"188","I71Y",0.0603832074250413,0.267716548501669,1.0319724484688,NA,NA,NA,NA,NA,NA,NA,NA,NA,NA,NA
"189","I71R",0.0133656844457797,1.29726582243515,1.52264832407185,NA,NA,NA,NA,NA,NA,NA,NA,NA,NA,NA
"190","H72_",0.380906707003743,1.66084275179069,0.966824828691384,NA,NA,NA,NA,NA,NA,NA,NA,NA,NA,NA
"191","H72A",0.0460016116173322,0.59478571163157,0.76092535941291,NA,NA,NA,NA,NA,NA,NA,NA,NA,NA,NA
"192","H72D",0.199443561055328,1.68013878700252,0.923594187417415,NA,NA,NA,NA,NA,NA,NA,NA,NA,NA,NA
"193","H72E",0.153278158341198,0.972392549808623,0.865322835811373,NA,NA,NA,NA,NA,NA,NA,NA,NA,NA,NA
"194","H72F",0.0954251689302377,1.21691728938013,1.03595502518183,NA,NA,NA,NA,NA,NA,NA,NA,NA,NA,NA
"195","H72C",0.119975605308252,0.451197906521068,1.0988987056288,NA,NA,NA,NA,NA,NA,NA,NA,NA,NA,NA
"196","H72H",0.415074646586574,1.17005846017495,0.945113278679986,NA,NA,NA,NA,NA,NA,NA,NA,NA,NA,NA
"197","H72I",0.0266787395543946,1.16254180940402,0.98264565051591,NA,NA,NA,NA,NA,NA,NA,NA,NA,NA,NA
"198","H72K",0.155110395639418,0.337738950391501,1.21100178056756,NA,NA,NA,NA,NA,NA,NA,NA,NA,NA,NA
"199","H72G",0.055131347554151,0.415749952373024,0.913006070947724,NA,NA,NA,NA,NA,NA,NA,NA,NA,NA,NA
"200","H72M",0.0230675332441407,0.536713920630883,0.94502950781248,NA,NA,NA,NA,NA,NA,NA,NA,NA,NA,NA
"201","H72N",0.44584160367717,1.15517248516424,1.07938519354001,NA,NA,NA,NA,NA,NA,NA,NA,NA,NA,NA
"202","H72P",0.197901113334965,0.881590746335651,0.837019956218213,NA,NA,NA,NA,NA,NA,NA,NA,NA,NA,NA
"203","H72Q",0.292027474738725,0.730534522910999,0.999628372996231,NA,NA,NA,NA,NA,NA,NA,NA,NA,NA,NA
"204","H72R",0.300540629577579,0.711504275469758,0.812972010098707,NA,NA,NA,NA,NA,NA,NA,NA,NA,NA,NA
"205","H72S",0.095151271231273,0.754262729435753,0.913687727613462,NA,NA,NA,NA,NA,NA,NA,NA,NA,NA,NA
"206","H72T",0.0505887308459617,0.535916772285507,0.831952476109618,NA,NA,NA,NA,NA,NA,NA,NA,NA,NA,NA
"207","H72V",0.0809567968608352,0.823430698671986,0.91393843221666,NA,NA,NA,NA,NA,NA,NA,NA,NA,NA,NA
"208","H72W",0.0495162176118567,0.355202150235103,0.919671612002717,NA,NA,NA,NA,NA,NA,NA,NA,NA,NA,NA
"209","H72Y",0.612151079924526,0.776475297118657,1.08091076869221,NA,NA,NA,NA,NA,NA,NA,NA,NA,NA,NA
"210","H72L",0.620218573557838,1.01013267590727,0.980600217184436,NA,NA,NA,NA,NA,NA,NA,NA,NA,NA,NA
"211","K73_",0.233383936497017,1.56141232878156,1.99690276305265,NA,NA,NA,NA,NA,NA,NA,NA,NA,NA,NA
"212","K73C",0.0399861729646676,1.07940254111731,1.79668912223205,NA,NA,NA,NA,NA,NA,NA,NA,NA,NA,NA
"213","K73D",0.197210894060918,1.05872065873116,1.62738706814354,NA,NA,NA,NA,NA,NA,NA,NA,NA,NA,NA
"214","K73E",0.313974496871738,1.28332882246174,2.27308442196996,NA,NA,NA,NA,NA,NA,NA,NA,NA,NA,NA
"215","K73A",0.0575603040610909,1.0281087448361,1.73980420362661,NA,NA,NA,NA,NA,NA,NA,NA,NA,NA,NA
"216","K73G",0.0876788970281822,0.847649997219766,1.87799290712565,NA,NA,NA,NA,NA,NA,NA,NA,NA,NA,NA
"217","K73H",0.0446326598017015,0.741557385720747,1.92717485576935,NA,NA,NA,NA,NA,NA,NA,NA,NA,NA,NA
"218","K73I",0.274041057840416,0.853932799464342,2.04471341111993,NA,NA,NA,NA,NA,NA,NA,NA,NA,NA,NA
"219","K73F",0.085305210307034,1.08859621137369,3.15683738096615,NA,NA,NA,NA,NA,NA,NA,NA,NA,NA,NA
"220","K73L",0.2667915997461,0.858848975175035,1.85430342784196,NA,NA,NA,NA,NA,NA,NA,NA,NA,NA,NA
"221","K73M",0.0650145668441225,0.85704563523936,1.90297112115756,NA,NA,NA,NA,NA,NA,NA,NA,NA,NA,NA
"222","K73N",0.225627151176166,1.45304660005602,1.76252498426267,NA,NA,NA,NA,NA,NA,NA,NA,NA,NA,NA
"223","K73P",0.209039757677009,0.54888158346875,1.53905627533812,NA,NA,NA,NA,NA,NA,NA,NA,NA,NA,NA
"224","K73Q",0.154395817703536,0.431202198792551,1.56084895421286,NA,NA,NA,NA,NA,NA,NA,NA,NA,NA,NA
"225","K73R",0.430344835143056,0.793915752207898,1.59905458508269,NA,NA,NA,NA,NA,NA,NA,NA,NA,NA,NA
"226","K73S",0.148851294711993,0.885196517688663,2.20047677777684,NA,NA,NA,NA,NA,NA,NA,NA,NA,NA,NA
"227","K73T",0.202864246223937,1.52741895377751,0.959890128632975,NA,NA,NA,NA,NA,NA,NA,NA,NA,NA,NA
"228","K73V",0.0733469698164572,0.948704876288013,2.10968784199318,NA,NA,NA,NA,NA,NA,NA,NA,NA,NA,NA
"229","K73W",0.0334172165261203,1.17455295658764,1.72648314712559,NA,NA,NA,NA,NA,NA,NA,NA,NA,NA,NA
"230","K73Y",0.0437048676568715,0.614912669424234,2.13308673679962,NA,NA,NA,NA,NA,NA,NA,NA,NA,NA,NA
"231","K73K",0.578188807054562,0.85782126444713,2.15149869871596,NA,NA,NA,NA,NA,NA,NA,NA,NA,NA,NA
"232","L74_",0.177030323895615,0.495313164770207,0.928171976010568,NA,NA,NA,NA,NA,NA,NA,NA,NA,NA,NA
"233","L74A",0.0459430042346127,0.947224461379009,0.899658938172273,NA,NA,NA,NA,NA,NA,NA,NA,NA,NA,NA
"234","L74C",0.0219667473401011,1.01870569497396,1.02951044014589,NA,NA,NA,NA,NA,NA,NA,NA,NA,NA,NA
"235","L74E",0.224241115979797,1.00243547656704,0.808497979809428,NA,NA,NA,NA,NA,NA,NA,NA,NA,NA,NA
"236","L74F",0.680846227172548,0.353484906794961,1.1853619978843,NA,NA,NA,NA,NA,NA,NA,NA,NA,NA,NA
"237","L74G",0.166601795749225,0.91723502185045,0.898930258890663,NA,NA,NA,NA,NA,NA,NA,NA,NA,NA,NA
"238","L74D",0.0814901445250921,1.5180738316457,1.00752097303958,NA,NA,NA,NA,NA,NA,NA,NA,NA,NA,NA
"239","L74I",0.337178341479916,0.913482853290749,1.01451687227331,NA,NA,NA,NA,NA,NA,NA,NA,NA,NA,NA
"240","L74K",0.107446616492925,0.805414010831844,0.881273916697997,NA,NA,NA,NA,NA,NA,NA,NA,NA,NA,NA
"241","L74L",0.472484006905657,0.987457363960006,1.07922493684475,NA,NA,NA,NA,NA,NA,NA,NA,NA,NA,NA
"242","L74M",0.510478411511066,1.10767245405739,0.874638470014796,NA,NA,NA,NA,NA,NA,NA,NA,NA,NA,NA
"243","L74N",0.072049308042599,0.721754075422643,1.04705350677399,NA,NA,NA,NA,NA,NA,NA,NA,NA,NA,NA
"244","L74P",0.395158280916478,1.14431793779718,0.874982498027989,0.0525249395343782,0.0303124647814761,NA,NA,NA,NA,NA,NA,NA,NA,NA
"245","L74Q",0.333795548794846,1.67748087471824,0.88190980886109,NA,NA,NA,NA,NA,NA,NA,NA,NA,NA,NA
"246","L74R",0.245157884975502,1.0196251801368,0.838297898479238,NA,NA,NA,NA,NA,NA,NA,NA,NA,NA,NA
"247","L74S",0.0205685163529611,0.981431176826502,1.00826830752238,NA,NA,NA,NA,NA,NA,NA,NA,NA,NA,NA
"248","L74T",0.0472478730796282,0.512418756866896,0.839828565791259,NA,NA,NA,NA,NA,NA,NA,NA,NA,NA,NA
"249","L74V",0.330194982245017,0.771674612156795,0.866336844401554,NA,NA,NA,NA,NA,NA,NA,NA,NA,NA,NA
"250","L74W",0.0380073544431661,0.309297068003846,0.762247085043547,NA,NA,NA,NA,NA,NA,NA,NA,NA,NA,NA
"251","L74H",0.0825943421400706,0.695456933481509,0.801427617098743,NA,NA,NA,NA,NA,NA,NA,NA,NA,NA,NA
"252","L74Y",0.045831836985024,0.482181065471809,1.04041761143483,NA,NA,NA,NA,NA,NA,NA,NA,NA,NA,NA
"253","M75_",0.289695795061816,1.09890379304135,3.59805079959351,NA,NA,0.927309515,0.875408783,0.070868738,0.384343022,0.827660847,0.541647643,0.370194227,0.87498929,0.080426887
"254","M75A",0.0647291886614879,0.517053871511958,2.6781605938448,NA,NA,0.510976582,0.616319607,-0.601719161,0.472662817,0.587493736,-0.473030069,-0.065544159,0.640151665,-0.855464899
"255","M75D",0.126813873627973,0.52477797450783,5.24321782294438,NA,NA,1.155167708,0.939080895,-0.549849545,0.891711442,0.75915298,-0.049582521,1.050715101,0.919343394,-0.575641352
"256","M75E",0.020209155554379,0.641654360450223,3.09578703396061,NA,NA,0.872049532,0.732838289,-0.759508505,-0.00147427,0.758655758,0.483437931,-0.017041823,0.71174147,0.001329108
"257","M75F",0.0566154527207848,0.155911487898502,2.56806587137674,NA,NA,0.197631902,0.651258216,0.04922771,0.218324662,0.613605453,-0.358090169,0.345557164,0.632460673,-0.058934038
"258","M75C",0.0201466163927749,0.476263920976626,2.52886750283974,NA,NA,-0.016142322,0.61215897,-0.865633032,0.361681888,0.662694619,-0.344566958,0.063530061,0.684964878,-0.656532472
"259","M75H",0.0374252837005213,0.260910096083504,1.98525649899912,NA,NA,0.111698686,0.588857867,-0.313558363,-0.075452592,0.566892873,-1.06129889,0.033365463,0.523110707,-1.208473329
"260","M75I",0.419379171466279,1.00534992878483,2.11347996520691,NA,NA,0.466605273,0.645455002,0.334604806,0.48366599,0.681039589,0.427107834,0.53696443,0.705143549,0.713801622
"261","M75K",2.24954606235532,1.33369329696904,4.23501772575904,NA,NA,0.587265186,0.969629349,0.532758885,0.521923066,0.972318581,0.555077758,1.034676043,0.941451629,0.571958768
"262","M75G",0.248283689031252,0.642772802349651,3.23257268436733,NA,NA,0.949106553,0.586746098,-0.937503962,0.465666498,0.572112941,-0.998940611,0.71859457,0.582947762,-0.248073144
"263","M75M",NA,NA,NA,NA,NA,NA,NA,NA,NA,NA,NA,NA,NA,NA
"264","M75N",0.0475269796115848,0.642621205841886,4.944752686945,NA,NA,0.29073886,0.912627174,0.174184042,0.90237353,0.923264605,-0.920224459,0.648776965,0.931765404,-0.500843842
"265","M75P",0.387494099661349,0.423144612626961,2.72431078399555,NA,NA,-0.070596494,0.687806155,1.470451604,-0.193681189,0.615938707,-0.235498169,0.567211099,0.678762028,-0.49060412
"266","M75Q",0.0468784616932055,1.20263472501438,1.86500908877825,NA,NA,0.687240043,0.490494354,-0.556168362,-0.201316952,0.539079274,0.369443255,-0.012423616,0.497862178,-0.446088156
"267","M75R",0.286475395396177,0.875444884648982,2.84424045270144,NA,NA,0.729228469,0.669797878,0.679135732,0.285756511,0.71810335,0.314715301,0.823933938,0.70163945,0.25206101
"268","M75S",0.162415584449976,0.926524795181128,2.7054780600514,NA,NA,0.250759664,0.708803495,0.314806827,0.523558013,0.724047285,1.089124635,0.656710248,0.721462832,0.067080093
"269","M75T",0.39158832153869,0.750461371085954,2.55833778780851,NA,NA,0.130058996,0.674974858,0.385784785,0.207397038,0.697786461,0.267558463,0.228463681,0.678759533,-0.028517648
"270","M75V",1.36040646787863,0.977977237206672,2.06010849427515,NA,NA,0.561183422,0.622344433,0.114534099,0.291371991,0.622308916,-0.324756096,0.709504509,0.646126817,-0.24320829
"271","M75W",0.056186010517818,0.511155453103764,3.41630638483278,NA,NA,0.832519421,0.743661525,-0.12775987,0.915275041,0.808763996,0.168615767,0.5781943,0.789900436,0.041082486
"272","M75Y",0.0261558164146582,0.623361107321241,2.73869844467445,NA,NA,0.379845129,0.664384242,-0.003538221,0.200642463,0.685876673,-0.738013044,0.974554084,0.721410152,-1.107132398
"273","M75L",0.608280242646254,0.898435707322157,2.76448592873571,NA,NA,0.657450124,0.693825326,0.110531517,0.679276932,0.670972527,0.443767179,0.417820026,0.666052613,0.353033822
"274","D76_",0.00687931201225026,0.474682013501247,0.231121289011946,0.00800062122820417,0.000619194157185531,NA,NA,NA,NA,NA,NA,NA,NA,NA
"275","D76A",0.0394132183833815,1.13163230092314,0.324440387124526,NA,NA,NA,NA,NA,NA,NA,NA,NA,NA,NA
"276","D76C",0.00610204255231824,0.0677501876136124,0.344964142672998,NA,NA,NA,NA,NA,NA,NA,NA,NA,NA,NA
"277","D76E",0.0780637958361984,0.267230096621477,0.495440755501375,NA,NA,NA,NA,NA,NA,NA,NA,NA,NA,NA
"278","D76F",0.0302807560922452,0.506135972423418,0.281777358663961,NA,NA,NA,NA,NA,NA,NA,NA,NA,NA,NA
"279","D76G",0.14490497740625,0.508044791130841,0.334778932725824,NA,NA,NA,NA,NA,NA,NA,NA,NA,NA,NA
"280","D76H",0.352913256374407,0.974750565413538,0.637959370749511,NA,NA,NA,NA,NA,NA,NA,NA,NA,NA,NA
"281","D76I",0.00522078860744484,0.157087344087646,0.244433519523382,NA,NA,NA,NA,NA,NA,NA,NA,NA,NA,NA
"282","D76K",0.00812601402814104,0.394304062795503,0.372749919610688,NA,NA,NA,NA,NA,NA,NA,NA,NA,NA,NA
"283","D76L",0.00974658260612197,0.304011540556651,0.4035806269821,NA,NA,NA,NA,NA,NA,NA,NA,NA,NA,NA
"284","D76M",0.00664158420542192,0.0488296266276363,0.555795754447299,NA,NA,NA,NA,NA,NA,NA,NA,NA,NA,NA
"285","D76N",0.0778277390542263,0.350385610568314,0.408261548344273,NA,NA,NA,NA,NA,NA,NA,NA,NA,NA,NA
"286","D76P",0.0276166414177329,0.376806623408276,0.356449623548561,NA,NA,NA,NA,NA,NA,NA,NA,NA,NA,NA
"287","D76Q",0.0150583582186173,0.407243471271979,0.182540234839999,NA,NA,NA,NA,NA,NA,NA,NA,NA,NA,NA
"288","D76R",0.00342562775858036,0.166855361021759,0.309207845060333,NA,NA,NA,NA,NA,NA,NA,NA,NA,NA,NA
"289","D76D",0.408753711625752,0.770539932034282,0.571545278986639,NA,NA,NA,NA,NA,NA,NA,NA,NA,NA,NA
"290","D76T",0.00699491477987372,0.16309391022435,0.432312505216052,NA,NA,NA,NA,NA,NA,NA,NA,NA,NA,NA
"291","D76V",0.157351203204746,0.513258616380784,0.332383388547867,NA,NA,NA,NA,NA,NA,NA,NA,NA,NA,NA
"292","D76W",0.00730528604087108,0.109979804310433,0.295234732592853,NA,NA,NA,NA,NA,NA,NA,NA,NA,NA,NA
"293","D76Y",0.128501598618024,0.930174758487988,0.545119680724824,NA,NA,NA,NA,NA,NA,NA,NA,NA,NA,NA
"294","D76S",0.0066701138127265,0.28801563100968,0.414861784238328,NA,NA,NA,NA,NA,NA,NA,NA,NA,NA,NA
"295","D77A",0.943671251302883,1.13436295288159,2.46413449740854,NA,NA,0.37698695,0.45578987,-0.249427947,0.613000012,0.461369896,-0.150515007,0.442517253,0.455707454,-0.211817299
"296","D77C",0.163243942582162,0.813779848419304,2.49221200250667,NA,NA,0.847959281,0.610067862,-0.404429562,0.36251348,0.61550374,-0.382013495,-0.001279938,0.582804772,-0.984719798
"297","D77D",1.28369734319451,1.7446755477419,0.985706449395675,NA,NA,-0.080458456,-0.052611052,-0.118807362,-0.051036612,-0.057537518,-0.112859888,-0.126247764,0.070092817,-0.099343841
"298","D77_",0.174158125549808,0.44282139672925,2.70447668759286,NA,NA,0.270486882,0.449690475,-0.069682661,0.21638876,0.495449082,-0.542572729,-0.034548226,0.603211379,-0.351939981
"299","D77F",0.0644724531911702,0.969635052450012,2.27821668982204,NA,NA,0.293265642,0.547500332,-0.297560296,0.260302009,0.58852758,-0.533561969,0.04462356,0.537969569,0.370146704
"300","D77G",1.24958779555993,0.941967769251886,2.23342276194956,NA,NA,0.448198531,0.380582417,-0.369561128,0.284853813,0.365817009,-0.125916563,0.208615313,0.376794911,-0.980756522
"301","D77H",0.341867094441945,0.702269790661965,1.90206142901479,NA,NA,-0.026438951,0.395893922,-0.560627381,-0.165831552,0.326171755,-0.324132317,-0.052006205,0.359028032,-0.378920245
"302","D77E",0.628570619815289,1.02615939672245,1.98035907389442,NA,NA,0.103344845,0.446825738,-0.198181626,0.379129699,0.460192948,-0.441677567,0.041357014,0.474520783,-0.112902806
"303","D77K",NA,0.610246025499737,NA,NA,NA,NA,NA,NA,NA,NA,NA,NA,NA,NA
"304","D77L",0.142915133829872,0.367857263438962,2.18736401043777,NA,NA,-0.139752859,0.413428281,-0.399489428,-0.029044553,0.426073026,-0.428642898,0.232729935,0.459720786,-0.542540754
"305","D77M",0.139797112374022,0.298912862310346,2.88886479575151,0.14927703373547,0.0231877431109492,0.120981572,0.490233555,-0.616631549,-0.130229735,0.653741122,-0.874422004,0.285000456,0.596335822,-0.928293414
"306","D77N",0.606692985239239,1.5904911486544,0.416395951285956,NA,NA,-0.405590415,-0.366415355,-0.615692916,-0.339994303,-0.023172985,-0.468990929,-0.502192229,-0.078704664,-0.466448378
"307","D77P",0.0893329385943003,0.531600330645308,2.72157773076992,NA,NA,0.716182548,0.417294804,-0.885594969,-0.339255757,0.406229407,-0.799532713,0.597432117,0.425995677,-1.86107171
"308","D77Q",0.0735906876841716,0.598600265030416,2.80708057766622,NA,NA,0.402504325,0.512866048,-0.152177093,-0.266388646,0.428242436,-0.05974693,0.057527317,0.510314055,-0.085123473
"309","D77R",0.212333377402755,0.976751524140269,1.49954146279239,NA,NA,0.081684877,0.203831984,-0.836645565,-0.436694623,0.22698336,-0.928969817,0.282734373,0.24146,-1.278106988
"310","D77S",0.381567273312567,1.31973400840887,1.97847623904848,NA,NA,0.11059573,0.421220592,-0.372861992,0.520200219,0.500267841,-0.237933465,0.280673757,0.454398682,0.045614061
"311","D77T",0.13552906413391,0.837257881761444,2.35360805435984,NA,NA,0.366515668,0.423650849,-1.464464668,-0.346723561,0.398924353,-0.419726908,-0.104389753,0.354222033,-0.037311746
"312","D77V",0.800571017208687,1.04308703489229,2.0941903802654,NA,NA,0.411216955,0.514278302,0.292284916,0.609439434,0.502535082,0.027800976,0.192751107,0.528941921,0.976284266
"313","D77W",0.3608103821698,0.770794495013209,2.8953879857904,NA,NA,0.221885993,0.471649582,0.005476142,0.549324368,0.521877367,0.00521002,0.04574247,0.482232735,-1.149483407
"314","D77Y",0.450350430805526,1.13213969039271,2.31543422711938,NA,NA,0.731596967,0.837727398,0.771588228,1.014709467,0.830686253,0.656644368,0.724902473,0.859949143,0.835549606
"315","D77I",0.135158215591073,0.476755248813907,2.0660853457282,NA,NA,0.639059708,0.493869431,-1.00142987,0.291231481,0.554012571,-0.321446908,0.152267721,0.509926459,-0.026787229
"316","D78_",0.0102500141146253,0.597999103415088,0.182205192446956,NA,NA,-0.483882079,-0.175626189,-1.364190987,-0.794527947,-0.067042145,-1.082051609,0.287469114,-0.26553499,-1.375497212
"317","D78C",0.0274437618120347,0.705683771847799,0.0908227303725899,NA,NA,-0.556885161,-0.013001776,-0.744892953,-0.608084328,-0.066060341,-0.78063974,-0.181758197,-0.148553332,-0.948104479
"318","D78D",0.950311234696828,1.7040201470045,0.669655665035361,NA,NA,-0.2171877,-0.132867705,-0.256023366,-0.225522287,-0.184312786,-0.236328339,-0.224305477,-0.210759648,-0.247856342
"319","D78E",0.082734110654336,0.777129568120574,0.231316432481637,NA,NA,-0.036323281,-0.110136527,-0.835940572,-0.448827099,-0.068618486,-0.669863054,-0.45634022,-0.099812292,-0.891303053
"320","D78F",0.0142690620473651,NA,0.0697903446913088,NA,NA,-0.523045113,-0.30120281,-0.225090315,-0.431228238,-0.193065518,-0.588635204,-0.479316696,-0.061725722,0.224116539
"321","D78G",0.0404031357871418,0.309747341816427,0.203623314529188,NA,NA,-0.264139043,-0.184885736,-0.629954215,-0.799672791,-0.164393572,-0.70323109,-0.772177767,-0.176461735,-1.724019585
"322","D78H",0.195006644905074,0.636767126474972,0.648738325443484,NA,NA,0.316197558,0.356119373,0.143270988,0.69696763,0.377586656,-0.4097411,0.015347861,0.357786196,-0.368566975
"323","D78I",0.00818616624556309,0.108329183746315,0.262088629353279,NA,NA,-0.653162389,0.040938536,-0.941875804,-0.655224153,-0.089778979,-0.966190799,-0.698437577,0.008972305,-1.727977185
"324","D78K",0.0191180744364971,0.246376021757629,0.211426436334536,NA,NA,-0.346377069,-0.041869561,-1.090335346,-0.635102127,0.010216148,-1.045757028,-0.383523977,-0.015264143,-1.172711446
"325","D78L",0.0111721941603602,0.157694929838222,0.282790959959552,NA,NA,-0.297307134,0.046872604,-0.412774365,-0.387772837,0.006883679,-0.589396022,-0.267641893,0.105288626,-0.874444159
"326","D78M",0.0239553191564806,0.451467648189246,0.21175113339259,NA,NA,-0.527380156,-0.227850224,-0.506389779,-0.517221101,0.055482759,-1.021348712,-0.506079005,-0.168763682,-1.235266347
"327","D78N",0.105874341289917,1.20070927786846,0.227758763626798,NA,NA,-0.524594485,-0.109351223,-0.661108967,-0.454536462,-0.084378232,-0.82298849,-0.566476684,-0.067446129,-0.624237348
"328","D78P",0.00807484098376932,0.3349235632878,0.12820789996702,NA,NA,-0.879194031,-0.267076952,-1.033352073,-0.834939476,-0.507563687,-1.320459568,-0.707022105,-0.272073106,-1.194119316
"329","D78A",0.0427053600099944,1.28989267378545,0.278908804383616,NA,NA,-0.651232053,-0.114650596,-1.146644043,-0.735175627,-0.200120619,-1.124837021,-0.653073018,-0.173519979,-1.708493349
"330","D78R",0.00360112191214007,0.0930909100355319,0.218929242078924,NA,NA,-0.103793075,-0.083352549,-0.790074025,-0.955875426,-0.13412312,-0.2526238,-0.087212403,-0.098192814,-1.700452441
"331","D78S",0.0144907588259234,0.106211554081437,0.183006316679775,NA,NA,-0.199864326,-0.076003371,-0.667579901,-0.426858113,-0.092449958,-1.451462579,-0.171531247,-0.061600621,-1.341414914
"332","D78T",0.00649011268211873,0.174579735655094,0.12626112253051,NA,NA,0.072428184,-0.247090128,-1.03590873,-0.103229144,-0.144888544,-1.732487195,0.189038109,-0.209933522,-1.197581089
"333","D78V",0.0749864795516567,0.836576106625262,0.129155393352693,NA,NA,-0.304155226,-0.162323048,0.435391283,-0.401676437,-0.074128295,-0.451742575,-0.406980484,-0.167761273,-0.490269609
"334","D78W",0.00328672158740953,0.187775976582969,0.220972175648848,NA,NA,-0.679115378,-0.07360355,-1.802441971,-0.839010126,-0.16189711,-1.339167302,0.064745002,-0.137302389,-1.494345233
"335","D78Y",0.160484767719933,0.492666031894479,0.410104482098567,NA,NA,0.352448986,0.501464883,0.431373727,0.535901889,0.523681807,0.282836351,0.371436865,0.502114435,0.333861132
"336","D78Q",0.011543882804131,0.285444332336864,0.247561890006574,NA,NA,-0.756986552,-0.114147444,-1.159327895,-0.715292891,-0.20208712,-1.440629409,-0.831476613,-0.224015315,-1.151605611
"337","A79_",0.662562706236828,0.852253401465807,1.07797419871916,NA,NA,NA,NA,NA,NA,NA,NA,NA,NA,NA
"338","A79C",0.284829338216575,1.1237179636055,1.12689743137988,NA,NA,NA,NA,NA,NA,NA,NA,NA,NA,NA
"339","A79D",1.00068607542938,1.41376340401428,0.949446110610996,NA,NA,NA,NA,NA,NA,NA,NA,NA,NA,NA
"340","A79E",0.590532296216789,0.582680600542363,1.07408456717078,NA,NA,NA,NA,NA,NA,NA,NA,NA,NA,NA
"341","A79A",1.30259845685173,1.03500079697001,0.947166450738541,NA,NA,NA,NA,NA,NA,NA,NA,NA,NA,NA
"342","A79G",0.662098008372446,1.2126952872874,0.975342236046812,NA,NA,NA,NA,NA,NA,NA,NA,NA,NA,NA
"343","A79H",0.137888031073994,0.93662044679078,1.06158922394099,NA,NA,NA,NA,NA,NA,NA,NA,NA,NA,NA
"344","A79I",0.228113489902673,0.999682621517191,1.15323843185664,NA,NA,NA,NA,NA,NA,NA,NA,NA,NA,NA
"345","A79F",0.551552383644281,0.991602322150695,1.22392899834914,NA,NA,NA,NA,NA,NA,NA,NA,NA,NA,NA
"346","A79L",0.522084614981741,1.02336091527853,0.989171356284722,NA,NA,NA,NA,NA,NA,NA,NA,NA,NA,NA
"347","A79M",0.122473968777903,1.02890479542002,0.883229924970198,NA,NA,NA,NA,NA,NA,NA,NA,NA,NA,NA
"348","A79N",0.0952815539817615,0.743681692877413,1.19613537585872,NA,NA,NA,NA,NA,NA,NA,NA,NA,NA,NA
"349","A79P",0.192658039283544,0.542399408292984,0.998942377555584,NA,NA,NA,NA,NA,NA,NA,NA,NA,NA,NA
"350","A79Q",0.186619855478672,0.660872581191102,0.897237639696233,NA,NA,NA,NA,NA,NA,NA,NA,NA,NA,NA
"351","A79R",0.318791334269889,1.01151439387803,0.876665419571204,NA,NA,NA,NA,NA,NA,NA,NA,NA,NA,NA
"352","A79S",1.36032606531838,1.14440607392254,0.976031099620812,NA,NA,NA,NA,NA,NA,NA,NA,NA,NA,NA
"353","A79T",0.677331611421752,0.971157363341584,0.94216300336002,NA,NA,NA,NA,NA,NA,NA,NA,NA,NA,NA
"354","A79V",0.789177025654686,0.90137075239278,1.0168764789144,NA,NA,NA,NA,NA,NA,NA,NA,NA,NA,NA
"355","A79W",0.0537008056507849,0.677874291009315,1.02315176001314,NA,NA,NA,NA,NA,NA,NA,NA,NA,NA,NA
"356","A79Y",0.433704468306024,0.494814139787274,1.07953469384035,NA,NA,NA,NA,NA,NA,NA,NA,NA,NA,NA
"357","A79K",0.191758175517056,0.370231581326762,1.1292528139249,NA,NA,NA,NA,NA,NA,NA,NA,NA,NA,NA
"358","N80_",0.121283824403893,1.25763507421552,1.81020656107244,NA,NA,NA,NA,NA,NA,NA,NA,NA,NA,NA
"359","N80C",0.0898189693396345,0.582829587363588,1.60566812341222,NA,NA,NA,NA,NA,NA,NA,NA,NA,NA,NA
"360","N80D",0.394777116177461,0.96266518951574,1.73200329026196,NA,NA,NA,NA,NA,NA,NA,NA,NA,NA,NA
"361","N80E",0.0332347310751914,0.511799781512525,1.71082406106636,NA,NA,NA,NA,NA,NA,NA,NA,NA,NA,NA
"362","N80A",0.0921665487599147,0.517025484904819,1.77019745135766,NA,NA,NA,NA,NA,NA,NA,NA,NA,NA,NA
"363","N80G",0.158784236328374,0.540011282132684,1.75506565655436,NA,NA,NA,NA,NA,NA,NA,NA,NA,NA,NA
"364","N80H",0.0372391706356368,0.394073136366317,1.66210700317444,NA,NA,NA,NA,NA,NA,NA,NA,NA,NA,NA
"365","N80I",0.288960706229985,0.488660998219078,2.07515077367785,NA,NA,NA,NA,NA,NA,NA,NA,NA,NA,NA
"366","N80F",0.120959840384962,0.498339376388133,1.55559265027589,NA,NA,NA,NA,NA,NA,NA,NA,NA,NA,NA
"367","N80L",0.132960618874133,0.495856291513947,1.77963052070205,NA,NA,NA,NA,NA,NA,NA,NA,NA,NA,NA
"368","N80M",0.10986215873828,0.45636069063285,1.74452791155085,NA,NA,NA,NA,NA,NA,NA,NA,NA,NA,NA
"369","N80N",NA,NA,NA,NA,NA,NA,NA,NA,NA,NA,NA,NA,NA,NA
"370","N80P",0.0336641440420938,0.603807777964649,2.08873109989494,NA,NA,NA,NA,NA,NA,NA,NA,NA,NA,NA
"371","N80Q",0.0361351548671584,0.458309524703166,1.76704952479525,NA,NA,NA,NA,NA,NA,NA,NA,NA,NA,NA
"372","N80R",0.107020461320055,0.494566768609891,1.71846609140459,NA,NA,NA,NA,NA,NA,NA,NA,NA,NA,NA
"373","N80S",0.699076470011112,1.10489454428031,1.9014360083727,NA,NA,NA,NA,NA,NA,NA,NA,NA,NA,NA
"374","N80T",0.153996628115191,1.10790601890225,1.4406572748062,0.192454563169067,0.113534759784035,NA,NA,NA,NA,NA,NA,NA,NA,NA
"375","N80V",0.114524115744519,0.561337815059414,1.72116895067487,NA,NA,NA,NA,NA,NA,NA,NA,NA,NA,NA
"376","N80W",0.0733910109112736,0.335246900151986,1.70848275708405,NA,NA,NA,NA,NA,NA,NA,NA,NA,NA,NA
"377","N80Y",0.439168437926968,0.674201790018224,1.93807110748685,NA,NA,NA,NA,NA,NA,NA,NA,NA,NA,NA
"378","N80K",0.192306581722569,1.04753292090673,1.7198624215033,NA,NA,NA,NA,NA,NA,NA,NA,NA,NA,NA
"379","G81A",0.036788286932786,0.659407136309291,0.796888166700496,NA,NA,NA,NA,NA,NA,NA,NA,NA,NA,NA
"380","G81C",0.173062173945149,0.486965127324041,0.793586134637322,NA,NA,NA,NA,NA,NA,NA,NA,NA,NA,NA
"381","G81D",0.0834049022698107,0.468082763640243,0.822922611931776,NA,NA,NA,NA,NA,NA,NA,NA,NA,NA,NA
"382","G81_",0.00603629947835357,1.71154807941576,0.808115294733639,NA,NA,NA,NA,NA,NA,NA,NA,NA,NA,NA
"383","G81F",0.100978201089329,0.337369971608464,1.02337602701912,NA,NA,NA,NA,NA,NA,NA,NA,NA,NA,NA
"384","G81G",0.122864227401962,0.873021597926342,0.783096025941387,NA,NA,NA,NA,NA,NA,NA,NA,NA,NA,NA
"385","G81H",0.0102580241155644,0.139933075867247,0.870068523899813,NA,NA,NA,NA,NA,NA,NA,NA,NA,NA,NA
"386","G81I",0.0120475039852262,0.302664214323849,1.00986820568693,NA,NA,NA,NA,NA,NA,NA,NA,NA,NA,NA
"387","G81K",0.0149004528689654,0.228619446190974,0.981724320294684,NA,NA,NA,NA,NA,NA,NA,NA,NA,NA,NA
"388","G81L",0.0296614457676603,0.461839671954152,0.844407133165817,NA,NA,NA,NA,NA,NA,NA,NA,NA,NA,NA
"389","G81M",0.00790470300105932,0.3611799930779,0.541533793468383,NA,NA,NA,NA,NA,NA,NA,NA,NA,NA,NA
"390","G81N",0.0175018829224696,0.309378886808618,0.860133430208704,NA,NA,NA,NA,NA,NA,NA,NA,NA,NA,NA
"391","G81P",0.0166143442121678,0.208164555380548,0.66287555895897,NA,NA,NA,NA,NA,NA,NA,NA,NA,NA,NA
"392","G81Q",0.00762564902473742,0.396914445791496,0.750404592103908,NA,NA,NA,NA,NA,NA,NA,NA,NA,NA,NA
"393","G81R",0.0856237879645703,0.353781271549025,0.800779674026942,NA,NA,NA,NA,NA,NA,NA,NA,NA,NA,NA
"394","G81S",0.15840108846413,0.71847863763466,0.733123293944555,NA,NA,NA,NA,NA,NA,NA,NA,NA,NA,NA
"395","G81E",0.00663734196625766,0.696761926447169,0.643944178763446,NA,NA,NA,NA,NA,NA,NA,NA,NA,NA,NA
"396","G81V",0.0412064340275712,0.587201857211969,0.780299996206573,NA,NA,NA,NA,NA,NA,NA,NA,NA,NA,NA
"397","G81W",0.011749458942637,0.421275478886732,0.924484980333255,NA,NA,NA,NA,NA,NA,NA,NA,NA,NA,NA
"398","G81Y",0.0130928639265236,0.151604774510946,0.958461647743135,NA,NA,NA,NA,NA,NA,NA,NA,NA,NA,NA
"399","G81T",0.0209810129993108,0.170843192313589,0.796059164189811,NA,NA,NA,NA,NA,NA,NA,NA,NA,NA,NA
"400","D82_",0.0259950592899957,0.343878847692815,0.30567298341741,0.108489671136734,0.0124967673009266,NA,NA,NA,NA,NA,NA,NA,NA,NA
"401","D82A",0.0111466750013875,0.235797713414599,0.301878398984836,NA,NA,NA,NA,NA,NA,NA,NA,NA,NA,NA
"402","D82D",NA,NA,NA,NA,NA,NA,NA,NA,NA,NA,NA,NA,NA,NA
"403","D82E",0.0888445767279398,0.378027776168563,0.402638835959613,NA,NA,NA,NA,NA,NA,NA,NA,NA,NA,NA
"404","D82F",0.0197228922525522,2.22611085625565,0.389469830167758,NA,NA,NA,NA,NA,NA,NA,NA,NA,NA,NA
"405","D82C",0.0853835381820181,0.202356726159731,0.363531281740201,NA,NA,NA,NA,NA,NA,NA,NA,NA,NA,NA
"406","D82H",0.0677237814406178,1.11545332768521,0.280372974864009,NA,NA,NA,NA,NA,NA,NA,NA,NA,NA,NA
"407","D82I",0.0232924278109472,0.484547693583702,0.441868977706467,NA,NA,NA,NA,NA,NA,NA,NA,NA,NA,NA
"408","D82K",0.0378340144399246,0.167346881175815,0.606729970270632,NA,NA,NA,NA,NA,NA,NA,NA,NA,NA,NA
"409","D82L",0.0105371052477546,0.777686976672719,0.410401603972293,NA,NA,NA,NA,NA,NA,NA,NA,NA,NA,NA
"410","D82M",0.0241787991147739,0.535572154152528,0.332964362348311,NA,NA,NA,NA,NA,NA,NA,NA,NA,NA,NA
"411","D82N",0.306811706924718,0.572654575253399,0.458199190594948,NA,NA,NA,NA,NA,NA,NA,NA,NA,NA,NA
"412","D82P",0.00993293449309151,0.642984793739632,0.200850623522196,NA,NA,NA,NA,NA,NA,NA,NA,NA,NA,NA
"413","D82Q",0.0188705564141606,0.405506226963222,0.314720284640626,NA,NA,NA,NA,NA,NA,NA,NA,NA,NA,NA
"414","D82R",0.00939719223468849,0.264014805774267,0.287356754409546,NA,NA,NA,NA,NA,NA,NA,NA,NA,NA,NA
"415","D82S",0.0141028549354493,0.38047146988597,0.334574709529355,NA,NA,NA,NA,NA,NA,NA,NA,NA,NA,NA
"416","D82T",0.0088947738900876,0.320723370594538,0.36404792824042,NA,NA,NA,NA,NA,NA,NA,NA,NA,NA,NA
"417","D82V",0.0797224696492885,0.8073467638723,0.397821257715832,NA,NA,NA,NA,NA,NA,NA,NA,NA,NA,NA
"418","D82W",0.0127166281054113,0.365715625228431,0.333412900909646,NA,NA,NA,NA,NA,NA,NA,NA,NA,NA,NA
"419","D82Y",0.278186512391637,0.680787362962034,0.512964613625969,NA,NA,NA,NA,NA,NA,NA,NA,NA,NA,NA
"420","D82G",0.0671886732636594,0.973220563709525,0.343916602526484,NA,NA,NA,NA,NA,NA,NA,NA,NA,NA,NA
"421","V83_",0.85847899906281,1.39260815017363,2.04485187707521,NA,NA,NA,NA,NA,NA,NA,NA,NA,NA,NA
"422","V83A",0.18862614390405,0.507023285523485,1.44609003604766,NA,NA,NA,NA,NA,NA,NA,NA,NA,NA,NA
"423","V83D",0.0239996231619402,0.265612079332758,1.24938130306668,NA,NA,NA,NA,NA,NA,NA,NA,NA,NA,NA
"424","V83E",0.231109196836615,0.215145880326269,3.41461076953066,NA,NA,NA,NA,NA,NA,NA,NA,NA,NA,NA
"425","V83F",0.10003575651685,0.578987735883052,1.256949654805,NA,NA,NA,NA,NA,NA,NA,NA,NA,NA,NA
"426","V83C",0.0900029676774278,0.168832892583436,1.66196908479265,NA,NA,NA,NA,NA,NA,NA,NA,NA,NA,NA
"427","V83H",0.0227414296952212,0.36538557544781,1.80770852171067,NA,NA,NA,NA,NA,NA,NA,NA,NA,NA,NA
"428","V83I",0.206986066928019,0.798465150101774,1.63100957463214,NA,NA,NA,NA,NA,NA,NA,NA,NA,NA,NA
"429","V83K",0.0237045368748653,0.547181038247695,1.96732305611724,NA,NA,NA,NA,NA,NA,NA,NA,NA,NA,NA
"430","V83G",0.333525829392929,0.586719268239456,1.6285456611475,NA,NA,NA,NA,NA,NA,NA,NA,NA,NA,NA
"431","V83M",0.961732552291681,0.639678610569347,1.92099992027022,NA,NA,NA,NA,NA,NA,NA,NA,NA,NA,NA
"432","V83N",0.0586043849858418,0.25320346368421,1.67839345087144,NA,NA,NA,NA,NA,NA,NA,NA,NA,NA,NA
"433","V83P",0.016831083514576,0.147170062995133,1.46660146010009,NA,NA,NA,NA,NA,NA,NA,NA,NA,NA,NA
"434","V83Q",0.0203836440795016,0.318856229242321,1.64595663323309,NA,NA,NA,NA,NA,NA,NA,NA,NA,NA,NA
"435","V83R",0.278563079525419,0.392795028336768,1.58522539533556,NA,NA,NA,NA,NA,NA,NA,NA,NA,NA,NA
"436","V83S",0.109380935185008,0.324353484876627,1.47734912491952,NA,NA,NA,NA,NA,NA,NA,NA,NA,NA,NA
"437","V83T",0.0638370221005319,0.210221895756089,3.21972780178591,NA,NA,NA,NA,NA,NA,NA,NA,NA,NA,NA
"438","V83V",0.719610719935313,0.710125132686197,1.39428300496359,NA,NA,NA,NA,NA,NA,NA,NA,NA,NA,NA
"439","V83W",0.218520644886401,0.373913758614291,1.80280426043159,NA,NA,NA,NA,NA,NA,NA,NA,NA,NA,NA
"440","V83Y",0.0339666440602068,0.268808831545215,0.761430242239448,NA,NA,NA,NA,NA,NA,NA,NA,NA,NA,NA
"441","V83L",0.432967060658311,0.565141080567313,1.6509087063522,NA,NA,NA,NA,NA,NA,NA,NA,NA,NA,NA
"442","D84A",0.158025612692232,0.750031078949943,0.897915569143006,NA,NA,NA,NA,NA,NA,NA,NA,NA,NA,NA
"443","D84C",0.16011450943681,0.901913307709555,0.718147517128604,NA,NA,NA,NA,NA,NA,NA,NA,NA,NA,NA
"444","D84D",NA,1.20962526100461,NA,NA,NA,NA,NA,NA,NA,NA,NA,NA,NA,NA
"445","D84_",0.106225405011819,0.760470785645273,0.6077175339804,NA,NA,NA,NA,NA,NA,NA,NA,NA,NA,NA
"446","D84F",0.066397816156544,0.396119821543762,0.910268407480345,NA,NA,NA,NA,NA,NA,NA,NA,NA,NA,NA
"447","D84G",0.297728720766463,0.697493102777105,0.854164167283356,0.138563453615737,0.0847495443072334,NA,NA,NA,NA,NA,NA,NA,NA,NA
"448","D84H",0.066775396691306,0.489840900552618,0.788793449399318,NA,NA,NA,NA,NA,NA,NA,NA,NA,NA,NA
"449","D84E",0.158824077850944,0.687211156503384,0.955660464195014,NA,NA,NA,NA,NA,NA,NA,NA,NA,NA,NA
"450","D84K",0.0330093090706926,0.587155859261027,0.956927490887391,NA,NA,NA,NA,NA,NA,NA,NA,NA,NA,NA
"451","D84L",0.0903731180012146,0.449685517882195,0.875159207738094,NA,NA,NA,NA,NA,NA,NA,NA,NA,NA,NA
"452","D84M",0.063445062049291,0.105559301979032,0.888842650209192,NA,NA,NA,NA,NA,NA,NA,NA,NA,NA,NA
"453","D84I",0.0658201732553383,0.0846295008724456,0.826895836593837,NA,NA,NA,NA,NA,NA,NA,NA,NA,NA,NA
"454","D84P",0.0164648618173184,0.164798338014771,0.792576463522592,NA,NA,NA,NA,NA,NA,NA,NA,NA,NA,NA
"455","D84Q",0.0219535562476621,0.189266196347953,0.79780870953175,NA,NA,NA,NA,NA,NA,NA,NA,NA,NA,NA
"456","D84R",0.0358179350565127,0.320250923922249,0.849939434933903,NA,NA,NA,NA,NA,NA,NA,NA,NA,NA,NA
"457","D84S",0.103963361722744,0.883683097109591,0.800212192953032,NA,NA,NA,NA,NA,NA,NA,NA,NA,NA,NA
"458","D84T",0.0834700457548114,0.575685514251865,1.55769053148964,NA,NA,NA,NA,NA,NA,NA,NA,NA,NA,NA
"459","D84V",0.360074829200727,0.557159678482868,0.830010063323492,NA,NA,NA,NA,NA,NA,NA,NA,NA,NA,NA
"460","D84W",0.0226571941259235,0.319517254255358,0.993348747549269,NA,NA,NA,NA,NA,NA,NA,NA,NA,NA,NA
"461","D84Y",0.186248870121046,0.531318284314821,0.849986010628538,NA,NA,NA,NA,NA,NA,NA,NA,NA,NA,NA
"462","D84N",0.354938007799485,0.943134576835485,0.974996150869049,NA,NA,NA,NA,NA,NA,NA,NA,NA,NA,NA
"463","V85_",0.500113533331664,0.674713098618607,1.41860853017786,NA,NA,NA,NA,NA,NA,NA,NA,NA,NA,NA
"464","V85A",0.64991821749842,0.91066055622616,1.37256398430122,NA,NA,NA,NA,NA,NA,NA,NA,NA,NA,NA
"465","V85D",0.114601540790627,1.03973238269902,1.4011995940423,NA,NA,NA,NA,NA,NA,NA,NA,NA,NA,NA
"466","V85E",0.344933232968706,1.26106391517975,1.14165995324322,NA,NA,NA,NA,NA,NA,NA,NA,NA,NA,NA
"467","V85F",0.0949044297625452,0.968391341943947,1.92410154452471,NA,NA,NA,NA,NA,NA,NA,NA,NA,NA,NA
"468","V85G",0.491568297502329,0.873520261409469,1.15636631624355,NA,NA,NA,NA,NA,NA,NA,NA,NA,NA,NA
"469","V85H",0.105778630228153,0.387648259491754,2.46405608644465,NA,NA,NA,NA,NA,NA,NA,NA,NA,NA,NA
"470","V85I",0.0318761457591591,0.237614817849533,1.58723836530246,NA,NA,NA,NA,NA,NA,NA,NA,NA,NA,NA
"471","V85K",0.163333074503903,0.276550381285957,1.27662960954399,NA,NA,NA,NA,NA,NA,NA,NA,NA,NA,NA
"472","V85L",0.623167155458036,0.94536265117829,1.4323437570888,NA,NA,NA,NA,NA,NA,NA,NA,NA,NA,NA
"473","V85M",0.202808112870643,0.153225888248649,7.85530788615238,NA,NA,NA,NA,NA,NA,NA,NA,NA,NA,NA
"474","V85N",0.0795491893173672,0.292510122455419,1.20758282597985,0.263641454269462,0.0585076633473821,NA,NA,NA,NA,NA,NA,NA,NA,NA
"475","V85P",0.131489478941583,0.66358044000019,0.900204807630239,NA,NA,NA,NA,NA,NA,NA,NA,NA,NA,NA
"476","V85Q",0.218763716289675,1.34451224461704,1.21248909261667,NA,NA,NA,NA,NA,NA,NA,NA,NA,NA,NA
"477","V85R",0.414388455888735,1.01760451374631,1.28532989498975,NA,NA,NA,NA,NA,NA,NA,NA,NA,NA,NA
"478","V85S",0.425807846277046,0.942503816644276,1.10019578321082,NA,NA,NA,NA,NA,NA,NA,NA,NA,NA,NA
"479","V85T",0.0518930049253652,1.12626713411001,1.31264271975994,NA,NA,NA,NA,NA,NA,NA,NA,NA,NA,NA
"480","V85V",0.304856509382317,1.14962034055277,1.16737128229577,NA,NA,NA,NA,NA,NA,NA,NA,NA,NA,NA
"481","V85W",0.25787294773576,0.984484649077859,1.27951021130852,NA,NA,NA,NA,NA,NA,NA,NA,NA,NA,NA
"482","V85Y",0.195638433153674,0.408552035228836,1.71013283927683,NA,NA,NA,NA,NA,NA,NA,NA,NA,NA,NA
"483","V85C",0.100695441193311,0.48057106341476,0.924532328875728,NA,NA,NA,NA,NA,NA,NA,NA,NA,NA,NA
"484","E86_",0.650963065784696,1.22353025792494,0.410841991195052,NA,NA,NA,NA,NA,NA,NA,NA,NA,NA,NA
"485","E86C",0.135996113476317,0.527961234892217,0.3948268991176,NA,NA,NA,NA,NA,NA,NA,NA,NA,NA,NA
"486","E86D",0.459269916254181,1.26734448283303,0.358208128021471,NA,NA,NA,NA,NA,NA,NA,NA,NA,NA,NA
"487","E86E",0.603805698687394,1.25770965494434,0.581260237487455,NA,NA,NA,NA,NA,NA,NA,NA,NA,NA,NA
"488","E86A",0.151701909746922,1.27404624556759,0.469010056372699,NA,NA,NA,NA,NA,NA,NA,NA,NA,NA,NA
"489","E86G",0.365749966421139,0.734525254531372,0.383956695016806,NA,NA,NA,NA,NA,NA,NA,NA,NA,NA,NA
"490","E86H",0.0651475302669905,0.548310282106606,0.358436839721393,NA,NA,NA,NA,NA,NA,NA,NA,NA,NA,NA
"491","E86I",0.0680604354228408,0.719417628452548,0.299112504679076,NA,NA,NA,NA,NA,NA,NA,NA,NA,NA,NA
"492","E86F",0.226820004517171,0.481948654872083,0.437229374935512,NA,NA,NA,NA,NA,NA,NA,NA,NA,NA,NA
"493","E86L",0.2523082880592,1.1989535226494,0.357366998423238,NA,NA,NA,NA,NA,NA,NA,NA,NA,NA,NA
"494","E86M",0.104154833041046,0.143771577936653,0.447212388489712,NA,NA,NA,NA,NA,NA,NA,NA,NA,NA,NA
"495","E86N",0.0595219407170233,1.08644934497105,0.438532847827458,NA,NA,NA,NA,NA,NA,NA,NA,NA,NA,NA
"496","E86P",0.0136591208609178,0.356450071364674,0.355018124620886,NA,NA,NA,NA,NA,NA,NA,NA,NA,NA,NA
"497","E86Q",0.176637009185325,0.351436797880867,0.479076150089762,NA,NA,NA,NA,NA,NA,NA,NA,NA,NA,NA
"498","E86R",0.14104758380332,0.89835919958148,0.385000779834157,NA,NA,NA,NA,NA,NA,NA,NA,NA,NA,NA
"499","E86S",0.0644886323712019,0.420931725793759,0.330091466899764,NA,NA,NA,NA,NA,NA,NA,NA,NA,NA,NA
"500","E86T",0.0173251689981612,0.517096196035843,0.335968952986266,NA,NA,NA,NA,NA,NA,NA,NA,NA,NA,NA
"501","E86V",0.527041836926596,0.950766591500799,0.401022717919996,NA,NA,NA,NA,NA,NA,NA,NA,NA,NA,NA
"502","E86W",0.103372604763075,0.759285623748715,0.413408977732043,NA,NA,NA,NA,NA,NA,NA,NA,NA,NA,NA
"503","E86Y",0.14920696315438,0.951030357765436,0.343664450108705,NA,NA,NA,NA,NA,NA,NA,NA,NA,NA,NA
"504","E86K",0.232975414642915,1.1816279739627,0.373494702107824,NA,NA,NA,NA,NA,NA,NA,NA,NA,NA,NA
"505","E87_",1.52479211143517,1.23000354767951,2.2460832086454,NA,NA,NA,NA,NA,NA,NA,NA,NA,NA,NA
"506","E87C",0.15899354720758,0.37252019629453,1.98951513357387,NA,NA,NA,NA,NA,NA,NA,NA,NA,NA,NA
"507","E87D",0.431179706640738,0.434081738810371,1.76497032621957,NA,NA,NA,NA,NA,NA,NA,NA,NA,NA,NA
"508","E87E",0.573031679217681,0.839870043674628,2.20848002654479,NA,NA,NA,NA,NA,NA,NA,NA,NA,NA,NA
"509","E87F",0.403978769845742,0.544976626750211,2.89618183904218,NA,NA,NA,NA,NA,NA,NA,NA,NA,NA,NA
"510","E87G",0.685050139240945,0.443790377754518,1.78517708389785,NA,NA,NA,NA,NA,NA,NA,NA,NA,NA,NA
"511","E87H",0.0322007044020735,0.254874483570142,1.89218545790964,NA,NA,NA,NA,NA,NA,NA,NA,NA,NA,NA
"512","E87I",0.185127733787384,0.64981974168558,2.27851628052508,NA,NA,NA,NA,NA,NA,NA,NA,NA,NA,NA
"513","E87K",0.86547036798558,0.543188564513313,2.6846897893226,NA,NA,NA,NA,NA,NA,NA,NA,NA,NA,NA
"514","E87L",0.542088451776376,0.267489277695875,1.74427745753033,NA,NA,NA,NA,NA,NA,NA,NA,NA,NA,NA
"515","E87M",0.0527348402797814,0.257490078817393,2.37353457070766,NA,NA,NA,NA,NA,NA,NA,NA,NA,NA,NA
"516","E87N",0.523136957010052,0.954373418862682,3.72437876628419,NA,NA,NA,NA,NA,NA,NA,NA,NA,NA,NA
"517","E87P",0.0159657236162006,0.278874806552085,1.67677035685196,NA,NA,NA,NA,NA,NA,NA,NA,NA,NA,NA
"518","E87Q",0.102447003686184,0.294731124690743,1.85198948018179,NA,NA,NA,NA,NA,NA,NA,NA,NA,NA,NA
"519","E87R",0.125169632570654,0.490702067838428,1.62665707077474,NA,NA,NA,NA,NA,NA,NA,NA,NA,NA,NA
"520","E87S",0.45818854996512,0.473729203303689,1.95020368009601,NA,NA,NA,NA,NA,NA,NA,NA,NA,NA,NA
"521","E87T",0.0839005658127484,0.396157138966061,2.29966942787212,NA,NA,NA,NA,NA,NA,NA,NA,NA,NA,NA
"522","E87V",0.801162913697655,0.591049325565712,1.99944692821175,NA,NA,NA,NA,NA,NA,NA,NA,NA,NA,NA
"523","E87W",0.0520658267347106,0.208136856560316,1.90366286705272,NA,NA,NA,NA,NA,NA,NA,NA,NA,NA,NA
"524","E87Y",0.269215306396313,0.51715044945027,2.33475595587834,NA,NA,NA,NA,NA,NA,NA,NA,NA,NA,NA
"525","E87A",0.684265402713961,0.564922039502013,1.79558441814507,NA,NA,NA,NA,NA,NA,NA,NA,NA,NA,NA
"526","S88A",1.5712662462858,1.0985605048515,0.646898554422982,NA,NA,NA,NA,NA,NA,NA,NA,NA,NA,NA
"527","S88C",0.511558752957812,1.24295777958497,0.520172573035785,NA,NA,NA,NA,NA,NA,NA,NA,NA,NA,NA
"528","S88D",0.326756058067253,0.470512309106539,1.0371179225441,NA,NA,NA,NA,NA,NA,NA,NA,NA,NA,NA
"529","S88_",0.899315608656446,1.67095576903921,1.05801851189233,NA,NA,NA,NA,NA,NA,NA,NA,NA,NA,NA
"530","S88F",0.572005015078174,1.20517420815017,0.775653406149467,NA,NA,NA,NA,NA,NA,NA,NA,NA,NA,NA
"531","S88G",0.583467106502762,0.74111154347674,0.685801071653031,NA,NA,NA,NA,NA,NA,NA,NA,NA,NA,NA
"532","S88H",0.35807015680941,0.778781918471289,0.797607920658824,NA,NA,NA,NA,NA,NA,NA,NA,NA,NA,NA
"533","S88E",0.169239627280666,0.782498541659788,0.684535282881424,NA,NA,NA,NA,NA,NA,NA,NA,NA,NA,NA
"534","S88K",0.553589135336235,0.745549098427974,0.664051646031361,NA,NA,NA,NA,NA,NA,NA,NA,NA,NA,NA
"535","S88L",0.92601791821195,0.93118011199138,0.736831195548017,NA,NA,NA,NA,NA,NA,NA,NA,NA,NA,NA
"536","S88M",0.470548236485182,0.753456394153786,0.450323583168789,NA,NA,NA,NA,NA,NA,NA,NA,NA,NA,NA
"537","S88I",0.37958700131646,0.89472946659806,0.832901327612682,NA,NA,NA,NA,NA,NA,NA,NA,NA,NA,NA
"538","S88P",0.210734894817007,0.596783239913417,0.726927901967364,NA,NA,NA,NA,NA,NA,NA,NA,NA,NA,NA
"539","S88Q",0.0754373369611803,0.274490139405552,0.58573125480421,NA,NA,NA,NA,NA,NA,NA,NA,NA,NA,NA
"540","S88R",0.835533886128317,1.15366390819096,0.876513514745132,NA,NA,NA,NA,NA,NA,NA,NA,NA,NA,NA
"541","S88S",0.953149557153768,1.05770417933485,0.895778902692378,NA,NA,NA,NA,NA,NA,NA,NA,NA,NA,NA
"542","S88T",0.710523656917658,1.53411576520198,0.730052926773313,NA,NA,NA,NA,NA,NA,NA,NA,NA,NA,NA
"543","S88V",0.828143204951853,1.09970127898069,0.863019107373084,NA,NA,NA,NA,NA,NA,NA,NA,NA,NA,NA
"544","S88W",0.61474629838381,0.934374460607681,0.66923709700884,NA,NA,NA,NA,NA,NA,NA,NA,NA,NA,NA
"545","S88Y",0.68082832849837,1.03643511031497,1.25053860091745,NA,NA,NA,NA,NA,NA,NA,NA,NA,NA,NA
"546","S88N",0.643222744697535,0.421531611207684,0.61207188732612,NA,NA,NA,NA,NA,NA,NA,NA,NA,NA,NA
"547","D89A",0.819401495289629,0.93453920739556,1.89892001195948,NA,NA,NA,NA,NA,NA,NA,NA,NA,NA,NA
"548","D89C",0.87297973938166,1.0136377206139,2.30129795420585,NA,NA,NA,NA,NA,NA,NA,NA,NA,NA,NA
"549","D89D",1.10924764381139,1.45591911084744,0.78987392529946,NA,NA,NA,NA,NA,NA,NA,NA,NA,NA,NA
"550","D89_",0.272609738160486,1.3684174861649,2.79160456980825,NA,NA,NA,NA,NA,NA,NA,NA,NA,NA,NA
"551","D89F",1.23431830204231,1.10488509178621,2.66482785831154,NA,NA,NA,NA,NA,NA,NA,NA,NA,NA,NA
"552","D89G",2.93508657661004,1.12947399081212,2.34960070063353,NA,NA,NA,NA,NA,NA,NA,NA,NA,NA,NA
"553","D89H",0.468370494757821,1.12107609033667,1.84664304947217,NA,NA,NA,NA,NA,NA,NA,NA,NA,NA,NA
"554","D89I",1.33075748439675,1.34409950885058,2.66999226095207,0.73960787770513,0.481683949822335,NA,NA,NA,NA,NA,NA,NA,NA,NA
"555","D89K",0.14251829544837,1.34855356318055,2.49738676934981,NA,NA,NA,NA,NA,NA,NA,NA,NA,NA,NA
"556","D89L",1.03398135254986,0.917989931073188,2.48986423827728,NA,NA,NA,NA,NA,NA,NA,NA,NA,NA,NA
"557","D89M",0.368575929715767,0.89393282474791,2.40368759904548,NA,NA,NA,NA,NA,NA,NA,NA,NA,NA,NA
"558","D89N",1.72178193734158,1.22095207051075,2.50159856615815,NA,NA,NA,NA,NA,NA,NA,NA,NA,NA,NA
"559","D89P",0.133856652643906,0.59400432362472,2.34927096332157,NA,NA,NA,NA,NA,NA,NA,NA,NA,NA,NA
"560","D89Q",0.194593938162142,1.30813024973707,2.24509869313161,NA,NA,NA,NA,NA,NA,NA,NA,NA,NA,NA
"561","D89R",1.21503602484621,0.882453586421325,2.22252298360347,NA,NA,NA,NA,NA,NA,NA,NA,NA,NA,NA
"562","D89S",1.51613797866114,1.12669637148908,2.78674476504897,NA,NA,NA,NA,NA,NA,NA,NA,NA,NA,NA
"563","D89T",0.454542105684125,0.950900526579859,2.51052838261821,NA,NA,NA,NA,NA,NA,NA,NA,NA,NA,NA
"564","D89V",1.67983007141513,0.311096775677679,12.0149714159403,NA,NA,NA,NA,NA,NA,NA,NA,NA,NA,NA
"565","D89W",0.253230083250007,1.19030873852674,2.66197653187812,NA,NA,NA,NA,NA,NA,NA,NA,NA,NA,NA
"566","D89Y",1.04708948540849,1.16051825244492,2.16673842707951,NA,NA,NA,NA,NA,NA,NA,NA,NA,NA,NA
"567","D89E",2.25790544958398,1.26016343602834,2.15097884910862,NA,NA,NA,NA,NA,NA,NA,NA,NA,NA,NA
"568","E90_",1.42774988966574,1.47161264062586,1.71244644098095,0.103026153794765,0.0460259975981098,NA,NA,NA,NA,NA,NA,NA,NA,NA
"569","E90A",0.54846764743581,1.38575549836509,1.44692907779778,NA,NA,NA,NA,NA,NA,NA,NA,NA,NA,NA
"570","E90C",0.0863330581533914,0.67168061407435,1.43737793886528,NA,NA,NA,NA,NA,NA,NA,NA,NA,NA,NA
"571","E90E",0.729120145795155,1.52746792651499,0.881532357421404,NA,NA,NA,NA,NA,NA,NA,NA,NA,NA,NA
"572","E90F",0.0361658153805365,0.691876419147197,1.12517304310709,NA,NA,NA,NA,NA,NA,NA,NA,NA,NA,NA
"573","E90G",1.25530192046131,1.01409316052394,1.78476800597368,NA,NA,NA,NA,NA,NA,NA,NA,NA,NA,NA
"574","E90D",0.894884467310637,2.4041997828307,2.05288311359509,NA,NA,NA,NA,NA,NA,NA,NA,NA,NA,NA
"575","E90I",0.27041245897814,1.23291429657123,2.00941186285591,NA,NA,NA,NA,NA,NA,NA,NA,NA,NA,NA
"576","E90K",1.00522853612714,1.17467132217524,1.57367406272412,NA,NA,NA,NA,NA,NA,NA,NA,NA,NA,NA
"577","E90L",0.471894449456239,1.46660734616648,1.99091466749565,NA,NA,NA,NA,NA,NA,NA,NA,NA,NA,NA
"578","E90M",0.222515777991892,1.21082185743171,1.7337193845799,NA,NA,NA,NA,NA,NA,NA,NA,NA,NA,NA
"579","E90N",0.0878882917816495,0.693217631166337,2.45505196654994,NA,NA,NA,NA,NA,NA,NA,NA,NA,NA,NA
"580","E90P",0.0435796780789875,0.711806877022306,1.33085992123591,NA,NA,NA,NA,NA,NA,NA,NA,NA,NA,NA
"581","E90Q",0.510619523305654,1.36883878876662,1.83594032646267,NA,NA,NA,NA,NA,NA,NA,NA,NA,NA,NA
"582","E90R",0.559002923972308,1.01587933261861,2.01248638423137,NA,NA,NA,NA,NA,NA,NA,NA,NA,NA,NA
"583","E90S",0.556252386486206,1.20240923575885,1.82533490360514,NA,NA,NA,NA,NA,NA,NA,NA,NA,NA,NA
"584","E90T",0.97000071476833,1.34255778192624,1.643677656446,NA,NA,NA,NA,NA,NA,NA,NA,NA,NA,NA
"585","E90V",1.33693562402255,1.57967938572186,1.49117306332277,NA,NA,NA,NA,NA,NA,NA,NA,NA,NA,NA
"586","E90W",0.229472905535319,1.3576251441472,1.69005515565269,NA,NA,NA,NA,NA,NA,NA,NA,NA,NA,NA
"587","E90H",0.0990494025427035,0.754886849803913,1.68668193864599,NA,NA,NA,NA,NA,NA,NA,NA,NA,NA,NA
"588","E90Y",0.242686134998453,0.65556961768351,2.57901062404658,NA,NA,NA,NA,NA,NA,NA,NA,NA,NA,NA
"589","F91A",0.00671321040489124,0.350295530899901,0.113679271142049,NA,NA,NA,NA,NA,NA,NA,NA,NA,NA,NA
"590","F91C",0.0184956840800095,0.176721035497194,0.102810607506702,NA,NA,NA,NA,NA,NA,NA,NA,NA,NA,NA
"591","F91D",0.00527865940522248,0.216189540523684,0.133673929735955,NA,NA,NA,NA,NA,NA,NA,NA,NA,NA,NA
"592","F91_",0.0421971639852578,0.35071573652904,0.0928690547989396,NA,NA,NA,NA,NA,NA,NA,NA,NA,NA,NA
"593","F91F",0.12848382636787,0.468957038372019,0.15776280259627,NA,NA,NA,NA,NA,NA,NA,NA,NA,NA,NA
"594","F91G",0.0119305145810501,0.228465805242596,0.0774064548336311,NA,NA,NA,NA,NA,NA,NA,NA,NA,NA,NA
"595","F91H",0.0105049537205612,0.401460740231477,0.0652761611688891,NA,NA,NA,NA,NA,NA,NA,NA,NA,NA,NA
"596","F91E",0.00663785335317773,0.149804731684126,0.0886429879757732,NA,NA,NA,NA,NA,NA,NA,NA,NA,NA,NA
"597","F91K",0.0184939374735975,0.838796823432106,0.0850338941616945,NA,NA,NA,NA,NA,NA,NA,NA,NA,NA,NA
"598","F91L",0.245726645876875,0.554054769021922,0.179447550835241,NA,NA,NA,NA,NA,NA,NA,NA,NA,NA,NA
"599","F91M",0.0221396613733759,0.195627089628725,0.108709890970777,NA,NA,NA,NA,NA,NA,NA,NA,NA,NA,NA
"600","F91I",0.113725867810841,0.859858473010203,0.102836806343498,NA,NA,NA,NA,NA,NA,NA,NA,NA,NA,NA
"601","F91P",0.011595587243072,0.346191949216833,0.121101817984133,NA,NA,NA,NA,NA,NA,NA,NA,NA,NA,NA
"602","F91Q",0.00901836586278303,NA,0.0412041689762461,NA,NA,NA,NA,NA,NA,NA,NA,NA,NA,NA
"603","F91R",0.0166460984838982,0.15095674099119,0.0980498187306182,NA,NA,NA,NA,NA,NA,NA,NA,NA,NA,NA
"604","F91S",0.115326202979534,0.660334676307641,0.10154451471007,NA,NA,NA,NA,NA,NA,NA,NA,NA,NA,NA
"605","F91T",0.00478786802944604,0.146922969478858,0.110049389357275,NA,NA,NA,NA,NA,NA,NA,NA,NA,NA,NA
"606","F91V",0.0437626220760656,0.857385715737594,0.101056237793763,NA,NA,NA,NA,NA,NA,NA,NA,NA,NA,NA
"607","F91W",0.0106297879269117,1.33766092692436,0.0570409380889834,NA,NA,NA,NA,NA,NA,NA,NA,NA,NA,NA
"608","F91Y",0.0789147162939733,0.583179948482175,0.129301415828269,NA,NA,NA,NA,NA,NA,NA,NA,NA,NA,NA
"609","F91N",0.018040099151914,0.128292427375371,0.209486938364496,NA,NA,NA,NA,NA,NA,NA,NA,NA,NA,NA
"610","L92A",0.0019859366398606,NA,0.0075440445565451,NA,NA,-1.462351307,-0.848983055,-1.483713782,-1.417403319,-0.93649844,-1.343964683,-1.432347647,-0.827670396,-2.51167566
"611","L92C",0.00593404852341775,NA,0.00662523585835321,NA,NA,-1.396498399,-0.713017066,-1.620532188,-1.517989448,-0.856514799,-1.338534747,-1.377599116,-0.790808909,-2.489214648
"612","L92D",0.00426875669490083,NA,0.0154728512724402,NA,NA,-1.084935067,-0.841620058,-1.929339646,-1.15897203,-0.842435278,-1.802752609,-1.076447488,-0.87044771,-1.294354284
"613","L92_",0.00317295953465786,NA,0.017556954366328,NA,NA,-1.105599982,-0.784866343,-1.833247308,-1.23592531,-0.714708628,-0.495817707,-1.094628836,-0.664081867,-1.736849256
"614","L92F",0.0145504451392477,NA,0.0171354843240727,NA,NA,-1.185700855,-0.582145426,-1.323921769,-1.100941124,-0.755178185,-1.283957107,-1.103184718,-0.486651411,-1.229038958
"615","L92G",0.000865948548141605,0.460683807395566,0.00750135221721005,NA,NA,-1.371842264,-0.840726341,-2.231394333,-1.440266433,-0.865133611,-2.224590803,-1.435458382,-0.840686688,-2.089366889
"616","L92H",0.00202400398821529,NA,0.0129957900348867,NA,NA,-1.500782133,-0.895032612,-1.808126245,-1.345212599,-1.064845805,-2.160712601,-1.353668381,-0.765797673,-2.503429684
"617","L92E",0.00397705195706396,NA,0.0221580153616298,NA,NA,-1.136972834,-0.614329737,-1.538542065,-0.558922352,-0.812946207,-1.345070072,-1.191438095,-0.756345894,-1.842424136
"618","L92K",0.00305678471812925,NA,0.0191808758594999,NA,NA,-1.235906066,-0.711419497,-2.026695533,-0.988317782,-0.693444625,-1.629337739,-1.068231743,-0.77082745,-2.08698513
"619","L92L",0.177900554369199,1.42344493429935,0.131492862333361,NA,NA,-0.600647799,-0.312364675,-0.599041777,-0.521764372,-0.284837093,-0.102767775,-0.519359806,-0.287083891,-0.745988124
"620","L92M",0.342483381092951,0.905226967016138,0.0629149566696989,NA,NA,-0.760315232,-0.577149592,-0.936279868,-0.199955189,-0.552445739,-0.8169064,-0.811033526,-0.575106782,-1.119688945
"621","L92I",0.0092398491681336,1.11430324756927,0.0155304260861262,NA,NA,-1.008146445,-0.871335955,-1.875965007,-0.746353707,-0.872724255,-1.200614061,-1.187466807,-0.945890423,-1.966187726
"622","L92P",0.211359685182626,0.787924021113173,0.276664456122509,NA,NA,-0.905795787,-0.560920502,-1.26488201,-0.843004252,-0.490696209,-1.300402222,-0.895552845,-0.565235691,-1.222339905
"623","L92Q",0.0533160733121781,0.5707276675711,0.0849284475915234,NA,NA,-0.805548971,-0.593313822,-1.115684055,-0.70092615,-0.588504092,-0.763941299,-0.882945846,-0.566742007,-1.169508883
"624","L92R",0.0281273450129968,0.275497776186502,0.024401716563733,NA,NA,-1.1765742,-0.794060101,-1.552014719,-1.146257369,-0.718823545,-2.001029741,-0.456781628,-0.785542414,-1.635570987
"625","L92S",0.00647159022640306,0.518578029154382,0.0236937940303148,NA,NA,-1.293105855,-0.525819411,-1.94320878,-1.282613197,-0.656101446,-1.556552671,-1.260378522,-0.669274268,-2.436328749
"626","L92T",0.00157592978543302,NA,0.00662283543882973,NA,NA,-1.447193388,-0.914220555,-1.844035552,-1.580730108,-0.937392525,-2.293558851,-1.508743309,-0.947329519,-2.636275934
"627","L92V",0.0305715577133559,1.42342446409953,0.0114524346235331,NA,NA,-0.310901663,-0.744074045,-0.869776239,-0.950308879,-0.779497941,-1.17042651,-1.037079061,-0.81157299,-1.132098559
"628","L92W",0.00418927264471366,0.597506269126494,0.027979926952686,NA,NA,-1.104967854,-0.678426849,-0.70964365,-1.136419398,-0.612056871,-1.407058083,-1.264456819,-0.553590748,-1.980942314
"629","L92Y",0.00238581369336842,NA,0.0111591463662911,NA,NA,-1.197105968,-0.737164646,-1.211525579,-0.832064369,-0.520706177,-0.941676392,-1.215261854,-0.725212327,-1.21318841
"630","L92N",0.00342885938990963,NA,0.0127033181876683,NA,NA,-0.476154773,-0.73751754,-2.018456956,-0.166787618,-0.662321195,-1.931774289,-1.224851175,-0.719743503,-2.094607739
"631","R93A",0.00853902801175646,0.45210408217008,0.193647511894079,NA,NA,NA,NA,NA,NA,NA,NA,NA,NA,NA
"632","R93C",0.011863094746854,0.257210917575012,0.16175011938266,NA,NA,NA,NA,NA,NA,NA,NA,NA,NA,NA
"633","R93D",0.0107645266936867,0.233096524700638,0.213942186187306,NA,NA,NA,NA,NA,NA,NA,NA,NA,NA,NA
"634","R93E",0.00903788681071126,0.307633789463039,0.238010095133673,NA,NA,NA,NA,NA,NA,NA,NA,NA,NA,NA
"635","R93F",0.0170912424445404,0.599332440802042,0.25378641069721,NA,NA,NA,NA,NA,NA,NA,NA,NA,NA,NA
"636","R93G",0.0834168040815051,0.549796117331949,0.214625596344444,NA,NA,NA,NA,NA,NA,NA,NA,NA,NA,NA
"637","R93H",0.0202689336011916,0.402444374561106,0.200990465325377,NA,NA,NA,NA,NA,NA,NA,NA,NA,NA,NA
"638","R93I",0.0150974312802534,0.491852687248831,0.226244156797199,NA,NA,NA,NA,NA,NA,NA,NA,NA,NA,NA
"639","R93K",0.123099308131851,0.994528249286766,0.157217587962448,NA,NA,NA,NA,NA,NA,NA,NA,NA,NA,NA
"640","R93L",0.00318943447423241,0.518052860148674,0.256106257551115,NA,NA,NA,NA,NA,NA,NA,NA,NA,NA,NA
"641","R93M",0.140921825137735,1.19480830155024,0.476179177093813,NA,NA,NA,NA,NA,NA,NA,NA,NA,NA,NA
"642","R93N",0.034229013326023,NA,0.241088787655658,NA,NA,NA,NA,NA,NA,NA,NA,NA,NA,NA
"643","R93_",0.0340209162945447,0.516291352975929,0.156639926529761,NA,NA,NA,NA,NA,NA,NA,NA,NA,NA,NA
"644","R93Q",0.00743415856637834,0.366369808803814,0.181275235818232,NA,NA,NA,NA,NA,NA,NA,NA,NA,NA,NA
"645","R93R",0.12110932491422,1.21877658905997,0.175235951712559,NA,NA,NA,NA,NA,NA,NA,NA,NA,NA,NA
"646","R93S",0.0623211207423901,0.450534741309034,0.399376299407552,NA,NA,NA,NA,NA,NA,NA,NA,NA,NA,NA
"647","R93T",0.0487148761231415,0.909128281987132,0.208635746176802,NA,NA,NA,NA,NA,NA,NA,NA,NA,NA,NA
"648","R93V",0.0137837157866537,0.403123802756837,0.188986290920108,NA,NA,NA,NA,NA,NA,NA,NA,NA,NA,NA
"649","R93W",0.133958426356599,0.710322652087487,0.174168680290428,NA,NA,NA,NA,NA,NA,NA,NA,NA,NA,NA
"650","R93Y",0.0469107456223338,0.757112424863932,0.272036319289637,NA,NA,NA,NA,NA,NA,NA,NA,NA,NA,NA
"651","R93P",0.00615578893123917,0.393990689387218,0.122139165506717,NA,NA,NA,NA,NA,NA,NA,NA,NA,NA,NA
"652","E94A",0.0183901065773356,0.916066180246977,0.151806842866102,NA,NA,NA,NA,NA,NA,NA,NA,NA,NA,NA
"653","E94C",0.0261519640714564,NA,0.0888138051210871,NA,NA,NA,NA,NA,NA,NA,NA,NA,NA,NA
"654","E94D",0.160686497870853,2.14195705383298,0.118663718761616,NA,NA,NA,NA,NA,NA,NA,NA,NA,NA,NA
"655","E94E",0.162577143248839,0.61982727275841,0.143207875356222,NA,NA,NA,NA,NA,NA,NA,NA,NA,NA,NA
"656","E94F",0.00955314393653299,NA,0.0370922970328832,NA,NA,NA,NA,NA,NA,NA,NA,NA,NA,NA
"657","E94G",0.0961290443610544,0.666862902270137,0.066757299404889,NA,NA,NA,NA,NA,NA,NA,NA,NA,NA,NA
"658","E94H",NA,NA,NA,NA,NA,NA,NA,NA,NA,NA,NA,NA,NA,NA
"659","E94I",0.0137221329164247,0.731289960484437,0.0748828607243612,NA,NA,NA,NA,NA,NA,NA,NA,NA,NA,NA
"660","E94K",0.872304909405371,0.986173084663422,0.675838837136437,NA,NA,NA,NA,NA,NA,NA,NA,NA,NA,NA
"661","E94L",0.0212023229900992,NA,0.0483448876340385,NA,NA,NA,NA,NA,NA,NA,NA,NA,NA,NA
"662","E94M",0.0106073434195346,NA,0.0182280058890929,NA,NA,NA,NA,NA,NA,NA,NA,NA,NA,NA
"663","E94N",0.0190139451195687,NA,0.114656255990718,NA,NA,NA,NA,NA,NA,NA,NA,NA,NA,NA
"664","E94P",0.0167182119309794,0.677158188100401,0.074411382994783,NA,NA,NA,NA,NA,NA,NA,NA,NA,NA,NA
"665","E94Q",0.117014745991134,0.212720242666405,0.245722806056748,NA,NA,NA,NA,NA,NA,NA,NA,NA,NA,NA
"666","E94R",0.00689021962277982,0.223532273771352,0.0692227913210595,NA,NA,NA,NA,NA,NA,NA,NA,NA,NA,NA
"667","E94S",0.0117446169975061,0.39743462257531,0.0624348557325733,NA,NA,NA,NA,NA,NA,NA,NA,NA,NA,NA
"668","E94T",0.0148043271247038,0.476430251259277,0.148116264227802,NA,NA,NA,NA,NA,NA,NA,NA,NA,NA,NA
"669","E94V",0.17070318645719,1.3773642211657,0.0846012860533986,NA,NA,NA,NA,NA,NA,NA,NA,NA,NA,NA
"670","E94W",0.0152660595400103,NA,0.0518646888849756,NA,NA,NA,NA,NA,NA,NA,NA,NA,NA,NA
"671","E94Y",0.0148994017396373,NA,0.0654350058147836,NA,NA,NA,NA,NA,NA,NA,NA,NA,NA,NA
"672","E94_",0.20403080446879,1.39996195563812,0.24263189130785,NA,NA,NA,NA,NA,NA,NA,NA,NA,NA,NA
"673","D95_",0.147036749903479,0.865907680750628,0.875770540162479,NA,NA,NA,NA,NA,NA,NA,NA,NA,NA,NA
"674","D95A",1.03291566816302,0.760781022172156,0.773509890912574,NA,NA,NA,NA,NA,NA,NA,NA,NA,NA,NA
"675","D95C",0.0336156346164484,0.858944315395067,0.903503008676739,NA,NA,NA,NA,NA,NA,NA,NA,NA,NA,NA
"676","D95E",0.34090455973713,1.06835572650652,0.778169906907524,NA,NA,NA,NA,NA,NA,NA,NA,NA,NA,NA
"677","D95F",0.165260483115583,0.70420259333936,1.62370153861898,NA,NA,NA,NA,NA,NA,NA,NA,NA,NA,NA
"678","D95G",0.158277420855876,1.01495809028075,0.857920227478349,NA,NA,NA,NA,NA,NA,NA,NA,NA,NA,NA
"679","D95D",0.279485887718262,1.10230840073014,0.989567186561799,NA,NA,NA,NA,NA,NA,NA,NA,NA,NA,NA
"680","D95I",0.291447959798147,1.30190001685384,1.965564183718,NA,NA,NA,NA,NA,NA,NA,NA,NA,NA,NA
"681","D95K",0.198790535549226,0.916819643504343,1.01189949100989,NA,NA,NA,NA,NA,NA,NA,NA,NA,NA,NA
"682","D95L",0.0658423967128006,0.423191015047911,1.05433812890793,NA,NA,NA,NA,NA,NA,NA,NA,NA,NA,NA
"683","D95H",0.280366087769094,1.36231316916664,1.43110430028129,NA,NA,NA,NA,NA,NA,NA,NA,NA,NA,NA
"684","D95N",0.255756787293769,1.41116770140427,1.3160905875426,NA,NA,NA,NA,NA,NA,NA,NA,NA,NA,NA
"685","D95P",0.0347687141416491,0.148214958332515,1.04861715636496,NA,NA,NA,NA,NA,NA,NA,NA,NA,NA,NA
"686","D95Q",0.25176198210707,1.27606206220489,0.660942895462913,NA,NA,NA,NA,NA,NA,NA,NA,NA,NA,NA
"687","D95R",0.161972100159871,0.769484650638146,0.740481305313254,NA,NA,NA,NA,NA,NA,NA,NA,NA,NA,NA
"688","D95S",0.133748684156134,0.937045335957146,1.03483701632426,NA,NA,NA,NA,NA,NA,NA,NA,NA,NA,NA
"689","D95T",0.0145963455738499,0.399525129155075,0.853806997154476,NA,NA,NA,NA,NA,NA,NA,NA,NA,NA,NA
"690","D95V",0.318933990403671,1.12080135346552,0.72939585908234,NA,NA,NA,NA,NA,NA,NA,NA,NA,NA,NA
"691","D95W",0.043858968201302,1.50132388937614,0.500390692012514,NA,NA,NA,NA,NA,NA,NA,NA,NA,NA,NA
"692","D95Y",0.359346245685444,0.559856534285862,1.22718849210289,NA,NA,NA,NA,NA,NA,NA,NA,NA,NA,NA
"693","D95M",0.0578670113372004,0.816400984863603,0.576668991378214,NA,NA,NA,NA,NA,NA,NA,NA,NA,NA,NA
"694","L96_",0.0449477000769828,1.44006619896212,1.32259176517984,NA,NA,NA,NA,NA,NA,NA,NA,NA,NA,NA
"695","L96C",0.2345097706799,0.978285163147041,1.36411409389439,NA,NA,NA,NA,NA,NA,NA,NA,NA,NA,NA
"696","L96D",0.0363552354122213,0.857377279855908,1.42387710495117,NA,NA,NA,NA,NA,NA,NA,NA,NA,NA,NA
"697","L96E",0.0607254240732581,0.587218982807042,1.70521004461151,NA,NA,NA,NA,NA,NA,NA,NA,NA,NA,NA
"698","L96A",0.0174408989254963,0.573969832590774,1.22727548192035,NA,NA,NA,NA,NA,NA,NA,NA,NA,NA,NA
"699","L96G",0.0392390665877435,0.664410411182403,1.24993380895973,NA,NA,NA,NA,NA,NA,NA,NA,NA,NA,NA
"700","L96H",0.207413580056755,0.364445917311313,1.48238605960757,NA,NA,NA,NA,NA,NA,NA,NA,NA,NA,NA
"701","L96I",0.289429173266546,0.708660594798164,1.60174905881575,NA,NA,NA,NA,NA,NA,NA,NA,NA,NA,NA
"702","L96K",0.0162283554522624,0.194929088007291,1.46647097350686,NA,NA,NA,NA,NA,NA,NA,NA,NA,NA,NA
"703","L96L",0.557838195653999,1.26181958393251,1.25738665777693,NA,NA,NA,NA,NA,NA,NA,NA,NA,NA,NA
"704","L96M",0.0575182892686594,1.23003049621265,1.16087270245017,NA,NA,NA,NA,NA,NA,NA,NA,NA,NA,NA
"705","L96N",0.0297557944731965,0.877870185065894,1.26208261340897,NA,NA,NA,NA,NA,NA,NA,NA,NA,NA,NA
"706","L96P",0.36335237156089,0.608764817846835,1.2980630093902,NA,NA,NA,NA,NA,NA,NA,NA,NA,NA,NA
"707","L96Q",0.0315987843537677,0.381011703080038,1.33078174848854,NA,NA,NA,NA,NA,NA,NA,NA,NA,NA,NA
"708","L96R",0.149025817317466,0.720271862660446,1.16883731646287,NA,NA,NA,NA,NA,NA,NA,NA,NA,NA,NA
"709","L96S",0.0966366755235997,0.635795113333693,1.44487394549122,NA,NA,NA,NA,NA,NA,NA,NA,NA,NA,NA
"710","L96T",0.0125522364120666,0.152688079248642,1.25828200122035,NA,NA,NA,NA,NA,NA,NA,NA,NA,NA,NA
"711","L96F",0.323857236038099,0.921538271499356,1.88614582802587,NA,NA,NA,NA,NA,NA,NA,NA,NA,NA,NA
"712","L96W",0.011685374263097,0.917132785500451,1.40418614178774,NA,NA,NA,NA,NA,NA,NA,NA,NA,NA,NA
"713","L96Y",0.0200307646009872,0.276413091724862,1.59259316471282,NA,NA,NA,NA,NA,NA,NA,NA,NA,NA,NA
"714","L96V",0.1050433976158,1.15012799615826,1.26781223625248,NA,NA,NA,NA,NA,NA,NA,NA,NA,NA,NA
"715","N97_",1.45735217127232,1.5991921865697,3.29049468180368,NA,NA,0.827394795,0.871940784,0.83086413,0.964565631,0.943842478,0.670313885,1.009803774,0.92751192,0.185177167
"716","N97A",0.255560285942044,1.24106631308425,2.53885042239887,NA,NA,0.782264153,0.667194937,-0.143336781,0.853713798,0.684307563,0.96257398,0.834609144,0.663109873,1.097332296
"717","N97D",0.686940934370118,1.55640912752805,2.9967412033297,NA,NA,0.268581701,0.748371935,-0.023777882,0.299989456,0.752577813,0.339001745,0.667620645,0.725299257,-0.220589246
"718","N97E",0.287503077486362,1.49622591039424,3.11579817784669,NA,NA,0.677423151,0.740880651,-0.779058897,0.309208352,0.7420624,-0.24287877,0.98007085,0.771129649,0.652712111
"719","N97F",1.39965934777039,1.62916417627771,3.62388561815335,NA,NA,0.967792451,1.036075027,0.84502538,1.183055281,1.068782515,1.047137845,1.07753131,1.052377458,0.799305592
"720","N97G",1.23496767254829,1.20442499627187,2.86015716077166,NA,NA,0.852221305,0.753410334,-0.521410345,0.82356599,0.711962585,0.754538663,0.844125929,0.722051301,-0.144413239
"721","N97H",0.19646881903812,1.20509752931101,2.73394024415286,NA,NA,0.350052053,0.7480631,0.247807852,0.926825456,0.732484913,0.345810012,0.31628137,0.749561904,0.01530358
"722","N97I",1.08602775496741,1.36108765579398,4.73462192507217,NA,NA,1.024973354,1.102104971,1.340718995,1.297417401,1.077926916,0.750332924,1.012507639,1.112985047,0.719374967
"723","N97K",1.23350487555979,1.30798084228634,2.76373572184866,NA,NA,0.729904927,0.769756338,0.018183181,0.534732899,0.761327857,1.146216321,0.849166504,0.784322019,0.247272324
"724","N97L",0.402332725985838,1.37819834436455,3.21422508446374,NA,NA,0.763730567,0.832997272,0.282698641,0.904332479,0.834233129,0.8037712,0.761053853,0.836542758,0.245609043
"725","N97M",0.191245504961278,0.667475411894925,3.59789465541751,NA,NA,0.480378005,0.859770527,-0.315679705,0.618194145,0.891676982,0.172822588,0.986731075,0.863146954,-0.043060365
"726","N97N",NA,NA,NA,NA,NA,NA,NA,NA,NA,NA,NA,NA,NA,NA
"727","N97P",0.0296655312375119,0.541351439844724,3.21047408053501,NA,NA,1.024365526,0.849063767,0.146582883,0.301184581,0.826663871,-0.643588152,1.056920581,0.856927208,1.434466799
"728","N97Q",0.630882675041645,1.45308643726739,3.0264432749431,NA,NA,1.027996429,0.743811822,-0.729681632,0.943598222,0.770104164,0.347181587,0.709055522,0.739014249,0.865319463
"729","N97C",0.936437377918093,1.43174452400535,3.04788972086507,NA,NA,0.643972962,0.844561093,-0.542231129,1.01242156,0.85606044,0.179671367,0.865987447,0.838676661,0.28259727
"730","N97S",0.835769083582645,1.30698102034934,3.22548703423467,NA,NA,0.772990085,0.819101317,0.326713515,0.785764678,0.823865419,0.567821428,0.898440543,0.810175142,0.567363361
"731","N97T",0.924084896074504,1.34381065901399,3.38185875619437,NA,NA,0.551878663,0.822074042,0.228321866,0.362073413,0.85804806,1.044629278,0.576856796,0.850299151,0.836087058
"732","N97V",0.260386390627441,1.38148236450532,2.70864808892674,NA,NA,0.809452117,0.713804551,-0.659050154,0.719977641,0.701909375,0.586491392,0.805056982,0.706030149,0.077950353
"733","N97W",0.939023033534926,1.23040713077068,3.12715638657126,NA,NA,0.64054987,0.870328574,-0.339537741,0.666169108,0.864405998,0.629760789,0.619094012,0.873742893,0.04175928
"734","N97Y",2.18998940789024,2.15759380207511,3.37914537134695,NA,NA,1.069580006,1.019004158,0.749283277,1.060215228,1.003554588,0.642027949,1.025200592,0.99719907,0.780442453
"735","N97R",0.843788480409113,1.65891076594941,2.97208888146522,NA,NA,0.715371404,0.788037846,-0.594526102,0.908586396,0.782339186,0.081001056,0.971462254,0.805107395,0.143022987
"736","Y98A",0.435195604039401,1.05647389355811,0.79260575929482,NA,NA,NA,NA,NA,NA,NA,NA,NA,NA,NA
"737","Y98C",1.29841614789193,1.06100966391453,0.743457845946949,NA,NA,NA,NA,NA,NA,NA,NA,NA,NA,NA
"738","Y98D",0.76118062088483,0.722006898554148,0.811871438295911,NA,NA,NA,NA,NA,NA,NA,NA,NA,NA,NA
"739","Y98_",2.98831919682536,2.10125895267122,0.869663731185669,NA,NA,NA,NA,NA,NA,NA,NA,NA,NA,NA
"740","Y98F",1.46088336086333,1.69388653467035,1.04468600349467,NA,NA,NA,NA,NA,NA,NA,NA,NA,NA,NA
"741","Y98G",0.326693972158746,0.918350520049185,0.780125023206095,NA,NA,NA,NA,NA,NA,NA,NA,NA,NA,NA
"742","Y98H",0.873171999815247,0.53517621167367,0.619198513690763,NA,NA,NA,NA,NA,NA,NA,NA,NA,NA,NA
"743","Y98E",0.357518009083623,1.2897574118884,0.771683442568506,NA,NA,NA,NA,NA,NA,NA,NA,NA,NA,NA
"744","Y98K",0.295413257588539,0.342618112970313,0.750046246994932,NA,NA,NA,NA,NA,NA,NA,NA,NA,NA,NA
"745","Y98L",0.728344841937288,1.36412892875797,0.84049095075885,NA,NA,NA,NA,NA,NA,NA,NA,NA,NA,NA
"746","Y98M",0.163960843403968,1.68049855245672,0.91954273089909,NA,NA,NA,NA,NA,NA,NA,NA,NA,NA,NA
"747","Y98N",2.26291674877234,0.875562851433402,1.05893395146541,0.335909942273571,0.139177008142646,NA,NA,NA,NA,NA,NA,NA,NA,NA
"748","Y98P",0.495870640949596,0.358284175317797,0.7223772192179,NA,NA,NA,NA,NA,NA,NA,NA,NA,NA,NA
"749","Y98Q",0.134800277338388,0.322705052873974,0.800907098101988,NA,NA,NA,NA,NA,NA,NA,NA,NA,NA,NA
"750","Y98R",0.248956847289876,0.97036137873499,0.765961883742346,NA,NA,NA,NA,NA,NA,NA,NA,NA,NA,NA
"751","Y98S",1.20112586520467,1.17991101110623,0.907304351682785,NA,NA,NA,NA,NA,NA,NA,NA,NA,NA,NA
"752","Y98T",1.34480752804934,0.749289999433057,0.806179384801951,NA,NA,NA,NA,NA,NA,NA,NA,NA,NA,NA
"753","Y98V",0.557269041541415,1.28111553940986,0.789370388958255,NA,NA,NA,NA,NA,NA,NA,NA,NA,NA,NA
"754","Y98W",0.748663714708857,1.1406043519312,0.697782800356126,NA,NA,NA,NA,NA,NA,NA,NA,NA,NA,NA
"755","Y98Y",2.65047139675673,0.920314012111702,1.26003058547617,NA,NA,NA,NA,NA,NA,NA,NA,NA,NA,NA
"756","Y98I",0.201828317832675,0.44184152377322,1.04011525398641,NA,NA,NA,NA,NA,NA,NA,NA,NA,NA,NA
