Mean,signal-bkgd,variant,rep,norm_wt
2860.69,2558.168,F91D,1,0.8814815
2188.915,1886.393,F91D,1,0.65000443
2984.041,2681.519,F91D,1,0.923985208
2503.442,2200.92,F91D,1,0.758382664
2223.508,1920.986,F91D,1,0.661924323
3850.383,3326.511,F91D,1,1.146233518
2149.412,1625.54,F91D,1,0.560120929
3616.729,3092.857,F91D,1,1.065722121
2372.582,1848.71,F91D,1,0.637019799
2759.342,2235.47,F91D,1,0.770287741
2481.264,2277.173,L92K,1,0.784657564
2682.174,2478.083,L92K,1,0.853886187
2199.189,1995.098,L92K,1,0.687461487
3085.255,2881.164,L92K,1,0.992777943
1973.054,1768.963,L92K,1,0.609540952
2544.917,2261.421,L92K,1,0.779229814
2830.202,2546.706,L92K,1,0.877531978
2541.95,2258.454,L92K,1,0.778207459
2155.455,1871.959,L92K,1,0.64503083
3448.759,3165.263,L92K,1,1.09067144
2736.89,2698.215,R93W,1,0.929738237
2876.471,2837.796,R93W,1,0.977834401
2235.39,2196.715,R93W,1,0.756933725
2565.447,2526.772,R93W,1,0.870663214
2083.723,2045.048,R93W,1,0.704673023
2423.52,2107.231,R93W,1,0.726099749
3074.984,2758.695,R93W,1,0.950578151
4501.913,4185.624,R93W,1,1.442262636
1839.488,1523.199,R93W,1,0.524856749
2102.834,1786.545,R93W,1,0.615599275
3909.643,3655.637,WT,1,1.259642207
2402.972,2148.966,WT,1,0.740480599
2663.249,2409.243,WT,1,0.830165624
3690.526,3436.52,WT,1,1.184139902
2778.018,2524.012,WT,1,0.869712186
3868.398,3730.771,WT,1,1.285531528
3302.746,3165.119,WT,1,1.090621822
2515.935,2378.308,WT,1,0.819506187
3399.174,3261.547,WT,1,1.123848528
2448.737,2311.11,WT,1,0.796351416
5427.437,5216.575,WT,2,0.843907573
7310.15,7099.288,WT,2,1.14848208
5714.674,5503.812,WT,2,0.890375127
7049.129,6838.267,WT,2,1.1062556
6460.185,6249.323,WT,2,1.010979619
1935.156,1887.746,L92K,2,0.305388717
2837.279,2789.869,L92K,2,0.451329
2619.976,2572.566,L92K,2,0.416174967
4101.201,4053.791,L92K,2,0.655799049
1948.82,1901.41,L92K,2,0.3075992
1540.19,1517.641,L92K,2,0.245515253
1445.913,1423.364,L92K,2,0.230263661
2082.247,2059.698,L92K,2,0.333206125
1501.797,1479.248,L92K,2,0.239304254
1193.387,1170.838,L92K,2,0.189411454
2135.444,2118.263,R93W,2,0.342680435
1314.932,1297.751,R93W,2,0.209942711
3309.786,3292.605,R93W,2,0.532658745
2991.402,2974.221,R93W,2,0.481152409
1378.484,1361.303,R93W,2,0.220223789
2123.877,2028.561,R93W,2,0.32816896
1555.458,1460.142,R93W,2,0.236213395
1940.818,1845.502,R93W,2,0.298554725
1721.49,1626.174,R93W,2,0.263073099
2385.696,2290.38,R93W,2,0.370524535
1483.727,1318.223,E94P,2,0.213254554
2811.756,2646.252,E94P,2,0.428095466
1687.908,1522.404,E94P,2,0.246285784
1541.994,1376.49,E94P,2,0.222680655
1590.909,1425.405,E94P,2,0.230593843
1753.599,1721.511,E94P,2,0.278496172
2804.739,2772.651,E94P,2,0.448543571
4557.03,4524.942,E94P,2,0.732019155
3744.822,3712.734,E94P,2,0.600624805
2124.785,2092.697,E94P,2,0.338544514
2577.19,1114.16,WT,3,0.668704903
3333.08,1870.05,WT,3,1.122380632
3361.94,1898.91,WT,3,1.139702043
2988.17,1525.14,WT,3,0.915369962
3385.5,1922.47,WT,3,1.15384246
4854.08,3255.38,F91D,3,1.953838379
5468.59,3869.89,F91D,3,2.322659599
4901.93,3303.23,F91D,3,1.982557351
4561.77,2963.07,F91D,3,1.778397571
4723.85,3125.15,F91D,3,1.875675961
2906.01,1369.43,L92K,3,0.821914766
3879.42,2342.84,L92K,3,1.406143279
4046.54,2509.96,L92K,3,1.506446614
4524.51,2987.93,L92K,3,1.793318233
3249.58,1713,L92K,3,1.028121185
3733.41,1831.2,R93W,3,1.099063347
3541.91,1639.7,R93W,3,0.984127441
5758.03,3855.82,R93W,3,2.314214961
3168.88,1266.67,R93W,3,0.760239499
2587.08,684.87,R93W,3,0.411050412
4004.13,2512.45,E94P,3,1.507941081
3030.01,1538.33,E94P,3,0.923286435
3871.18,2379.5,E94P,3,1.428146153
2555.3,1063.62,E94P,3,0.638371427
2994.32,1502.64,E94P,3,0.901865743