,variant,r1tp1,r1tp2,r1tp3,r2tp1,r2tp2,r2tp3,r3tp1,r3tp3,r4tp1,r4tp2,r5tp1,r5tp2,r5tp3,r6tp1,r6tp2,r6tp3
1,Z0Z,155779,43320,264617,144697,152895,244264,70565,130085,89810,179873,201370,99609,73325,21705,136066,101632
2,S88V,4705,1522,7590,2408,3436,5988,1610,2101,2246,3077,2192,2233,886,382,2572,1629
3,S88R,3384,1216,9766,1811,3526,4440,2032,1663,1746,2321,4131,2345,1365,494,2753,1781
4,L63L,5072,956,5425,3133,4955,9495,1554,4081,2053,4226,4861,2922,2232,474,3032,1963
5,S88G,912,423,1660,2521,2009,2002,441,1256,1017,1876,1345,858,619,254,1325,958
6,H72L,3949,599,2811,2234,2792,5075,799,2013,1341,2426,3268,1225,1015,289,1735,1382
7,V85G,1408,603,2859,2357,3091,3164,979,2364,1405,2939,3539,1601,1300,325,1692,1413
8,D84G,1768,363,1041,1915,1203,1112,538,1528,707,1792,2710,883,558,180,887,683
9,E90G,6225,1353,8360,2985,3358,6610,1503,3852,2098,4310,6035,2095,1820,434,3683,2725
10,E86R,479,261,2467,496,877,934,509,434,788,629,1193,353,247,89,605,559
11,L63S,3305,821,5635,4392,3682,4103,1774,438,1362,1238,2124,1690,572,309,2221,1105
12,D84V,1343,279,1499,1798,1241,525,264,748,671,936,1174,698,684,194,844,504
13,E86G,678,151,2453,565,476,1498,146,193,353,368,671,352,341,80,786,438
14,A67G,3465,735,3803,1896,1776,2910,996,1702,1182,2286,2171,1374,840,289,1345,1177
15,D78G,166,36,25,781,333,398,5,18,441,59,955,162,151,36,137,108
16,N80G,2287,557,2410,2370,1800,1741,744,1391,934,1486,3348,1340,937,288,1473,1030
17,V85R,2999,582,5082,1281,2497,3589,969,1767,1391,1893,2540,1346,779,231,1002,1695
18,V83G,2150,393,695,2523,2485,415,773,1523,1762,2112,2877,1474,645,277,1498,990
19,S88L,1946,411,2322,1242,1027,847,551,865,734,1067,1988,670,458,160,1026,566
20,D84S,2587,505,1857,1293,1022,1460,183,1713,381,1873,2293,460,458,146,685,620
21,N80S,3085,884,6127,4437,3442,5754,1980,3904,2087,4723,5775,2095,1287,473,3271,2153
22,L92R,6,1,4,6,8,218,2,3,68,6,5,1,0,1,82,2
23,L92G,0,0,0,0,0,0,0,0,0,0,0,0,0,0,0,0
24,F91S,19,8,400,250,249,59,12,307,75,335,266,42,104,34,102,110
25,N80V,1828,525,1264,3129,1910,1535,783,1143,1128,1250,2385,969,913,236,1679,784
26,H72R,1030,304,825,1238,874,1140,468,1101,402,1064,1196,707,413,152,1004,451
27,S88W,1687,319,2643,846,1280,1770,312,489,319,591,1107,676,708,213,961,996
28,E66R,785,225,678,938,1099,2504,552,347,1199,692,1033,647,697,204,1257,705
29,V68V,1746,524,2982,1962,1520,1734,785,1854,1070,2413,2373,984,844,189,1094,775
30,V83R,218,356,1011,1961,1833,306,745,1071,766,1107,1289,1135,540,209,1195,518
31,F91G,0,0,1,0,19,2,0,217,62,210,230,40,15,6,0,61
32,L96G,2034,301,4247,889,1517,1634,315,818,499,1342,1690,907,369,177,1045,656
33,S88S,1913,459,3323,989,1389,3076,339,1313,567,1749,2500,983,525,179,909,558
34,E87S,1995,332,330,2210,2351,160,689,2229,896,2301,3539,1328,886,194,1389,672
35,S88Y,2082,571,5110,1260,2306,3367,1153,869,1341,1285,1088,1229,740,153,1227,949
36,L63V,3172,495,7122,3736,2904,4928,1936,3853,2876,2769,2919,1599,1017,405,2276,1571
37,N80L,1427,141,1397,1382,1385,1691,347,975,649,1311,1325,686,572,233,1369,904
38,F91L,81,35,610,358,129,155,46,99,51,149,271,86,83,33,79,135
39,H72G,1160,137,2432,1487,1237,490,316,13,523,125,867,633,508,209,597,427
40,E66A,1184,475,2352,1504,1519,2085,632,1676,853,1702,1152,791,388,112,998,671
41,E90R,2173,685,3468,2396,5076,5502,991,1291,1319,2251,3708,2580,2104,453,2639,2251
42,A79S,1513,582,4645,648,1389,1535,1027,961,1084,1027,1980,706,501,169,1187,995
43,A67R,1476,559,2299,958,1588,2382,974,1340,1031,1407,2188,940,1133,159,1431,811
44,V83L,1105,436,1933,1106,1906,1213,216,624,1134,664,1357,1158,831,258,1294,1058
45,A79G,1686,274,3704,1932,1656,2292,471,1741,759,2022,1869,1156,596,154,1236,929
46,N80R,1029,531,1333,1246,1445,549,406,1115,674,1321,1820,986,359,174,1048,702
47,D84L,602,122,448,456,889,297,275,293,438,431,919,395,234,62,492,521
48,D76G,67,155,97,191,302,613,31,183,266,230,302,240,276,53,169,222
49,A79A,1094,304,2433,1548,2061,907,565,1044,585,1350,1478,1009,760,208,1529,622
50,L92V,15,5,19,53,188,36,8,14,13,11,18,104,4,3,15,9
51,V85A,1760,535,3661,1751,1690,2662,567,1127,1100,1391,1611,747,858,276,1649,1331
52,N97G,5985,1653,18135,4744,4341,4863,1746,4269,2214,4156,6057,2568,1919,479,3017,2449
53,H72A,186,279,466,871,1193,1049,200,237,423,400,894,755,571,120,632,590
54,L96R,755,329,548,1041,2206,1018,190,1195,426,1253,1354,1172,635,205,1096,949
55,D89G,5692,848,12046,2364,3723,3691,1199,2214,1680,3549,3485,1926,1439,315,2661,1890
56,V68G,398,185,15,670,920,2916,311,1124,479,1436,1442,613,303,125,655,533
57,L96L,3944,578,5619,1651,2086,2274,905,668,955,1381,1692,1241,791,229,1874,1262
58,E66G,752,208,1543,573,1173,1810,394,1412,550,1840,1389,886,473,132,1110,535
59,D84R,171,177,6,454,649,664,170,615,283,800,1260,432,199,79,207,138
60,A79V,1524,452,1867,978,1000,1317,449,710,510,1046,1413,651,295,156,919,675
61,L74R,1051,386,1613,1256,1403,682,288,899,501,879,1466,643,662,206,979,614
62,L96V,1525,475,3921,1566,1826,2073,1035,1226,917,1494,1919,820,696,266,1008,641
63,E90V,3120,796,4177,1808,2328,4984,1395,3414,1669,3891,3271,1511,866,384,1612,1792
64,E86V,102,179,1506,458,521,1232,521,621,191,693,851,473,189,67,267,299
65,L63P,766,547,2891,1911,1154,4291,1481,2966,2005,3277,1848,1157,600,114,1091,931
66,V68S,800,153,2158,710,1368,4656,646,2099,591,2422,2326,1092,524,115,1108,496
67,V68A,359,452,2766,1482,2033,1132,424,1277,1348,1463,1233,1123,777,246,968,1221
68,Y98R,1691,539,4369,568,1221,274,156,599,333,996,865,702,618,122,815,662
69,F91V,53,44,73,93,413,95,53,51,38,43,84,227,141,24,77,125
70,F91R,0,0,1,113,64,1,81,4,1,14,1,64,8,4,41,78
71,D95G,859,259,1978,957,787,1992,272,808,734,1042,869,661,576,116,799,504
72,E86E,705,418,413,825,1804,2488,368,428,698,650,1149,1031,513,204,823,735
73,A67V,456,232,4258,1157,1622,3188,702,1569,1248,2208,1913,947,1354,197,1382,1089
74,A67A,882,529,1257,1383,1740,2757,1277,1957,344,2545,2259,1008,644,200,1560,730
75,E90A,3290,721,7090,1867,2173,4742,898,1641,1209,1924,3138,1147,1013,235,1106,1329
76,L63G,2353,557,2679,2947,2103,5409,2298,2599,2953,1880,2374,1360,661,416,954,1375
77,Y98G,1273,149,1827,1054,1003,784,250,747,459,864,1523,737,394,119,586,468
78,H72V,922,139,1451,1325,949,1076,691,603,305,933,743,642,297,53,923,268
79,H72S,301,170,971,1332,1157,283,414,860,580,857,1138,626,583,150,436,639
80,L63C,1416,718,8926,1236,2301,2319,1069,2261,650,2409,2097,1777,630,241,915,451
81,L63R,1786,619,1429,882,2652,1705,394,3986,1089,3267,3414,1178,1467,588,1156,1151
82,L63F,268,263,80,6119,2351,11129,3602,5242,2282,3098,3098,1806,1042,522,1917,396
83,S88D,394,225,15,764,1079,453,157,657,350,526,1034,616,371,137,481,494
84,V85L,1169,534,2144,1363,1773,2800,672,1199,985,1309,1897,1131,593,209,773,1068
85,L92S,0,0,0,0,96,1,0,0,0,0,0,42,33,1,44,74
86,H72E,1515,146,169,674,1083,1396,418,720,593,954,699,734,638,89,824,549
87,N70S,1846,291,2164,778,528,597,372,591,161,700,1392,319,345,62,399,346
88,D95V,1261,226,2671,706,839,1422,494,304,903,446,1347,505,205,102,950,370
89,D84C,922,131,1330,1096,529,176,388,791,564,829,1132,308,200,55,659,314
90,V68L,1108,207,429,1029,916,2488,535,81,423,126,623,488,304,105,621,413
91,D77G,3636,634,2732,2428,2238,3097,873,1977,2153,2647,3023,1210,890,267,1301,1196
92,E86S,15,3,87,238,277,378,155,30,628,121,233,239,167,44,302,148
93,G81V,1007,125,555,327,446,373,116,361,270,429,1299,191,193,50,448,167
94,A67S,1164,271,2450,1050,635,736,151,1384,383,1829,1495,473,266,69,431,451
95,E94G,23,16,47,33,104,45,12,36,17,45,50,21,10,24,97,153
96,V68R,941,243,326,750,606,3929,680,1155,257,1382,1352,445,371,79,727,340
97,E86A,766,214,839,1414,734,638,366,267,352,349,909,384,483,108,763,277
98,S88A,203,122,999,543,894,1930,538,649,1050,670,924,440,414,164,931,585
99,N97V,8291,1546,14838,4371,3728,4682,1391,1952,2071,3286,4998,2013,1323,364,2846,2222
100,S88F,707,468,2784,168,964,640,550,313,588,521,1442,584,606,101,666,715
101,N97L,6693,1889,13219,3018,3402,3536,1782,4067,2242,4456,5038,2467,1226,375,2925,2417
102,D95R,1058,423,948,810,460,990,284,473,548,593,735,469,191,7,571,174
103,L92T,181,0,0,1,0,0,44,0,0,1,0,0,0,0,0,2
104,N80T,1894,399,1086,2359,1993,3112,1295,1150,1084,1023,1682,1191,706,359,1307,1005
105,N80D,1535,230,1212,1318,2479,2920,861,2170,850,2776,1870,1493,754,174,1805,1253
106,S88M,271,38,13,289,230,930,221,575,456,675,1089,166,161,14,146,119
107,E66V,1735,192,1665,1117,280,759,467,797,518,734,1100,242,328,74,645,369
108,N80K,1445,442,1263,2347,2270,1928,1120,1473,907,1195,1641,1137,1087,334,1394,945
109,D78R,2,0,0,530,3,258,0,0,70,0,146,37,0,12,163,138
110,F65L,387,199,720,810,621,870,171,756,371,817,730,380,383,137,631,677
111,N80Y,1806,416,1842,1537,1831,1058,685,547,445,728,2329,1045,722,246,904,623
112,V83S,1098,190,932,1622,442,378,351,141,326,89,1281,308,376,33,527,331
113,E87G,1196,297,593,1766,1814,442,290,252,597,662,675,1217,707,101,1061,572
114,E86L,574,62,414,26,478,322,150,664,177,624,669,296,180,31,285,55
115,A79L,1885,321,1494,732,1423,1665,438,503,659,670,1076,518,502,147,1406,661
116,D89V,4203,991,8293,2398,2225,4461,2433,2663,2688,3404,4683,1870,1157,385,1874,1318
117,L92C,0,1,0,0,106,0,0,0,0,0,0,67,88,8,0,0
118,S64G,1045,184,4903,804,2059,1599,933,309,739,752,721,897,355,266,642,551
119,A79D,1056,319,2783,1583,1065,2421,631,1151,798,1317,784,439,665,263,698,688
120,N80A,1852,155,64,1229,1189,1201,380,804,175,1138,1171,682,477,115,570,572
121,S88C,965,217,869,525,653,935,221,559,186,742,647,327,280,96,598,374
122,A79R,378,87,1212,616,1128,1153,361,862,756,972,1026,572,483,158,1002,449
123,E94R,0,0,0,0,89,0,0,0,0,0,131,35,9,6,59,31
124,L96S,1495,125,790,1330,666,992,621,572,449,912,1585,284,323,66,622,657
125,S88H,329,139,753,711,937,2133,206,382,170,529,742,358,334,68,600,431
126,N97S,8747,1433,11616,2931,2538,4524,1947,2032,1278,2256,3997,1721,1383,358,2490,1895
127,D84Y,1143,143,770,176,324,90,22,765,419,1011,920,252,67,27,177,107
128,V83A,485,267,458,502,808,503,287,812,330,856,746,450,488,106,540,268
129,L74S,986,198,1671,898,837,1305,453,596,587,775,966,573,387,74,697,741
130,E87V,1303,245,1163,1228,1594,779,844,406,738,880,1139,760,556,168,758,523
131,V85S,1292,204,1824,763,1220,1131,213,822,344,880,769,487,575,141,1052,648
132,H72P,466,88,1807,1323,987,386,237,752,660,551,846,801,305,71,920,611
133,D89S,4716,1224,6193,2505,2308,4179,1085,1721,1664,2546,3023,1543,1180,269,2147,1829
134,N80C,653,75,380,1772,974,1884,500,781,584,1116,1599,612,377,128,833,577
135,D89R,2451,605,2920,1134,1459,2962,871,1557,547,2093,2104,895,829,126,1430,923
136,G81S,1194,38,565,922,630,593,213,263,317,311,353,314,261,55,626,266
137,D77V,2164,395,4780,963,1558,3575,746,1554,894,2019,2869,841,555,183,1198,855
138,S88E,495,79,342,201,466,317,215,649,73,714,734,412,260,55,263,303
139,G81R,29,123,45,534,338,103,136,592,139,599,1058,196,163,47,170,153
140,Y98L,1380,248,3844,563,938,2894,406,675,328,756,815,359,245,87,664,275
141,L74L,991,245,843,829,1144,1686,240,499,364,725,1137,647,542,115,1208,619
142,F91M,0,63,10,1,1,0,76,74,0,22,140,24,0,0,0,1
143,F91W,2,8,3,2,246,400,12,457,52,435,366,99,128,4,68,32
144,Y98S,2094,396,3552,606,704,2919,418,326,500,342,776,353,215,67,413,469
145,L74A,1047,229,914,640,792,1399,223,241,708,488,1292,464,289,80,581,473
146,L92A,0,12,0,0,1,0,0,0,0,0,0,0,0,0,0,0
147,E90S,2819,973,5479,874,2308,3313,1020,800,321,912,2132,1108,965,256,1900,1229
148,L92H,0,0,0,0,0,0,0,0,0,0,0,0,0,0,37,37
149,D84A,277,183,705,617,607,868,162,454,478,522,745,363,211,109,604,193
150,N80F,523,189,69,1120,736,1187,220,833,422,782,1370,593,607,202,928,586
151,S64R,714,69,1127,695,692,1063,1035,189,199,112,336,418,138,56,514,281
152,R93G,320,13,37,56,151,47,12,255,16,240,234,58,102,20,86,112
153,L63I,4866,419,1598,1859,1862,3089,732,1361,1489,1765,856,819,927,246,1647,309
154,F91D,1,37,317,0,83,0,77,0,0,0,0,54,18,9,86,0
155,D82G,1414,193,1617,144,163,360,20,294,210,424,515,139,29,31,62,67
156,A67L,1674,234,2223,1087,896,2409,509,890,307,821,1139,470,571,85,799,426
157,L74T,893,2,8,372,784,1392,83,168,480,265,844,410,269,73,409,364
158,N80I,566,225,1823,2265,889,885,508,752,273,721,2074,559,345,75,631,543
159,S88P,291,65,496,557,387,522,115,275,175,357,728,350,164,43,297,161
160,D95W,680,95,1325,169,599,161,272,686,335,845,667,418,269,83,582,385
161,N80M,1365,338,604,845,1247,275,251,328,229,424,1324,775,403,122,528,571
162,L92I,1,0,382,0,87,2,1,0,0,29,0,23,1,16,11,2
163,L74V,177,288,469,201,987,1237,117,759,140,839,1165,571,209,95,414,348
164,D95S,1385,110,1614,816,692,834,420,359,392,532,275,517,368,66,871,407
165,S88_,2311,380,2267,597,1562,2281,406,1462,731,1724,1550,977,352,161,1032,365
166,S64S,345,206,2185,386,117,40,138,474,140,475,527,52,243,77,223,366
167,S88K,224,167,972,93,439,861,217,468,46,479,640,300,130,52,274,226
168,V83E,1229,86,631,863,814,558,322,378,161,371,679,526,135,58,652,327
169,H72_,2189,324,1944,575,1556,2536,549,926,580,770,1532,631,472,173,903,735
170,M75R,1850,349,1269,1856,1985,3013,1114,1401,803,1769,2402,1522,925,267,1338,898
171,D77A,2971,489,3839,1164,1717,3098,628,1762,1143,2740,2676,1234,382,294,802,1089
172,D89L,1918,808,4563,1694,2500,3492,413,1058,794,1595,1924,1655,1027,198,1808,1311
173,H72Q,626,70,1300,311,582,383,394,369,184,612,862,334,243,104,400,567
174,V85W,1342,314,22,179,1404,1276,776,1313,883,1654,1776,808,439,160,995,636
175,K73T,1048,333,2407,1078,947,1512,248,689,802,876,1167,609,263,123,515,644
176,E87F,1335,252,867,1665,1773,545,509,914,645,1162,1853,940,704,187,1125,758
177,E87D,670,115,1178,1203,425,432,259,458,170,508,1075,257,340,115,467,586
178,Y98A,1537,168,1153,32,622,467,70,1223,32,1008,1794,384,258,56,533,539
179,G81G,520,144,214,793,637,721,250,331,250,467,591,363,262,108,483,380
180,L92L,103,38,146,101,132,145,65,79,107,100,258,60,61,18,200,86
181,F91C,2,0,6,13,10,10,1,21,8,20,21,31,3,2,5,57
182,Y98V,1303,248,2957,708,912,584,295,293,369,557,1091,314,233,106,694,412
183,A79C,854,200,2133,274,620,881,549,955,1012,1337,1440,489,306,127,564,594
184,E86W,107,2,487,324,177,718,78,437,213,541,224,215,37,28,346,69
185,D84T,814,254,2190,337,402,316,346,653,545,833,975,287,215,43,191,314
186,L63Y,1153,265,2577,3263,2345,4728,960,39,436,359,655,676,978,340,1467,1115
187,D84E,950,129,549,499,427,601,206,249,405,295,568,318,89,95,505,209
188,M75L,2072,517,1677,2205,1899,3029,457,2075,528,2673,2068,1142,808,304,1590,888
189,E66T,1790,235,704,387,863,726,1,672,552,938,1833,470,202,132,699,172
190,G81C,80,66,75,256,416,334,206,503,43,732,725,259,67,32,322,254
191,D84I,5,3,118,546,120,657,54,4,8,17,372,162,51,17,66,92
192,E66L,1850,215,2176,740,1101,2514,68,436,91,549,1491,530,329,105,723,374
193,L96A,1539,212,872,491,656,359,198,54,643,191,695,423,344,76,455,209
194,N80E,1018,118,12,1132,1067,850,290,1010,372,1412,700,479,416,197,813,381
195,E87L,893,59,31,784,931,69,139,71,666,134,744,586,205,54,608,402
196,N80_,2095,385,3527,1074,1583,4093,861,2488,138,2999,2645,1008,469,249,1247,762
197,A79P,67,130,503,609,807,527,155,795,135,710,430,358,367,126,563,201
198,D78E,55,20,101,64,109,82,98,287,52,213,278,55,31,37,88,67
199,A79F,1096,267,2782,677,863,867,307,1496,352,1836,772,493,207,25,485,426
200,E90T,2836,784,3262,1166,1737,2552,402,1845,326,1877,1907,1033,467,242,929,1099
201,L74P,879,201,158,1200,870,2064,280,1080,410,1167,1074,527,232,109,719,430
202,F91T,0,0,1,156,72,1,0,1,0,0,150,0,16,8,43,0
203,E86T,71,14,2173,67,107,475,168,272,2,312,242,116,88,20,3,128
204,A67E,1021,207,4092,1016,598,1556,534,340,487,646,840,292,475,138,846,540
205,H72D,1772,216,1827,880,1277,865,360,1216,428,1127,1685,763,413,121,779,648
206,H72W,168,103,584,462,549,304,47,147,23,264,423,181,150,57,396,116
207,S64V,747,269,1,1268,350,2,0,1,881,67,583,259,193,27,114,7
208,N80W,475,30,778,1138,378,521,172,442,206,549,860,344,127,52,387,342
209,D78A,387,40,1013,120,350,429,174,89,112,81,216,133,145,28,117,244
210,V68W,534,147,1031,244,515,746,1,754,45,985,414,354,92,37,221,184
211,N97R,5940,1251,12668,1980,3443,4278,1917,1556,1657,2276,3012,1699,1134,398,1795,1574
212,A79T,839,191,1900,673,498,743,396,307,615,383,588,460,269,68,432,429
213,L74G,282,109,1594,690,681,612,170,395,245,566,665,246,395,106,1070,384
214,V83W,548,173,15,374,960,272,182,163,277,173,959,269,623,158,692,465
215,V68C,2,189,20,5,465,587,246,326,392,245,612,244,157,56,402,231
216,E90L,3159,503,5201,1588,1625,2604,321,1836,1284,2150,2920,771,883,246,1064,1175
217,E86K,31,44,66,240,636,713,134,534,280,483,679,158,155,83,418,191
218,E86_,59,58,466,586,472,794,362,235,230,332,452,229,253,71,508,433
219,K73G,2361,412,3535,655,1229,1426,497,966,174,1222,1766,677,438,131,852,600
220,R93L,292,40,366,238,130,328,75,0,47,0,193,83,67,5,118,97
221,V83C,345,1,11,869,385,558,221,6,427,87,558,179,255,85,634,182
222,L92Y,0,0,0,0,1,0,0,0,0,0,0,0,0,0,0,0
223,H72T,15,221,17,193,887,458,18,312,247,374,360,550,499,150,826,451
224,S88I,351,162,2093,453,245,72,551,424,842,357,727,84,115,35,266,412
225,D84K,453,153,761,380,525,306,106,331,199,262,183,192,175,80,266,170
226,F91Y,79,32,41,21,86,659,8,18,13,37,75,33,30,3,25,54
227,L92M,34,7,44,35,37,354,14,33,17,17,24,15,17,6,100,86
228,D78S,1,2,3,7,81,333,0,0,2,1,2,3,1,7,44,56
229,E66M,753,255,1268,439,1024,1129,191,329,502,370,604,638,471,57,694,388
230,E66S,510,187,428,616,682,644,287,521,394,449,236,308,134,55,324,396
231,E86D,556,51,126,150,467,798,117,96,261,143,82,336,207,73,470,112
232,L74Q,974,123,913,513,705,996,328,981,788,997,688,559,347,142,596,398
233,H72F,794,274,2396,782,955,1224,413,866,264,1037,939,512,222,87,471,205
234,E90M,1616,405,1849,1363,1386,2125,469,980,541,1342,1214,727,712,206,1004,1099
235,D84F,389,58,310,869,566,5,193,388,8,548,613,113,279,50,243,325
236,R93S,77,28,107,77,156,108,43,62,42,76,105,97,31,20,153,54
237,R93V,272,34,295,3,182,0,0,0,0,47,445,78,67,16,0,96
238,D77R,1170,232,2506,507,996,1607,424,603,541,816,1632,534,334,73,581,599
239,D89N,3471,683,4703,1737,1428,3149,771,671,802,1107,2949,610,528,200,1640,1268
240,D84N,920,287,847,530,707,702,111,619,238,620,659,343,293,85,545,170
241,D89E,1202,390,2659,1579,1242,2646,842,1553,981,2273,2813,756,706,183,1052,916
242,D89C,2923,276,4430,1225,1092,1079,354,941,1324,1127,2158,663,591,137,735,800
243,E66K,677,347,2763,347,695,944,205,1191,426,1011,1517,475,239,67,348,297
244,F91K,1,102,0,0,297,0,82,0,65,0,0,98,161,82,213,225
245,E66Q,658,85,50,518,297,1325,772,1175,596,1593,1220,280,161,48,315,151
246,K73V,677,352,2661,762,1451,2018,388,1459,545,1564,1482,905,579,154,1384,841
247,E94V,27,11,46,32,45,61,17,312,21,414,251,37,19,3,81,31
248,V85V,1178,169,376,1577,945,1530,331,403,589,586,991,661,526,165,773,358
249,F91P,2,2,0,34,0,277,0,224,0,287,213,27,21,7,0,3
250,G81L,307,4,474,245,194,21,293,504,133,622,988,166,77,38,160,187
251,F91A,0,1,1,161,40,272,0,0,60,14,72,29,25,0,12,65
252,D89I,1384,925,2694,1647,3075,4150,507,1950,1006,2664,1824,1514,923,255,1586,886
253,E86C,255,111,13,7,444,754,76,9,67,54,92,194,121,45,94,84
254,D84W,201,79,2,320,466,287,117,51,211,120,604,160,244,57,402,32
255,E90W,1055,507,2314,561,1171,757,371,981,1294,1431,1407,880,554,196,1246,702
256,K73L,855,247,958,1308,1791,2018,338,639,475,832,1177,1053,468,119,1214,732
257,V68K,300,76,8,626,223,1189,252,1121,191,1467,1463,172,113,74,492,319
258,D82V,194,55,81,181,88,933,25,319,299,275,516,63,58,17,162,37
259,E66P,763,119,513,378,549,1389,336,590,259,421,833,424,230,49,229,377
260,E87C,741,66,331,715,642,242,155,117,196,165,1149,348,239,101,395,255
261,Y98P,896,63,3130,168,218,1,183,3,0,83,350,140,280,44,336,154
262,F91H,226,0,0,0,0,1,0,2,0,1,212,32,16,6,19,0
263,R93R,28,60,298,32,115,255,12,180,86,147,235,68,63,29,137,63
264,L63M,6,1,2635,47,84,4357,845,2910,595,1481,800,282,214,39,824,447
265,D89Y,3377,472,3360,1161,1009,1944,668,1242,660,1517,3037,913,419,114,1059,735
266,E86H,166,117,78,182,209,312,70,3,121,20,209,253,42,22,220,25
267,D84M,1,35,0,329,274,22,0,3,214,22,83,142,178,69,172,106
268,Y98T,897,295,1260,194,179,1221,225,58,130,137,979,141,223,20,243,199
269,L96F,1174,179,536,1213,1013,1482,688,648,619,448,940,676,395,135,817,610
270,M75G,792,185,1969,2276,1470,2084,674,1342,711,1765,1734,946,426,141,1247,890
271,E90_,2081,572,6344,983,956,2323,848,1009,683,1311,1772,502,588,155,766,566
272,A67Q,161,128,2992,554,688,2270,355,47,330,225,741,413,448,171,810,387
273,D76E,36,12,64,67,72,110,187,54,35,51,405,29,54,14,66,63
274,L96C,1542,291,2915,849,585,1487,368,189,286,223,649,414,324,82,465,615
275,N80H,348,127,702,1633,698,577,199,47,214,116,534,526,330,75,737,366
276,V83V,69,197,316,717,619,1132,578,944,456,1005,833,544,253,94,536,499
277,E87_,1216,548,3535,2110,2266,2662,774,596,478,897,2146,1308,896,222,1057,756
278,D89F,2446,406,3520,969,1315,3600,981,670,1036,1229,1913,584,517,145,1131,830
279,H72H,887,226,865,849,881,637,194,471,405,612,222,373,334,90,454,409
280,A79W,280,63,1389,559,421,931,185,315,208,352,377,184,386,58,242,318
281,L74K,434,106,800,579,604,1622,85,38,424,165,378,290,300,97,452,267
282,L92_,0,0,0,0,0,0,0,0,0,0,0,0,0,1,0,0
283,V85P,228,46,1270,695,546,626,107,75,317,142,437,246,281,45,528,494
284,M75S,1857,489,3060,1108,1267,709,739,813,776,1355,1086,629,830,214,1201,1097
285,F91E,0,1,3,0,3,1,1,0,0,0,0,0,0,0,2,32
286,L63T,5,98,227,863,721,1548,1,600,232,924,1525,329,113,83,540,205
287,K73A,822,410,1894,870,927,1438,192,886,728,1259,1277,580,322,104,636,515
288,L96W,432,109,1684,436,547,281,408,1124,401,1146,1015,395,328,75,460,303
289,L74M,423,204,1645,720,547,844,53,817,162,637,679,234,154,123,489,356
290,V83T,638,141,1485,0,552,1,104,377,174,325,1667,309,216,57,317,231
291,I71R,713,299,1856,1279,922,489,462,743,891,1067,1672,713,305,157,690,538
292,L63H,775,184,2724,663,1610,317,387,107,312,333,137,1084,669,132,786,518
293,A79I,810,136,2413,165,483,766,380,514,245,623,1315,269,180,26,432,248
294,A67_,593,67,1546,253,381,635,364,46,134,58,514,251,134,54,347,425
295,D76V,29,26,60,374,105,116,200,29,25,104,155,40,57,16,243,73
296,A79Y,30,61,45,395,228,1153,488,527,219,420,201,128,156,19,276,165
297,D95C,897,70,2905,412,366,1182,111,530,32,392,714,139,105,23,340,192
298,Y98C,679,163,81,47,560,288,192,340,174,484,695,314,173,14,265,206
299,E66N,1,79,3,381,282,587,234,113,132,107,434,118,114,56,379,143
300,D95D,812,137,1042,399,745,1522,169,300,220,464,352,393,121,68,456,254
301,L63Q,76,33,60,405,990,9,14,18,130,18,277,637,108,66,118,425
302,K73R,683,160,485,858,476,1306,752,624,719,771,712,293,159,55,330,396
303,Y98_,1875,376,3640,492,1183,1557,227,178,697,384,779,671,269,107,856,503
304,A67K,1421,377,1561,727,508,2419,489,297,491,626,1209,172,208,55,592,319
305,L92K,0,0,0,0,0,0,0,0,0,0,0,0,0,0,0,0
306,D76S,0,0,3,289,174,1,1,193,110,189,97,133,156,42,55,255
307,E87T,507,231,1,369,920,839,341,313,292,320,665,263,428,118,548,438
308,E90D,3806,422,3468,3035,1889,3371,1241,2467,1602,2010,2179,1372,583,374,1196,1024
309,I71L,1078,134,196,929,699,1533,359,709,222,639,1037,462,218,171,407,190
310,D76L,0,0,0,409,133,0,66,237,179,272,425,116,1,14,112,117
311,D77T,721,339,3889,1206,1235,2281,661,495,460,483,557,659,758,111,894,799
312,A79H,639,180,1217,563,283,274,227,246,285,353,930,281,138,59,328,59
313,D78V,23,11,45,31,31,50,10,275,129,365,41,31,8,4,28,33
314,D76R,1,0,0,0,167,0,0,6,134,10,148,63,44,3,124,32
315,L63N,2976,474,3595,803,775,3656,788,458,227,299,816,380,520,87,764,259
316,D84_,237,77,420,451,212,522,30,375,205,333,727,85,87,18,82,181
317,I71G,428,221,1547,445,895,878,432,560,296,782,746,498,497,105,722,414
318,L92N,0,0,0,0,0,0,0,0,0,0,0,29,0,0,0,0
319,D89A,1175,364,1551,983,859,1356,529,248,566,558,849,583,387,138,542,410
320,G81A,37,70,50,897,508,359,112,167,148,185,535,220,221,115,600,408
321,K73D,651,265,1697,387,1079,1583,339,316,835,613,792,633,468,134,415,746
322,L63W,1,332,5,845,1968,3398,1285,3109,660,2596,1654,1030,667,479,1468,1294
323,V83M,214,182,932,876,751,684,82,463,376,479,793,468,356,132,641,220
324,G81D,34,84,46,449,355,60,111,180,192,184,248,212,206,39,159,316
325,L92Q,21,6,30,15,19,37,12,23,7,21,30,18,13,2,25,11
326,E86P,224,53,374,3,224,4,76,1,3,0,214,199,35,15,116,65
327,D82A,372,4,41,236,76,20,5,9,2,5,80,31,21,4,44,54
328,N80Q,292,96,823,1353,760,19,334,321,336,370,744,343,181,80,509,246
329,F65Y,299,79,1146,202,226,58,20,34,140,72,409,125,74,8,258,131
330,V85E,987,31,495,178,794,1778,618,934,257,906,870,418,328,119,608,554
331,A67T,674,161,1026,378,248,1188,194,547,259,667,456,270,169,43,450,167
332,H72Y,303,129,149,685,346,430,293,440,405,566,634,253,218,62,288,145
333,Y98E,532,99,705,221,618,230,325,713,186,488,727,327,263,68,728,166
334,D78W,0,19,0,0,35,318,0,0,0,14,77,31,37,3,35,34
335,D95T,3,10,2,793,424,5,160,723,113,752,1049,290,141,43,335,214
336,E66W,250,64,901,437,189,495,63,812,119,712,323,204,170,45,324,173
337,F65F,32,30,39,294,49,249,29,21,17,36,35,38,46,4,108,39
338,G81E,291,78,204,446,392,522,101,239,0,315,248,237,158,40,244,127
339,L96P,618,114,397,371,538,304,69,265,162,359,414,241,279,45,214,209
340,D95A,230,72,1622,456,263,487,138,309,484,373,13,246,62,21,343,99
341,N97K,2409,650,6267,599,1405,2040,350,674,726,1046,1635,728,567,206,1310,989
342,V68Q,432,147,680,207,238,2330,440,245,73,303,390,236,83,38,410,303
343,S64C,572,41,4680,53,57,92,25,43,158,251,660,35,190,146,176,415
344,L96I,68,157,490,830,888,394,195,665,295,683,577,556,337,92,279,435
345,N80P,805,155,1001,338,714,239,404,496,268,497,1216,391,198,98,213,176
346,D89M,453,430,3820,622,1241,2825,166,554,700,812,850,605,434,87,859,487
347,D76T,0,0,0,78,1,1,76,309,1,329,635,15,13,14,0,62
348,D78N,227,13,25,18,261,278,174,16,181,51,395,165,96,12,259,13
349,L92W,0,0,0,0,0,0,0,0,0,0,0,1,0,0,0,0
350,S64W,1843,239,5661,1,511,618,205,564,7,592,179,376,250,70,888,87
351,E86M,3,2,1030,16,65,2,73,5,1,107,7,97,23,11,1,79
352,D82E,31,11,466,169,121,53,14,29,19,36,180,109,91,19,225,119
353,R93W,28,4,46,220,45,34,89,45,22,52,339,65,9,20,82,123
354,E86N,210,26,457,13,346,27,73,330,294,236,81,232,169,10,134,101
355,E87R,35,160,778,718,879,257,24,556,530,868,482,463,380,151,329,303
356,E90P,531,29,1015,270,890,351,58,743,283,998,406,528,217,99,366,210
357,E90H,502,172,1828,561,888,1108,479,25,863,136,869,685,487,70,731,272
358,V85C,135,84,733,449,517,589,156,6,103,148,295,175,188,32,320,136
359,L74E,231,57,63,459,487,1383,565,286,146,418,570,278,211,60,546,227
360,V83I,512,151,1412,253,594,1630,423,231,124,290,1106,443,263,43,564,445
361,H72C,441,1,9,382,394,970,261,444,1,401,1015,282,204,68,195,281
362,E87Y,807,96,28,388,810,428,160,535,94,647,1027,478,347,131,492,278
363,H72I,488,171,1698,709,909,452,320,648,110,773,382,332,122,45,390,198
364,V68M,5,14,2,310,430,16,97,51,2,84,93,242,343,28,209,3
365,L74_,428,51,854,298,170,974,12,266,115,320,431,143,7,26,112,193
366,E87I,837,90,464,1168,565,903,144,903,365,1109,1232,325,514,89,903,334
367,D77E,600,147,3351,619,757,166,586,1303,552,1717,1752,514,320,77,578,623
368,Y98K,622,69,27,460,158,40,83,1,177,3,539,199,249,20,49,49
369,V83K,843,63,13,196,632,508,124,742,299,782,1065,264,156,53,444,178
370,E94A,245,4,25,21,84,28,40,15,191,17,355,8,33,5,98,64
371,E90Q,1593,296,2683,449,1030,1709,317,721,503,1037,1189,706,396,108,1032,407
372,D77S,1194,267,3613,737,769,1394,556,1474,504,1336,1767,314,512,139,890,539
373,V68E,270,65,991,435,255,281,199,571,1,593,362,188,134,41,227,145
374,D78L,1,18,0,196,101,0,0,0,0,27,1,69,46,8,51,148
375,V83D,223,87,4,367,115,2,563,343,265,363,255,55,71,25,239,2
376,D82R,479,0,0,260,51,1,180,0,105,2,185,40,0,1,25,1
377,L92P,40,51,75,33,110,69,26,33,28,80,146,93,154,21,278,34
378,D84H,469,30,15,128,209,16,108,252,135,234,831,121,67,19,189,70
379,A79N,109,99,61,459,345,546,150,819,590,596,399,199,304,13,382,236
380,G81I,6,11,443,160,376,317,6,375,130,417,576,169,55,15,49,71
381,F91_,0,1,1,1,4,1192,4,0,4,0,79,7,29,1,1,45
382,L74H,27,54,342,215,657,975,149,289,23,410,516,426,160,115,262,93
383,L63D,26,75,3113,342,568,1133,539,6,260,135,624,223,239,39,105,8
384,D76C,0,0,0,11,1,0,0,11,0,17,0,1,0,0,0,42
385,A79_,671,180,69,745,509,1158,95,499,338,443,295,201,140,14,252,177
386,A67P,49,141,936,437,847,273,290,314,173,367,343,515,264,99,593,218
387,G81W,164,40,0,233,132,161,152,298,230,241,234,72,95,16,59,80
388,Y98W,222,90,504,350,157,336,90,530,175,605,546,188,147,62,199,71
389,E66_,208,264,1644,252,375,438,83,150,160,206,94,337,240,53,601,226
390,E86Q,16,29,42,200,124,52,191,8,173,17,35,55,94,19,233,90
391,L63A,1039,202,2862,156,692,967,90,1220,61,1229,245,447,272,151,353,573
392,N97A,3341,706,4576,791,1004,1466,319,436,1435,637,1537,816,373,92,541,645
393,E87A,1231,125,1060,802,745,45,192,287,101,377,976,394,203,50,556,225
394,V83_,761,279,1403,692,1254,1291,463,1089,459,1190,1006,527,462,256,954,590
395,D84P,4,9,4,3,210,5,2,190,6,113,471,209,101,29,177,93
396,R93P,329,39,0,100,42,1,1,0,1,0,202,14,0,0,22,1
397,V83Q,547,31,9,537,324,939,209,280,5,380,483,327,150,82,187,350
398,H72N,308,139,202,380,924,488,209,794,244,844,535,452,231,104,385,323
399,E86Y,100,27,558,286,139,38,174,43,152,63,342,68,53,21,85,163
400,E87E,79,277,1074,645,1804,353,414,539,276,949,985,1057,944,292,1216,861
401,A79M,1288,160,1053,348,583,259,137,288,59,350,117,216,133,84,327,126
402,N97W,1705,667,7035,1618,1209,2477,518,1028,398,1579,1317,687,626,195,809,607
403,E87K,690,69,556,1311,749,627,117,512,543,708,758,437,226,63,457,204
404,I71V,372,70,888,635,676,1077,215,468,380,688,754,352,198,47,421,261
405,L96E,427,45,743,614,347,179,81,910,476,909,770,237,55,14,464,123
406,K73S,341,178,418,1025,1199,3417,241,483,786,889,383,534,553,201,1431,480
407,S64A,883,29,1155,612,93,3,2,7,228,147,326,248,91,55,314,442
408,D89W,2914,561,2775,229,788,2435,465,425,649,639,870,486,363,104,769,821
409,D95E,278,44,130,100,489,754,278,94,201,144,121,305,118,39,310,236
410,V85M,592,62,1313,1382,698,1421,348,150,361,189,864,402,264,52,470,415
411,F65G,209,50,191,31,161,589,197,63,184,102,417,154,95,47,284,127
412,H72M,152,120,12,285,740,31,15,261,195,233,339,402,148,32,194,123
413,E94M,0,0,0,0,49,0,0,0,0,0,1,0,0,4,0,0
414,F91F,20,4,24,15,23,27,81,10,8,20,17,15,10,10,16,41
415,N97Q,4414,257,6833,1363,1025,3532,884,967,700,1044,2454,790,276,140,989,778
416,A79E,30,59,1010,182,297,385,317,445,334,580,252,325,95,15,36,179
417,F65W,0,3,5,7,107,327,8,4,139,9,12,19,19,9,0,2
418,E66D,59,42,381,311,235,377,25,453,231,488,757,225,72,28,189,212
419,S64L,600,173,1677,879,629,929,187,2,277,1,366,195,100,34,281,192
420,V68F,288,80,543,275,98,411,9,22,7,54,20,8,47,10,77,123
421,D76I,0,0,0,0,30,0,63,0,0,1,68,75,15,3,33,0
422,F65R,0,33,304,174,135,3,0,456,105,408,577,66,22,2,0,98
423,L63_,18,119,22,173,1155,11,639,2994,869,3319,1553,654,570,36,667,941
424,N97Y,3893,714,5063,2602,2472,4703,1176,1925,1468,2326,3357,1422,1128,292,1857,1521
425,K73E,751,490,2171,1953,742,2272,468,520,496,928,1423,556,680,143,994,743
426,L92F,0,0,1,0,4,0,0,0,0,1,1,0,1,0,1,0
427,R93A,0,35,0,131,50,100,0,0,181,49,0,27,21,26,99,91
428,V85D,796,77,1079,680,443,1551,379,757,204,882,661,190,189,45,217,30
429,G81M,0,1,0,249,74,1,71,507,66,737,219,103,49,30,15,118
430,M75V,1390,445,2513,1271,789,933,157,532,330,1017,789,344,239,95,352,483
431,L63E,2836,238,1361,1693,961,15,349,246,804,288,1091,430,256,127,505,739
432,D95_,1258,123,2157,452,281,570,22,16,535,111,811,261,198,58,252,303
433,D76A,95,25,126,244,146,565,103,112,73,102,68,117,31,20,55,81
434,V85Q,1109,127,1248,173,560,301,570,401,729,537,854,364,232,41,226,119
435,F91I,18,6,51,24,68,39,20,20,16,31,26,53,12,6,49,13
436,Y98D,193,31,895,151,174,187,79,16,138,75,210,90,44,34,272,222
437,D76_,162,87,433,4,3,270,293,3,7,7,76,3,27,0,2,14
438,L92E,0,1,0,0,0,0,0,0,0,0,0,0,0,0,0,0
439,F65I,732,118,35,50,144,364,7,31,71,33,249,23,47,27,22,135
440,L96T,2,24,2,855,115,274,305,2,244,2,196,164,84,16,357,90
441,E86F,241,2,18,375,116,245,66,117,8,71,197,103,23,6,31,62
442,K73_,742,366,2438,588,1044,2245,648,1423,506,979,770,554,452,112,701,684
443,K73W,434,129,725,723,767,2063,260,1111,660,1057,966,462,387,71,445,416
444,L74I,608,139,712,130,172,1442,131,198,130,168,755,100,84,4,221,163
445,V68T,0,6,1401,241,58,327,159,321,123,459,151,57,22,20,136,63
446,R69A,784,447,2288,1515,1688,2675,318,1186,877,1244,1178,865,723,191,1091,1105
447,D78Y,20,45,36,122,39,73,13,44,18,20,119,40,92,34,71,217
448,E94E,20,6,40,15,36,40,9,31,12,38,43,27,16,7,52,25
449,D76W,0,0,0,245,35,1,0,0,0,0,0,53,0,3,92,24
450,L92D,0,0,0,0,0,0,0,0,0,0,0,0,0,0,0,0
451,N97D,1308,487,2864,1193,1350,2758,649,1655,924,2183,1988,887,618,195,1379,767
452,D77L,9,105,5,157,426,1287,247,326,621,439,512,280,112,56,675,220
453,V83P,3,23,13,511,231,626,59,10,268,6,173,109,90,32,239,81
454,A67W,460,79,366,335,403,1091,2,221,632,342,188,213,115,33,373,315
455,L74D,806,204,218,194,142,2475,93,1166,283,1464,1330,108,116,25,262,216
456,D84Q,227,46,0,138,338,2,73,1,1,14,213,299,97,8,145,122
457,G81Y,24,6,1043,370,322,33,10,12,3,24,79,102,64,19,56,134
458,G81N,314,64,735,107,542,0,94,0,0,0,232,255,120,71,234,176
459,L74F,250,123,702,478,422,544,2,5,10,178,316,338,136,26,113,93
460,V85_,1000,71,925,104,637,678,18,22,248,229,535,330,192,60,229,254
461,L96M,894,301,1068,421,399,822,267,267,261,283,652,173,152,56,443,350
462,D82S,2,89,759,205,103,10,116,1,188,1,1,4,99,30,207,180
463,L74C,1918,167,700,506,1134,824,67,1,254,365,853,326,174,118,274,144
464,E87N,1501,254,637,1788,1385,1156,281,1153,572,1643,1256,959,243,174,643,653
465,L74Y,279,108,405,266,50,293,87,170,4,166,292,215,119,29,150,96
466,D89_,2101,221,3675,1342,1195,2122,963,813,484,1342,1620,518,470,120,458,609
467,V83F,245,49,68,432,401,97,62,463,12,566,352,409,179,57,127,96
468,F65E,2,21,519,491,447,18,57,0,79,71,379,237,86,49,119,194
469,R69S,275,172,2237,493,646,119,301,80,226,404,258,415,400,78,318,274
470,V85T,504,174,1034,404,664,805,346,282,345,400,441,288,109,50,400,389
471,K73K,744,279,2132,629,594,733,236,294,264,362,488,359,141,88,570,445
472,L74N,4,51,940,542,270,611,101,507,198,424,678,85,195,86,455,136
473,F65V,22,8,304,92,60,16,255,168,77,100,33,18,28,6,51,77
474,R93Q,154,2,320,0,23,0,0,0,60,0,66,13,0,0,1,49
475,D76N,21,36,30,17,78,267,7,8,90,21,42,39,34,6,28,71
476,N97_,3183,640,3338,823,1158,2074,617,1237,869,1389,1462,757,474,99,879,758
477,S88Q,174,62,252,61,2,2,1,315,1,355,259,50,2,27,49,3
478,G81F,512,59,41,263,319,34,49,28,47,33,582,117,128,27,167,37
479,D89H,923,304,1035,1103,566,750,238,1131,261,1362,641,295,163,88,430,416
480,D95Y,57,44,119,104,269,117,36,328,75,215,547,194,210,69,127,310
481,S88T,531,105,465,141,507,819,246,92,253,153,260,252,174,31,388,190
482,V85F,938,247,1171,431,926,599,191,223,361,526,553,497,348,158,616,646
483,D82L,624,44,475,122,272,4,1,1,273,80,135,88,133,11,244,63
484,E90K,1218,88,1159,379,500,380,37,480,125,489,1307,201,322,87,456,248
485,K73M,527,163,875,347,781,1066,82,337,314,516,470,455,213,74,259,360
486,S64I,32,121,78,500,631,667,15,33,15,45,28,307,471,111,468,282
487,F91Q,2,23,0,0,35,1,0,1,0,0,0,0,33,1,0,0
488,V68P,713,149,1047,68,428,491,199,5,343,53,279,171,353,73,221,184
489,N97E,2216,382,5400,689,979,2234,842,761,935,1242,1461,593,299,124,565,285
490,D76K,0,21,0,0,71,5,4,258,113,276,269,48,22,0,77,91
491,D78I,1,0,0,55,0,0,0,0,0,0,0,6,41,0,34,0
492,G81T,13,0,8,282,75,1005,76,0,0,42,196,47,20,20,242,53
493,D78T,0,0,0,103,0,1,0,0,0,0,1,0,0,4,0,0
494,V68H,1,82,5,24,263,22,234,1,11,5,236,98,78,69,66,260
495,R69L,44,65,560,330,102,72,24,58,293,148,338,145,222,56,347,131
496,E94D,22,17,49,38,131,48,17,236,20,132,299,89,67,17,52,93
497,Y98Q,4,92,593,189,149,111,1,64,99,152,40,59,84,10,123,122
498,E87W,1,46,10,396,582,1251,126,15,157,100,345,156,276,51,307,68
499,R69R,1009,247,1767,1005,464,1104,224,438,527,617,713,298,364,87,457,328
500,M75A,285,144,6,1010,582,533,585,167,266,264,996,404,397,87,472,417
501,F65N,275,13,419,347,162,6,125,1,322,53,416,69,0,1,79,118
502,D89T,1154,147,2639,300,873,1481,442,251,339,303,787,550,308,85,303,421
503,L96Y,790,91,17,107,186,702,0,11,176,13,198,221,66,15,266,30
504,N97M,1232,467,2285,1348,1930,1199,320,30,373,118,783,1043,670,171,849,770
505,S88N,31,13,81,36,75,106,286,33,24,51,68,47,61,9,67,101
506,R93E,0,0,0,0,77,0,0,129,1,109,133,17,17,0,44,0
507,M75I,361,36,688,779,670,601,162,467,325,428,589,324,290,56,414,312
508,L96D,725,40,1705,301,420,271,55,273,192,297,279,303,135,35,308,295
509,E66C,2,0,0,79,133,1292,8,354,149,542,398,104,75,17,118,115
510,N97I,2622,565,4585,1156,1520,3743,705,1413,756,1403,1652,974,681,193,818,586
511,G81_,861,173,1586,248,665,1134,217,264,224,301,388,471,137,22,322,45
512,Y98N,199,172,977,499,247,60,80,110,130,170,91,249,194,54,307,234
513,D95M,364,34,333,596,84,202,198,6,260,94,275,84,73,13,33,85
514,S64K,0,0,2,0,169,1100,0,21,1,0,4,86,0,31,2,48
515,R93C,1,1,1,1,1,84,1,3,0,1,91,15,0,4,42,24
516,L96_,761,188,2871,456,321,1562,74,612,206,680,619,185,83,16,230,377
517,D76M,0,0,0,1,0,0,0,0,0,0,2,0,0,4,0,1
518,S64_,1,1,11,1,156,0,348,4,32,173,0,69,29,2,155,78
519,D95L,85,41,436,410,213,23,130,11,19,14,405,160,250,37,349,97
520,N70R,0,0,0,0,0,0,0,0,0,0,0,0,144,17,97,37
521,K73N,1269,261,1295,625,673,596,536,256,361,255,463,455,214,84,547,288
522,I71A,6,155,689,609,346,620,170,708,228,884,868,338,117,52,186,114
523,S64E,134,1,549,916,911,0,0,1061,108,249,246,282,246,26,479,689
524,N97F,3839,509,2756,896,1694,1179,675,700,870,657,1445,934,830,177,900,864
525,R93F,0,0,0,185,0,0,16,151,56,215,233,21,32,11,73,37
526,F65D,138,35,0,291,184,134,0,1,129,1,166,192,52,16,266,35
527,S64T,40,22,72,48,243,84,40,49,246,132,210,88,111,11,117,215
528,E94L,0,0,0,1,0,263,0,0,4,0,1,0,15,0,0,15
529,V83N,109,75,383,473,321,1,169,34,62,3,949,128,138,33,287,86
530,E94W,0,0,0,0,0,0,0,0,140,0,58,24,6,0,1,10
531,M75E,649,179,1839,1103,836,846,300,30,341,154,735,321,344,70,554,576
532,R93T,463,156,828,30,46,15,4,6,3,53,222,51,44,6,5,6
533,Y98M,536,116,1799,136,595,707,141,134,360,177,257,241,162,59,462,415
534,L74W,208,113,9,9,271,352,89,2,1,2,523,203,49,10,1,82
535,D82N,18,13,35,314,200,300,5,14,172,136,19,116,77,14,171,55
536,M75W,706,157,6,782,458,343,321,490,172,391,670,286,193,99,344,109
537,L96H,286,20,1548,171,195,270,7,22,41,60,157,143,93,15,95,147
538,F91N,0,4,0,0,8,0,1,0,2,0,0,0,2,0,1,3
539,D77F,450,195,2178,955,555,1340,538,270,170,594,632,297,216,107,590,566
540,E94S,3,0,0,0,5,1,0,0,0,0,3,1,0,2,1,1
541,A67H,930,70,1667,6,191,128,381,1,45,58,399,155,106,29,452,389
542,D78K,220,30,0,190,17,0,0,0,0,0,1,0,0,0,33,0
543,D82T,1,1,1,78,107,570,0,0,97,0,0,29,102,5,231,67
544,V68Y,267,40,1417,133,385,4,96,140,2,110,164,207,94,18,65,109
545,S64M,1,0,1,752,368,3,0,0,2,0,93,46,64,0,202,320
546,G81K,401,26,0,161,180,0,101,1,1,36,274,111,48,4,86,73
547,N70A,0,0,0,0,0,1,0,0,0,0,0,0,51,2,1,0
548,A67M,5,24,8,284,56,289,0,480,169,553,453,127,31,36,63,127
549,D95I,568,210,846,879,428,958,86,657,145,843,656,297,172,31,584,108
550,E90I,476,197,2061,450,339,621,233,937,326,976,772,202,174,97,189,104
551,D82W,424,0,378,1,0,0,0,0,1,0,120,55,28,0,89,90
552,D77H,28,97,520,33,258,440,155,575,207,697,702,146,82,31,181,119
553,V68D,26,23,60,421,479,333,124,181,183,307,519,213,70,41,302,130
554,D77W,757,158,29,95,931,302,536,168,265,237,644,383,340,71,468,295
555,D76Q,206,1,0,3,5,0,1,16,2,11,206,22,19,0,0,5
556,S64N,30,10,46,42,346,48,13,22,13,27,404,59,196,8,305,198
557,D76P,64,27,0,67,8,0,1,341,0,164,160,101,0,1,0,20
558,K73I,1249,180,678,676,667,465,145,43,63,313,973,353,268,102,631,192
559,E87M,245,1,49,444,655,7,1,188,117,342,514,203,145,66,327,93
560,Y98F,582,238,1237,181,277,932,40,493,185,569,365,116,118,56,282,173
561,F65S,13,25,31,302,379,39,11,29,94,42,36,94,61,15,67,90
562,R69H,1082,109,697,826,862,991,328,54,182,221,894,487,281,80,580,319
563,E87P,1,15,1,297,298,502,21,367,17,291,243,141,218,76,498,36
564,K73C,972,49,397,464,458,319,131,637,108,693,1229,481,297,28,354,487
565,K73Q,616,65,19,58,279,29,14,30,124,41,242,222,106,54,201,172
566,L96K,222,22,264,394,140,1,0,1,10,48,123,77,62,14,72,102
567,E94P,0,28,0,0,115,0,0,0,0,0,0,53,20,1,42,0
568,A79K,20,29,496,193,318,729,191,14,143,15,168,145,54,17,155,2
569,E94Q,10,5,21,5,9,16,1,8,6,10,13,5,10,2,7,3
570,M75K,1187,248,3393,675,1361,1077,369,1197,986,1209,1347,555,467,107,681,801
571,S64Q,1,0,0,1,1,1,1,0,0,0,360,63,2,1,28,0
572,K73Y,26,190,1330,285,312,355,87,432,275,357,472,123,150,5,356,181
573,N97T,2277,468,5071,716,821,544,221,836,348,894,1054,446,246,114,222,191
574,D82Y,41,20,46,40,42,74,14,27,22,37,91,18,133,31,219,136
575,D77Y,858,164,1298,291,575,886,181,347,190,423,305,431,100,41,401,325
576,D78_,0,1,0,1,0,0,0,261,0,118,160,123,37,0,0,57
577,D78P,1,0,4,122,1,9,2,1,0,1,2,2,38,0,148,1
578,V68I,21,51,53,25,311,34,8,143,158,204,191,88,84,12,185,51
579,D78Q,325,0,0,8,75,2,0,0,0,0,1,47,66,0,6,1
580,F65C,14,59,540,743,322,21,201,12,221,19,21,189,154,28,72,228
581,R69G,380,127,32,185,664,928,85,485,148,680,669,410,221,60,336,331
582,E87Q,202,25,75,140,331,86,31,17,112,15,169,76,202,23,304,68
583,V68_,242,27,12,179,162,366,90,269,55,284,164,50,117,5,104,140
584,L96N,340,130,720,125,354,539,1,182,441,172,203,127,121,22,275,288
585,E86I,4,55,46,6,2,6,10,320,3,375,321,55,95,41,33,78
586,R69W,70,52,77,1405,1272,841,221,991,525,1599,1071,709,657,147,596,842
587,R69V,508,116,1835,658,1080,15,237,738,203,1007,760,567,191,83,500,183
588,D77Q,469,107,345,290,50,12,136,1001,248,1280,1190,94,85,48,336,244
589,D95F,14,32,531,278,208,19,232,350,237,296,418,133,201,35,228,157
590,V83H,3,65,335,315,209,8,32,533,4,669,470,204,150,109,289,226
591,N97C,1273,401,1933,1390,829,1214,423,566,333,690,1265,512,324,120,952,523
592,G81Q,0,24,0,240,450,0,0,292,0,255,560,227,175,36,254,142
593,N70G,0,0,0,0,0,0,0,0,0,0,0,0,0,0,0,0
594,E66Y,4,21,2,98,152,171,82,0,132,1,148,64,21,5,229,95
595,D77P,24,22,470,604,597,139,211,404,459,745,570,464,153,48,164,145
596,F65_,16,0,23,14,7,7,3,6,2,6,3,33,1,0,35,40
597,D95Q,22,25,47,9,392,313,97,298,149,278,130,211,157,23,277,60
598,F65M,1,3,1,1,16,1,1,238,19,79,3,19,16,4,163,87
599,D82C,4,0,10,3,3,0,68,0,2,0,2,19,10,8,68,58
600,K73P,99,51,6,185,404,1103,178,31,120,28,162,284,101,41,271,174
601,I71T,358,128,483,218,274,1004,229,409,286,602,345,166,32,37,106,144
602,E90C,504,79,16,197,212,738,9,224,147,268,224,95,55,32,57,121
603,R93K,38,6,29,20,34,39,9,16,12,65,53,31,5,4,68,15
604,L96Q,5,30,7,77,222,0,92,583,174,545,934,138,21,11,96,47
605,V83Y,6,17,8,138,310,303,175,5,3,2,126,33,77,25,186,95
606,A67I,2,0,506,305,136,3,154,62,28,97,53,215,131,19,296,282
607,M75T,425,160,325,253,662,920,253,64,221,118,618,465,104,47,260,127
608,A79Q,13,65,19,184,418,466,80,103,76,121,84,186,67,16,125,36
609,G81H,205,31,0,6,126,2,1,5,0,0,439,5,1,2,67,1
610,D76D,78,21,106,56,58,284,28,45,35,89,104,56,71,19,119,115
611,S64Y,0,0,2,0,59,0,4,1,0,113,0,0,0,0,0,122
612,D89P,226,93,812,335,310,279,93,496,88,498,238,75,27,43,200,247
613,F65Q,0,0,285,121,139,1,1,3,80,79,2,0,27,0,64,40
614,Y98Y,1071,160,706,327,52,390,27,49,77,167,454,38,82,21,114,146
615,I71D,2,0,3,5,174,279,172,315,74,334,461,83,108,22,89,78
616,E66I,0,31,3,83,69,7,1,2,268,1,10,40,53,8,81,28
617,D77N,40,37,307,129,154,47,11,178,267,170,58,84,121,10,53,24
618,A67C,3,16,70,61,23,4,92,3,0,1,169,40,32,15,1,158
619,H72K,38,17,40,30,92,73,89,41,46,16,98,34,15,14,28,89
620,E94F,0,0,0,0,0,0,0,0,0,0,0,0,0,0,0,0
621,I71S,221,90,39,20,33,293,110,287,75,81,302,77,18,25,9,46
622,G81P,4,25,3,290,66,6,107,1,11,35,6,37,42,9,166,68
623,D89Q,790,116,2024,532,556,644,78,556,266,582,545,331,290,67,496,94
624,K73H,6,11,1063,323,140,685,123,455,339,498,560,147,107,12,197,245
625,I71I,93,77,131,327,387,139,263,75,128,141,153,180,142,42,389,112
626,D89K,250,114,696,256,764,1162,157,751,329,1016,1199,465,212,42,367,182
627,E94_,30,11,48,33,41,55,17,22,72,62,40,17,72,17,106,84
628,R93M,54,119,108,60,142,104,103,73,30,54,60,87,49,20,148,49
629,M75P,271,92,1,626,275,879,117,231,20,402,241,192,123,41,264,223
630,F65K,598,43,22,80,132,310,98,371,80,448,2,128,19,4,94,92
631,Y98H,31,10,196,549,111,77,9,21,20,45,159,52,77,42,37,87
632,R69E,3,77,3,1,246,351,184,662,221,619,1204,162,259,31,354,114
633,F65P,0,0,0,189,34,0,207,618,0,471,613,53,16,8,92,1
634,I71P,233,38,5,632,127,497,243,9,51,105,361,133,108,13,61,89
635,V85K,2,64,1,21,202,2,4,130,275,188,1,84,30,21,138,51
636,M75Y,290,57,558,220,406,598,3,378,123,363,657,289,90,50,246,336
637,D76Y,34,52,75,205,49,237,27,39,31,89,174,27,78,32,288,138
638,A67F,1,21,682,1,95,751,86,0,21,41,0,92,47,22,57,168
639,K73F,747,362,1681,633,456,1669,257,440,278,624,638,326,114,29,213,306
640,A67D,8,4,511,133,214,24,13,344,88,330,127,89,108,46,349,212
641,D82P,198,0,0,0,0,3,0,232,0,152,179,0,0,0,1,0
642,F65T,270,90,0,0,17,0,0,0,152,14,32,0,0,0,0,35
643,D95K,528,81,798,165,124,458,7,215,5,223,240,189,80,6,52,19
644,D82_,88,0,4,86,85,252,1,7,0,21,1,9,0,3,1,2
645,L63K,398,0,2,420,181,14,282,495,105,545,596,21,239,18,66,224
646,R69K,260,78,376,195,366,520,2,540,10,513,305,250,135,37,141,185
647,N70K,27,7,24,27,22,37,9,20,9,18,20,29,10,6,23,23
648,S64D,2,0,1,11,22,1,0,9,446,134,1,1,0,0,3,4
649,F65A,1,1,0,2,0,288,99,53,135,24,0,33,1,1,0,0
650,E66H,6,137,9,1,9,329,59,3,1,6,59,0,2,5,3,48
651,V68N,1,57,1116,16,267,3,1,298,130,317,252,144,103,0,127,96
652,E90N,496,132,1055,284,114,279,51,287,219,289,443,38,24,10,169,229
653,N97H,487,237,379,284,375,643,241,852,134,1143,940,305,93,27,161,168
654,D95N,168,80,984,587,171,524,272,567,74,393,316,95,85,30,131,91
655,D95P,0,0,1,0,0,0,4,266,0,136,2,39,11,3,62,1
656,M75Q,19,149,483,395,407,540,210,236,193,585,389,185,107,52,219,369
657,N70V,0,0,0,0,0,0,0,0,0,0,0,0,0,0,0,0
658,V85I,13,0,23,157,194,463,5,35,128,91,439,102,2,9,166,7
659,D82H,6,3,6,5,3,327,124,545,1,538,72,5,39,5,5,82
660,A67Y,41,106,10,20,271,8,55,528,252,688,660,85,50,21,97,181
661,I71E,18,31,534,151,387,469,149,239,194,302,210,206,22,30,290,54
662,R93D,0,0,0,0,0,0,0,0,0,0,0,0,0,0,1,48
663,V85Y,499,0,287,139,202,593,133,4,119,2,78,108,24,11,99,0
664,M75C,3,65,470,327,163,532,80,325,127,600,478,81,133,11,61,86
665,D82I,9,1,1,1,42,1,3,0,340,59,1,53,0,0,38,76
666,D82F,1387,41,9,14,155,2,28,206,69,202,101,131,26,15,68,4
667,S64H,2,0,1,168,0,0,170,0,0,0,589,1,328,59,330,0
668,E87H,8,1,2,360,127,6,3,300,147,380,302,139,28,11,64,1
669,N70W,1,0,0,0,1,0,1,0,0,1,0,0,0,0,0,0
670,I71F,269,7,378,81,191,39,9,17,11,70,34,122,55,22,234,46
671,E94I,0,0,0,0,0,0,0,0,0,0,0,0,0,0,0,0
672,D78F,1,0,1,1,0,0,75,2,0,0,0,2,1,1,0,4
673,I71N,132,7,58,213,306,1264,28,563,104,344,584,174,58,42,146,117
674,E94Y,0,0,0,0,2,1,0,0,0,0,0,0,0,0,0,56
675,Y98I,149,95,1079,213,204,30,5,5,11,19,23,77,128,32,98,45
676,N70L,0,0,0,0,0,0,0,0,0,0,0,0,0,0,0,0
677,M75N,394,29,15,1164,742,469,270,232,225,573,454,336,285,38,308,228
678,M75_,493,166,260,226,811,2133,309,352,305,532,437,418,315,35,473,620
679,I71W,1,7,3,0,0,486,0,0,0,0,179,16,1,5,21,16
680,?99?,170,52,319,176,195,325,80,160,92,168,203,141,88,27,212,126
681,M75F,2,51,3,275,330,7,77,3,54,5,26,132,70,38,23,23
682,N70M,0,45,0,0,0,0,0,0,0,0,0,0,0,0,0,0
683,E90F,15,31,482,5,113,18,123,270,4,190,258,48,66,18,155,22
684,N70T,5,0,3,2,4,3,0,2,1,4,7,3,1,0,0,1
685,E94T,0,0,0,0,8,0,0,0,0,0,1,0,0,0,0,24
686,I71M,11,2,421,27,48,53,14,17,8,26,16,44,27,7,67,14
687,D77I,3,39,2,148,299,137,48,259,110,501,79,67,81,19,215,8
688,D82Q,0,0,0,0,0,0,86,0,0,0,118,0,0,0,1,42
689,D82K,0,0,0,0,1,6,0,0,0,0,0,1,1,0,69,56
690,N70P,0,0,0,0,0,0,0,0,0,0,0,0,0,0,1,0
691,S64F,0,32,66,260,22,1,0,570,0,436,157,137,1,0,28,41
692,D78C,0,0,0,60,0,11,3,0,0,1,1,1,1,1,2,1
693,E94K,47,52,70,286,156,321,20,33,23,45,68,38,61,11,80,48
694,D82M,331,45,0,0,0,0,91,0,0,30,6,0,0,0,0,41
695,E90Y,25,86,41,26,339,1229,102,265,9,277,103,246,95,35,67,182
696,F65H,0,0,3,194,1,405,108,375,148,154,355,24,1,0,33,36
697,R93_,0,0,1,0,0,0,1,0,0,0,0,0,0,8,0,0
698,R93I,3,0,1,5,35,205,3,11,2,10,7,2,19,7,7,2
699,I71C,661,105,368,247,309,7,4,457,0,555,508,146,90,0,31,76
700,D77M,1,29,0,42,240,800,101,2,183,18,94,175,146,31,50,167
701,S64P,2,0,0,234,250,1,0,0,3,0,82,0,65,37,3,0
702,E66F,237,56,0,0,129,4,59,1,69,1,60,81,115,23,134,34
703,N97P,6,134,1134,1,384,1,84,558,72,343,325,355,120,76,109,296
704,D77C,374,8,289,1,192,281,81,143,154,164,508,159,70,14,236,91
705,I71H,0,18,2,124,57,889,73,201,1,239,249,62,0,0,1,84
706,R93H,0,0,1,1,0,0,0,0,0,0,0,0,0,0,0,0
707,V85H,5,62,301,112,232,2,64,262,33,334,78,179,103,23,165,69
708,E94N,0,0,0,5,1,8,0,1,0,0,0,0,0,0,0,0
709,D78H,26,8,35,31,33,38,14,24,21,23,15,19,10,8,17,28
710,E94C,0,16,0,0,70,0,0,0,0,0,0,0,41,5,70,7
711,M75H,203,21,9,11,73,449,93,5,6,6,39,18,33,14,3,1
712,R69T,131,23,5,0,0,1,1,1,1,1,16,0,26,0,32,49
713,R69C,342,25,75,87,167,368,319,55,239,71,419,175,43,11,191,71
714,R69_,1,1,632,0,35,280,2,2,1,2,3,114,37,20,2,36
715,D76F,0,0,0,0,10,0,1,0,2,0,2,0,27,0,0,1
716,R69P,1047,37,63,145,260,941,393,466,89,446,828,151,213,72,428,239
717,M75D,3,32,738,531,207,506,67,326,53,393,242,215,131,8,219,72
718,D76H,208,2,25,16,22,27,84,20,14,17,12,16,22,7,55,40
719,N70E,0,15,2,0,0,0,0,0,1,1,0,0,77,33,86,86
720,R93Y,0,26,0,0,0,0,0,0,0,0,0,0,0,0,0,0
721,R93N,1,0,0,0,5,0,0,0,0,0,0,0,0,4,0,0
722,I71_,6,47,283,137,38,214,77,0,0,3,2,21,16,3,91,74
723,D78M,0,0,0,0,0,0,0,0,0,0,0,0,0,0,0,0
724,D95H,21,40,23,113,81,392,86,370,220,386,271,74,29,10,71,38
725,N70I,21,9,37,18,20,37,7,19,14,24,32,13,13,8,19,20
726,I71K,6,68,502,5,10,455,79,6,5,57,7,2,11,0,2,36
727,N70N,27,6,28,13,13,23,7,21,9,24,28,14,3,1,11,18
728,N70Q,0,0,0,0,0,0,0,0,0,0,0,0,0,0,0,0
729,I71Q,2,0,194,2,154,5,67,3,0,2,4,109,66,3,0,25
730,D77_,374,42,17,12,95,15,3,6,421,92,80,56,24,7,110,6
731,N70D,31,5,73,27,17,43,14,26,17,32,44,13,11,4,28,23
732,R69I,433,32,10,172,172,20,50,281,131,89,370,44,23,9,306,26
733,N70C,0,0,0,0,0,0,0,0,0,0,0,0,0,0,0,0
734,E94H,0,0,0,1,1,7,0,31,0,0,0,0,0,0,1,0
735,R69F,0,32,7,81,133,1338,72,2,145,37,3,86,66,8,42,125
736,V85N,1,0,3,170,46,2,1,0,58,1,145,55,38,5,45,25
737,N70F,0,0,0,0,0,0,0,0,0,0,0,0,0,0,0,0
738,I71Y,2,2,2,3,29,2,0,0,92,1,2,39,15,1,40,8
739,D78D,33,4,51,30,33,56,18,28,19,41,45,23,15,3,30,14
740,N70Y,21,9,20,18,10,25,4,18,8,11,16,7,6,4,16,8
741,A67N,7,12,9,7,79,9,4,0,130,160,3,136,2,0,45,49
742,R69D,2,1,0,3,40,278,82,14,5,33,80,59,33,8,33,0
743,D89D,28,8,47,31,26,40,14,26,13,35,37,18,16,4,21,18
744,L63?,0,0,2,0,1,4,1,0,2,0,1,0,0,0,0,0
745,D77D,37,4,62,32,27,62,15,27,29,38,37,20,10,5,30,21
746,E90E,59,5,41,43,49,281,8,31,23,27,32,19,20,7,17,51
747,D77K,1,2,3,2,8,8,3,2,4,3,2,1,3,2,54,76
748,D84D,18,1,35,35,26,35,8,17,16,30,27,14,14,5,23,11
749,R69Q,3,0,0,2,64,5,31,4,1,6,2,9,3,6,3,4
750,R69N,8,2,3,11,13,16,0,16,0,6,5,4,3,1,2,6
751,R69M,0,12,448,1,0,2,1,0,155,95,0,0,98,61,133,1
752,D82D,55,14,100,48,56,82,36,41,29,69,75,45,30,7,56,36
753,E66E,31,8,37,17,14,47,12,20,21,89,36,17,18,2,32,12
754,N97N,17,5,22,12,19,17,8,14,12,25,12,6,4,1,13,8
755,N70H,1,0,1,1,1,2,0,1,0,2,3,1,0,0,0,0
756,N70_,59,5,28,20,9,15,10,16,4,16,19,8,7,3,5,8
757,N80N,29,12,35,35,39,38,21,24,18,32,31,21,19,7,31,22